split,rows,n_classes,malignant_rate,missing_age,missing_sex,missing_site
isic_train,21531,8,0.3687241651572152,0.01732385862245135,0.0,0.0
isic_val,3800,8,0.3686842105263158,0.016842105263157894,0.0,0.0
isic_test,8238,8,0.5933478999757222,0.03957271182325807,0.0,0.0
milk_external_val,5187,9,0.6641604010025063,0.003663003663003663,0.0,0.0
