epoch,epoch_seconds,train_loss,val_loss,val_balanced_accuracy,val_macro_auc
1,358.7968502044678,1.2220066921792134,0.9895539813292654,0.662716009938449,0.9216396207065056
2,362.4440190792084,0.7831663254865241,0.8184643411636352,0.7082760421226668,0.948839761457611
3,350.01653718948364,0.569020945356137,0.8362546228107653,0.7104201618108257,0.950555231199607
4,354.3709716796875,0.40440425945097347,0.7631880226888155,0.7584201930565866,0.9500186724981433
5,364.31726837158203,0.29644774828933373,0.8738534427943982,0.7387016803243523,0.9537240687314532
