epoch,epoch_seconds,train_loss,val_loss,val_balanced_accuracy,val_macro_auc
1,463.69330406188965,1.2266937934717272,0.9662445203881515,0.672085503049288,0.9280360205340215
2,421.3180696964264,0.775595654940108,0.8222876094516955,0.708304222986915,0.9507417087843737
3,423.7205777168274,0.5449266933978482,0.8773553474325883,0.7177323317501414,0.945751156737359
4,420.90795254707336,0.40055443380239264,0.7779074480659083,0.7543547219361512,0.9542757606165767
5,422.1450424194336,0.2892691630543615,0.8628166483577929,0.7397227135246529,0.9534472239496568
