epoch,epoch_seconds,train_loss,val_loss,val_balanced_accuracy,val_macro_auc
1,354.07260155677795,1.2181572547321462,0.9406991001179343,0.6654301700070582,0.9326304993085224
2,351.2439134120941,0.7705469881960609,0.8277975027184737,0.7021775474623889,0.9522410974572608
3,354.4536488056183,0.5524292743508878,0.885009748810216,0.6973374947061002,0.9473354604332072
4,352.64028000831604,0.38424560428634624,0.7552862177397075,0.760605686018428,0.9620430997834362
5,358.2815752029419,0.313221590212554,0.8363095464204487,0.7239370096498827,0.9564394056457834
