epoch,train_loss,val_loss,val_balanced_accuracy,val_macro_auc
1,1.2334524523746253,0.9799312553907695,0.6568931558853762,0.9238541440972123
2,0.7970484066350578,0.8052905470446536,0.7193442917797321,0.9528905787534059
3,0.5627437798495543,0.8232641898958306,0.7363236885732982,0.9481666094504235
4,0.39829839874335965,0.7903262267614666,0.7396674993935262,0.9496941378123714
5,0.3102143348290382,0.9811607097324572,0.6927170015082056,0.9433122106356842
