epoch,epoch_seconds,train_loss,val_loss,val_balanced_accuracy,val_macro_auc
1,330.16358947753906,1.3782684676663022,0.9364560654288844,0.6648772226603327,0.9328451555964989
2,332.18081998825073,0.8255842015999159,0.7920113694040399,0.7190710521026146,0.9463702874319257
3,328.57432746887207,0.6153311039511057,0.7288629275874088,0.7376722844646717,0.9549086623281127
4,327.8811435699463,0.47292430672918634,0.7769516381464506,0.7365435289955055,0.9566825460169648
5,338.4336681365967,0.3857111665559299,0.7723722654894779,0.7547331721149687,0.9585481594836469
