epoch,train_loss,val_loss,val_balanced_accuracy,val_macro_auc
1,1.3429899057156698,0.9616564308969598,0.6629541624291775,0.9291665279873391
2,0.8308307976354199,0.7731666237429569,0.730045556524202,0.9491410233771187
3,0.623469421160514,0.7634089501280533,0.7414955605552092,0.9534773987883121
4,0.4680074769966358,0.7374720338771218,0.753841290413137,0.9608290630438265
5,0.37150580494991053,0.8117641800328305,0.7280685814055914,0.9594465567762931
