epoch,epoch_seconds,train_loss,val_loss,val_balanced_accuracy,val_macro_auc
1,316.2783989906311,1.3429668272213189,0.9616976507086503,0.6628331280247913,0.9291785620839441
2,316.1701292991638,0.8307989089732928,0.773266818523407,0.7304241222023397,0.9491233560041038
3,314.8549048900604,0.6234016552775797,0.7645441386574193,0.7423693432875107,0.9533921053058834
4,317.32731223106384,0.46795125415624034,0.737320322864934,0.7525657797022358,0.9608470345604859
5,325.32959389686584,0.3715269047657748,0.8136731623348437,0.7285040708502579,0.9594390805693742
