epoch,epoch_seconds,train_loss,val_loss,val_balanced_accuracy,val_macro_auc
1,332.1384119987488,1.3403874431726774,0.9560735785333734,0.6603402321742868,0.9296214455600408
2,328.58027362823486,0.8357468635448704,0.7875177392206694,0.7308090913345153,0.9476878555625581
3,327.13876366615295,0.6236664345734938,0.7617742721658004,0.745401201900922,0.9529240176830855
4,331.0244162082672,0.4617814681903279,0.7517749099982413,0.760012301411142,0.9591323627158684
5,328.49811029434204,0.36402459199349607,0.7777669930458069,0.7530048148469144,0.9611138123715945
