epoch,epoch_seconds,train_loss,val_loss,val_balanced_accuracy,val_macro_auc
1,344.6861343383789,1.318731098576787,0.9815786399339375,0.6598558668261882,0.9321917714506381
2,331.7737486362457,0.7868868510149851,0.8092704539549979,0.7261634667850878,0.9494613039972911
3,332.7073793411255,0.5074672937520531,0.8493164166651274,0.7313978201635062,0.9515158585603629
4,340.073278427124,0.34261312381787484,0.9589138704852054,0.7055540941074925,0.9495725765891937
5,344.8970868587494,0.23028109814793649,0.9495555432219255,0.7243674037907757,0.9558666409467451
