epoch,epoch_seconds,train_loss,val_loss,val_balanced_accuracy,val_macro_auc
1,427.89196705818176,1.295046466862207,1.0363887824510274,0.6473044072198272,0.9185558672781428
2,412.9369947910309,0.7890458991139883,0.8803040151847036,0.6869112649153687,0.9465496822769657
3,406.9957718849182,0.48660119115616995,0.7842748019569799,0.7245358689284842,0.9601201973722671
4,407.4520139694214,0.34172508249955647,0.7689779394551327,0.7428905305568005,0.956807321929474
5,404.78199315071106,0.255271843350923,1.0392789872069108,0.6753572276460886,0.9492666027291348
