epoch,epoch_seconds,train_loss,val_loss,val_balanced_accuracy,val_macro_auc
1,361.4493079185486,1.3037063339097508,1.0650561182122482,0.6288448349890057,0.9210765432988626
2,339.497487783432,0.7949067757601501,0.9148500392311498,0.6850827009225153,0.9423910154686769
3,331.9795868396759,0.5058991104457133,0.848811075561925,0.7098275316037986,0.9500126441168482
4,357.4975321292877,0.31734781790602407,0.951067005458631,0.7050044154908993,0.9436089451636397
5,347.2004203796387,0.23776373050691335,0.9808715997244183,0.719941384439573,0.9532850945507503
