epoch,epoch_seconds,train_loss,val_loss,val_balanced_accuracy,val_macro_auc
1,348.0538332462311,1.3046302568961783,1.0444874216380873,0.661734936112453,0.915269609524761
2,333.6398251056671,0.7785123185968383,0.9001125794962833,0.6707431074879208,0.9464964954102539
3,330.3194544315338,0.505640757718668,0.7995240393437837,0.7279607239088621,0.956149359280624
4,332.5401530265808,0.3315666093332315,0.7914692350437766,0.7456749059928829,0.9532331372420815
5,331.37848353385925,0.24639612776728403,0.8829723315489919,0.725889273001646,0.9611701997434816
