epoch,train_loss,val_loss,val_balanced_accuracy,val_macro_auc
1,1.2977845493668958,1.0095242008410001,0.6249409495270963,0.9259533360209318
2,0.7634697715978439,0.8614306116104126,0.7119197408125125,0.9457479231492087
3,0.520387839734773,0.8278726609129655,0.7188303769054123,0.9580446211787994
4,0.3274433243509165,0.904040125671186,0.7282082476003399,0.9565157326128056
5,0.23277552433820273,0.9631648090011196,0.7326034168621293,0.9567797848616997
