epoch,train_loss,val_loss,val_balanced_accuracy,val_macro_auc
1,1.301116421869255,1.0112352182990627,0.6605633599719638,0.9232000412456267
2,0.7655545561712599,1.0182997851622733,0.6543354220941079,0.9392575729246841
3,0.49487586275845563,0.8369267245342857,0.7170046875763117,0.9572152784336123
4,0.3315658851745851,0.9029436054982637,0.7187511802928093,0.9450040310330001
5,0.20074450890729786,0.9867134453120985,0.6979073385440743,0.9556771093748846
