lesion_id,true_label_idx,true_label,milk_label_raw,prob_AK,prob_BCC,prob_BKL,prob_DF,prob_MEL,prob_NV,prob_SCC,prob_VASC,pred_label_idx,pred_label
IL_0000652,1,BCC,BCC,0.36667498706992774,0.00032670625660102814,0.03528017643839121,3.2998625965063866e-06,0.4655883005943906,0.13211009558290243,4.415424402992585e-06,1.2114781704042343e-05,4,MEL
IL_0003176,1,BCC,BCC,0.019223984592827037,0.92685866355896,0.01856031109127798,4.882167331743403e-06,0.0006745613877683354,0.032887108623981476,0.001789811971320887,6.7308455697912e-07,1,BCC
IL_0004688,1,BCC,BCC,0.0021649439877364784,0.6337352991104126,0.11922795325517654,0.0028822531712648924,0.0030801481916569173,0.07526012742891908,0.16289864666759968,0.0007506575352635991,1,BCC
IL_0005081,6,SCC,SCCKA,0.02227416864479892,0.0004495074972510338,0.8669646680355072,1.778748071501468e-05,0.0033327359560644254,0.10681386291980743,0.00014122051356935117,6.045979262125911e-06,2,BKL
IL_0006177,1,BCC,BCC,0.03153292369097471,0.17232481203973293,0.1492068748921156,0.005120010813698173,0.19395895581692457,0.13406069204211235,0.30786341766361147,0.005932257976382971,6,SCC
IL_0006407,0,AK,AKIEC,0.49592164636123925,0.00021334440680220723,0.006205806392244995,7.80643008511106e-05,4.260729292582255e-05,8.005273411981761e-05,0.49745719955535606,1.1750810227084685e-06,6,SCC
IL_0008891,5,NV,NV,0.0010886810050578788,1.854410584201105e-05,0.031728196889162064,0.0011907765292562544,0.4534089472144842,0.5098187550902367,0.00047607806845917366,0.002269999007694423,5,NV
IL_0008969,1,BCC,BCC,0.368730656336993,0.09619413479231298,0.01611554651753977,9.714926636661403e-05,0.014058762782951817,0.006953534437343478,0.49759118212386966,0.0002590215372038074,6,SCC
IL_0009339,1,BCC,BCC,0.0026022273050330114,0.4923157964949496,0.0002506851014913991,0.47992412785970373,0.005521545244846493,0.009506376925855875,0.0010907652031164616,0.008788498467765749,1,BCC
IL_0011263,1,BCC,BCC,0.23006487218663096,0.037499113008379936,0.5263849347829819,0.0005846681451657787,0.0005940236733295023,0.20108823850750923,0.0033520757278893143,0.00043206700502196327,2,BKL
IL_0012199,6,SCC,SCCKA,0.002844436832219799,0.062220202875323594,0.11607607227415428,0.0017112050263676792,0.040359032322839994,0.26650406190128706,0.5102072833105922,7.772473764244836e-05,6,SCC
IL_0014412,1,BCC,BCC,0.00429857533890754,0.0034983321093022823,0.753158301115036,0.0021317197242751718,0.17974121496081352,0.05256282165646553,0.0018138401210308075,0.0027952525997534394,2,BKL
IL_0017483,2,BKL,BKL,3.523078885336872e-05,0.00018467857285031641,0.00011349565465934575,6.737685816915473e-05,0.028473472222685814,0.97084841132164,4.221917606628267e-05,0.00023504675482399762,5,NV
IL_0019048,1,BCC,BCC,0.003064419284783071,0.5017374684102833,0.2261771502380725,0.023289672688406426,0.0067390659532975405,0.2312733868639043,0.004347505979239941,0.0033713382975975037,1,BCC
IL_0019655,4,MEL,MEL,7.511418698413763e-05,0.005609672560240142,0.004694871255196631,0.00016177381257875822,0.43209507036954165,0.5548160001635551,0.0024960477094282396,5.14038674737094e-05,5,NV
IL_0020208,2,BKL,BKL,0.001282148890368262,0.0026234020333504304,0.03590622434421675,0.0014430062292376533,0.027449638000689447,0.42554320115596056,0.00773053771990817,0.4980218562996015,7,VASC
IL_0024228,5,NV,NV,0.00235993682872504,0.17019261039968114,0.5786844789981842,0.15913317445665598,0.009932416636729613,0.06093136174604297,0.005263423183350824,0.013502625598448503,2,BKL
IL_0026510,6,SCC,SCCKA,0.3459326298907399,0.0010248460312141106,0.4785198774188757,0.0017780209891498089,0.021917399019002914,0.1259109079837799,0.02441016025841236,0.0005061365009169094,2,BKL
IL_0029019,4,MEL,MEL,0.0006740443150885511,0.0013873106886990172,0.9630389213562012,0.0016943797038777575,0.015384275000542402,0.01739674356940668,0.00035812455033124024,6.613522363441149e-05,2,BKL
IL_0030541,1,BCC,BCC,0.00029063426381981117,0.3174312214832753,0.6319978088140488,0.00011125808123324532,0.0010367218328610761,0.009865222265943885,0.03920435752843332,6.277263389620202e-05,2,BKL
IL_0032270,1,BCC,BCC,1.746342059050221e-05,0.9696708917617798,0.018425240938086063,0.0015907286737331106,0.0018818439384631347,0.00668765848968178,0.001465219414967578,0.00026097998716068105,1,BCC
IL_0033882,1,BCC,BCC,0.10109272322733887,0.1302204504609108,0.32160527049563825,0.021495320834219456,0.03357210475951433,0.057073531206697226,0.027233957313001156,0.30770666142052505,2,BKL
IL_0039324,1,BCC,BCC,7.757551065878943e-05,0.7474268674850464,0.0014360756031237543,5.841841903020395e-05,0.0006194743473315611,0.24584852764382958,0.004484798413614044,4.832697459278279e-05,1,BCC
IL_0041758,4,MEL,MEL,1.7130843552592978e-06,1.1427855071133308e-06,4.167532324572676e-06,5.986717013684029e-06,0.3145340271294117,0.6854404211044312,1.0168261752596663e-06,1.146917702499195e-05,5,NV
IL_0044468,4,MEL,MEL,4.227509123211348e-06,0.0016399569008171966,0.13488458190113306,8.319484732055571e-05,0.2571750581264496,0.6061555445194244,1.374819203192601e-05,4.372493003756972e-05,5,NV
IL_0047878,5,NV,NV,8.906836455935263e-06,4.991246714780573e-05,0.038502128794789314,0.00017477536501075974,0.440292090177536,0.520771287381649,8.470807642879663e-06,0.0001924350181070622,5,NV
IL_0053198,1,BCC,BCC,0.0018339517337153666,0.4190410771407187,0.22686272859573364,8.760337505009375e-05,0.009895158145809546,0.3414994329214096,0.0003826193860732019,0.0003974944233959832,1,BCC
IL_0061620,1,BCC,BCC,0.0016041317430790514,0.7915088534355164,0.03653518250212073,0.001006332618999295,0.006007336116454098,0.15565143333515152,0.007052245957311243,0.0006344683638417337,1,BCC
IL_0063537,1,BCC,BCC,0.0005239668535068631,0.72024005651474,0.24913928529713303,1.378852957145682e-05,0.0017089964230763144,0.028226295922650024,0.00012087179129594006,2.6650638297098794e-05,1,BCC
IL_0064763,6,SCC,SCCKA,0.006015760169248097,0.4385974258184433,0.22239520400762558,0.03364756595692597,0.07595263049006462,0.19679539930075407,0.025480390526354313,0.0011156287509948015,1,BCC
IL_0069690,1,BCC,BCC,0.05600754930492258,0.8728687763214111,0.012856719640240044,0.012793707216701478,0.005959748440545809,0.015809602660738165,0.021500349859707057,0.0022035078795852314,1,BCC
IL_0074413,5,NV,NV,0.001075782660564073,6.413811388483737e-05,0.11373149789869785,0.0008197744205062918,0.034076507086865604,0.8470103442668915,0.0001455317699310399,0.0030763918375669164,5,NV
IL_0075646,1,BCC,BCC,0.011476115323603153,0.47002464460092597,0.4273440265096724,9.229603710991796e-05,0.0011257309079155675,0.086234450340271,0.003696183819556609,6.525521314415528e-06,1,BCC
IL_0076321,5,NV,NV,7.551536612027121e-06,9.629970179503289e-06,0.05874781706370413,3.4184275136794895e-05,0.33671394060365856,0.6043405085802078,8.997396116683376e-05,5.6317958296858706e-05,5,NV
IL_0076383,2,BKL,BKL,0.00023178340825324995,5.787158170278417e-05,0.670796737074852,9.002988008433022e-06,0.007816379191353917,0.3209695592522621,5.5286610688654036e-05,6.340998697851319e-05,2,BKL
IL_0076523,2,BKL,BKL,0.0015373380447272211,0.0028032216359861195,0.5112739242613316,0.0083191649755463,0.024197539605665952,0.44811360724270344,0.003619366427301429,0.00013584474254457746,2,BKL
IL_0079116,1,BCC,BCC,0.00016662953566992655,0.675247386097908,0.018676381558179855,0.00015630294547008816,0.0004655090451706201,0.3037749737268314,4.361745573078224e-05,0.0014692076226765494,1,BCC
IL_0080050,1,BCC,BCC,0.15300616435706615,0.36207289501908235,0.09184480574913323,0.000127191702631535,0.015290567927877419,0.3747207661581342,0.002489218352820899,0.00044838824760518037,5,NV
IL_0080398,4,MEL,MEL,0.0013012550055009342,0.003204193322744686,0.001713744131848216,0.33413756831032515,0.527702122926712,0.11955351382493973,0.0012047589557369065,0.011182856687810272,4,MEL
IL_0081442,6,SCC,SCCKA,0.2189551405608654,0.341639069840312,0.04145548678934574,0.0009043484169524163,0.07808488863520324,0.03679673187434673,0.13478172896429896,0.1473825835273601,1,BCC
IL_0082869,5,NV,NV,1.4712788969362123e-06,3.51188897980137e-05,0.0011433501458668616,3.1433113690582104e-05,0.055822200141847134,0.9429202675819397,4.054355525795472e-05,5.615913664769323e-06,5,NV
IL_0083505,5,NV,NV,0.00045342229943656776,0.00010155170774894806,0.005050412221338618,0.0004512687722701969,0.35040234960615635,0.6411745846271515,0.00013202726365335593,0.002234367296154005,5,NV
IL_0083796,1,BCC,BCC,0.22557319896441186,0.03540680191508727,0.06065908633172512,0.000750773586332798,0.034499942790716887,0.6396357715129852,0.003358680085511878,0.00011577348413993604,5,NV
IL_0085362,0,AK,AKIEC,0.01152435175026767,0.019273147237981902,0.31345848832279444,0.0036044790758751333,0.009268790483474731,0.1912526381202042,0.4501980262575671,0.0014200152654666454,6,SCC
IL_0087252,2,BKL,BKL,0.012591145015903749,0.03526441426947713,0.4957597404718399,0.029413546886644326,0.0015230493736453354,0.00965227058622986,0.41535212099552155,0.0004437102597876219,2,BKL
IL_0087637,2,BKL,BKL,0.42168600484728813,0.0017058385419659317,0.13186176493763924,0.10592025995083532,0.030527151189744473,0.13577687740325928,0.17219157208819524,0.0003305546269984916,0,AK
IL_0091633,1,BCC,BCC,0.10696288535837084,0.18768921785522252,0.03497502882964909,0.015664899969124235,0.00269878059043549,0.14901689649559557,0.4995618797838688,0.003430364802625263,6,SCC
IL_0092031,1,BCC,BCC,0.09053095219678653,0.4942749902547803,0.33671791580854915,9.829728520571734e-05,0.0015014988800885476,0.07669721031561494,0.00016618078961982974,1.2937265864820802e-05,1,BCC
IL_0092622,4,MEL,MEL,1.146925035300228e-05,9.895155289996183e-05,0.8572968542575836,0.0001541438341519097,0.033303988515399396,0.10906432755291462,5.738674008171074e-05,1.2936378425365547e-05,2,BKL
IL_0097046,1,BCC,BCC,0.049577504569811026,0.49946602994168643,0.004193891466456989,0.0005076076631667092,0.011070964681493933,0.43507183813198935,9.517709986539558e-05,1.699517861197819e-05,1,BCC
IL_0097757,2,BKL,BKL,0.00036193100686432444,6.413587880160776e-05,0.2964268258656375,0.00015197458074567294,0.008074461397256982,0.19490625935549133,0.4996448050951585,0.0003695994144021775,6,SCC
IL_0097908,2,BKL,BKL,0.11350667100214196,9.055926011569682e-05,0.8379098176956177,0.0019698758604249633,0.007185149064753205,0.003146569593809545,0.03601234663165087,0.00017898736242472069,2,BKL
IL_0098895,5,NV,NV,3.249303409802451e-05,0.00014679015657748096,0.043983724899590015,0.004677650422308943,0.0003042219250346534,0.9507900178432465,4.04707152483752e-05,2.454208777180611e-05,5,NV
IL_0101784,1,BCC,BCC,0.4843505956232548,0.16010034456849098,0.012698040984105319,2.76784589914314e-05,0.01250432280357927,0.0023004752583801746,0.32792574917402817,9.277429580833996e-05,0,AK
IL_0102463,6,SCC,SCCKA,0.0007188075687736273,0.007119244895875454,0.47968468349426985,0.0013163702080873918,0.024034752423176542,0.4615263412706554,0.025579568231478333,2.0250520037734532e-05,2,BKL
IL_0105755,1,BCC,BCC,0.004463959016447916,0.1321927412354853,0.6112020611763,0.0013349627770367078,0.0061283818213269114,0.2151012874674052,0.028429080538444396,0.001147473492892459,2,BKL
IL_0106085,1,BCC,BCC,0.001043212592776399,0.514993098564446,0.3588954993902007,0.00015970360998984745,0.0033075555223831543,0.12136392190586776,0.00014027510110281582,9.672382005021518e-05,1,BCC
IL_0106759,3,DF,DF,0.0003720305612375796,0.012215735535392014,0.06697767767229834,0.5080458642914891,0.0011996306911896681,0.4107393168742419,8.582195019357641e-05,0.00036385610073352836,3,DF
IL_0107208,1,BCC,BCC,0.007978631358128041,0.22832497232593596,0.030849873088300228,0.0019548745913198218,0.008461704943329096,0.6964021176099777,0.026007070380728692,2.071544531645486e-05,5,NV
IL_0108201,5,NV,NV,2.575464742449185e-05,5.369284301082189e-05,0.004725623410195112,0.0001801471918270181,0.010185057297348976,0.984071284532547,0.00018035964010465477,0.000578055722201043,5,NV
IL_0108315,1,BCC,BCC,0.001088863267796114,0.3506951529998332,0.15938622131943703,0.0033176259603351355,0.2991712847724557,0.18320292234420776,0.0009642929944675416,0.0021736135822720826,1,BCC
IL_0110620,0,AK,AKIEC,0.07475351495668292,0.0005352295120246708,0.22301311790943146,0.0007553730101790279,0.26329926028847694,0.42136595444753766,0.016087072202935815,0.00019055928351008333,5,NV
IL_0111269,6,SCC,SCCKA,0.019009220937732607,0.011227177921682596,0.16195828965283,0.002986810301990772,0.27744918104235694,0.021829939792951336,0.5052996883168817,0.00023972566850716248,6,SCC
IL_0113118,1,BCC,BCC,0.3261244259774685,0.45919705886626616,0.199945705011487,1.1444151596151642e-05,0.0009215106401825324,0.004101417114725336,0.009683661279268563,1.4793162335990928e-05,1,BCC
IL_0115590,1,BCC,BCC,0.04767263351823203,0.32109915744513273,0.1573699163272977,0.001274961425224319,0.12829698016867042,0.2188546024262905,0.0050321657181484625,0.12039959384128451,1,BCC
IL_0121394,1,BCC,BCC,0.054221108090132475,0.008683187304995954,0.9167397022247314,8.260823233285919e-05,0.004485161844058894,0.015216584783047438,0.0005456351209431887,2.6024895760201616e-05,2,BKL
IL_0121735,2,BKL,BKL,0.06504858657717705,0.0010818864684551954,0.7895843684673309,0.000436027352407109,0.04006779714836739,0.09738647437188774,0.005109266261570156,0.0012855852401116863,2,BKL
IL_0123995,6,SCC,SCCKA,0.0038897935301065445,0.46912135067395866,0.0015597370802424848,0.038567347059142776,0.001362823517411016,0.0008808881393633783,0.4846006780862808,1.7441953787056264e-05,6,SCC
IL_0125182,1,BCC,BCC,0.002273606602102518,0.03678660340301576,0.6322814524173737,0.001273572095669806,0.011243720771744847,0.04895701864734292,0.2668329004663974,0.000351177339325659,2,BKL
IL_0125566,1,BCC,BCC,0.0013071128923911601,0.48449112847447395,0.21503836754709482,0.019349571433849633,0.01826633815653622,0.23189541138708591,0.022695601917803288,0.006956498837098479,1,BCC
IL_0126015,2,BKL,BKL,0.010939930565655231,0.4676184495911002,0.04265689942985773,0.005091339349746704,0.00203874206636101,0.018061383612803183,0.45303611212875694,0.0005571392466663383,1,BCC
IL_0127859,5,NV,NV,1.4129940723250911e-05,7.849708457996485e-05,0.12678132891232963,3.806972765119099e-05,0.00448234926443547,0.8685616254806519,4.239560155383515e-06,3.975337494921405e-05,5,NV
IL_0134295,1,BCC,BCC,0.0031481352270930074,0.6253549605607986,0.014930692035704851,0.012631183011990288,0.006854953552988263,0.02616432518698275,0.0008909332100301981,0.31002480524853127,1,BCC
IL_0134998,4,MEL,MEL,1.6869944033715e-05,0.0016312294465024024,0.05112439673393965,3.740280357078518e-05,0.6505939066410065,0.2962045632302761,0.000351657214196166,3.998133388449787e-05,4,MEL
IL_0136746,1,BCC,BCC,0.14170750571065582,0.5359427332878113,0.0417015482817078,0.003179252226459539,0.0821236421688809,0.18776930507556244,0.007390242535620928,0.00018577895286853163,1,BCC
IL_0137229,6,SCC,SCCKA,0.40129548287950456,0.0013742478913627565,0.08625226747244596,0.00022339457427733578,0.1876762040774338,0.23499558301409706,0.08570054406300187,0.0024823039757393417,0,AK
IL_0137493,1,BCC,BCC,0.4084174931049347,0.41008450253866613,0.10827917791903019,3.094377643719781e-05,0.005618789466097951,0.008211067353840917,0.05899542907354771,0.0003626297639129916,1,BCC
IL_0138483,1,BCC,BCC,0.005370951948862057,0.6307233273983002,0.013693905697437003,0.0004292538526442513,0.0002275146107422188,0.3477756719903482,0.0012868326884927228,0.0004925804307731596,1,BCC
IL_0142779,6,SCC,SCCKA,0.15847241878509521,0.0366817582398653,0.10900434147333726,0.00033770225581974955,0.04446620121598244,0.0038276789273368195,0.6471819430589676,2.7975544924174756e-05,6,SCC
IL_0143212,0,AK,AKIEC,0.4139629490673542,0.0050139305531047285,0.21186550706624985,5.327768258212018e-05,0.06723005836829543,0.02878115768544376,0.2730119340121746,8.118809273582883e-05,0,AK
IL_0143868,6,SCC,SCCKA,0.3366448808446876,0.0009034274207806448,0.0037714489444624633,0.0009238984217176949,0.05760312862912542,0.016734496495246276,0.5826560333371162,0.0007626105552418494,6,SCC
IL_0145900,1,BCC,BCC,0.03594222801621072,0.5589673742651939,0.2791654102038592,0.01708117920981067,0.00045343301690081717,0.0792884579859674,0.029005708609474823,9.619017927064988e-05,1,BCC
IL_0147242,1,BCC,BCC,0.005964456911897287,0.03421309031546116,0.0016870066756382585,8.768805491854437e-05,0.4862769991159439,0.46630315110087395,0.0008400089136557654,0.004627615679055452,4,MEL
IL_0149726,4,MEL,MEL,6.483233278231637e-06,2.2014195678821125e-05,0.0079352788743563,5.362418914955924e-05,0.01638844468834577,0.9755574762821198,1.871493014959924e-05,1.8019785557044088e-05,5,NV
IL_0152415,1,BCC,BCC,0.019486944191157818,0.3638996556401253,0.2869730219244957,0.0019977911288151518,0.005309949396178126,0.29195012152194977,0.025299933273345232,0.005082604002382141,1,BCC
IL_0155141,1,BCC,BCC,0.02318378584459424,0.23647208139300346,0.4840362071990967,0.00875732977874577,0.0068399264710024,0.02176784654147923,0.2177944285213016,0.0011484177084639668,2,BKL
IL_0158496,4,MEL,MEL,0.00012025951946270652,0.0006449254233302781,0.11055072478484362,0.0010739021090557799,0.47491058614104986,0.4122713431715965,0.00020308988314354792,0.00022522224753629416,4,MEL
IL_0159004,6,SCC,SCCKA,0.03007814276497811,0.4862148324609734,0.009238870639819652,2.700038226066681e-05,0.27726489142514765,0.11606630054302514,0.08062237873673439,0.000487581850393326,1,BCC
IL_0159486,4,MEL,MEL,0.0002633102831168799,0.00044681012877845205,0.9192718863487244,0.00019737373804673553,0.02291638165479526,0.053257709834724665,0.0035190960916224867,0.00012744960986310616,2,BKL
IL_0168605,6,SCC,SCCKA,0.005452767014503479,0.0005732800782425329,0.9183985888957977,0.005526449785975274,0.02351417829049751,0.045059051451971754,0.0007607814040966332,0.0007148635486373678,2,BKL
IL_0169358,2,BKL,BKL,0.008642703978694044,0.021295433398336172,0.46828369051218033,0.0016794728944660164,0.004078853991813958,0.0499094711849466,0.4457958648126805,0.00031444563501281664,2,BKL
IL_0172774,2,BKL,BKL,0.0010848689794329403,3.6113370782686616e-07,0.6591624170541763,2.261638562117696e-05,0.3131470538210124,0.026502702268771827,7.825360080460086e-05,1.7588379250810249e-06,2,BKL
IL_0177781,1,BCC,BCC,0.06934659788385034,0.020048477104865015,0.7088495194911957,0.0009248492715414613,0.1088375091785565,0.09135301597416401,0.0003706479910761118,0.00026945487479679286,2,BKL
IL_0179071,1,BCC,BCC,0.4337844788315124,0.012425558408722281,0.02716661072918214,8.059336727228583e-05,0.005960634655252761,0.023181393773256787,0.49738092768529896,1.9826488939500564e-05,6,SCC
IL_0180498,1,BCC,BCC,0.0008550452803319786,0.5042090616188943,0.017012150114169344,8.010582291717583e-05,0.0003755501747946255,0.4759881240897812,0.0007051790817058645,0.0007747176350676455,1,BCC
IL_0181682,4,MEL,MEL,0.0002901567083526402,0.03606235089179677,0.014919543115865963,0.002751896340754456,0.5767688602209091,0.3600775661179796,0.008969384806334801,0.00016027696742071385,4,MEL
IL_0183140,1,BCC,BCC,0.09838850848609582,0.5621519982814789,0.19409281587104488,0.0019695893475955017,0.006138044409453869,0.06804054160602391,0.06873842334607616,0.0004801343020517379,1,BCC
IL_0183428,1,BCC,BCC,0.0002465637298882939,0.5150029174983501,0.42697087599663064,9.60986767495342e-06,0.0017288433109570178,0.040529518853873014,0.015335044259700226,0.00017663594152850237,1,BCC
IL_0184125,3,DF,DF,1.5741160147353384e-05,0.036762775513273116,0.000286108996682799,0.5133992293849587,0.00010045466879660125,0.4487231792857074,0.0006960819769536997,1.6455734368148178e-05,3,DF
IL_0185151,1,BCC,BCC,0.04920225798559841,0.48881712183356285,0.1906298249377869,0.03278308920562267,0.011947087245061994,0.18197784200310707,0.03838137083948823,0.006261419737711549,1,BCC
IL_0185291,2,BKL,BKL,0.4345956443576142,0.1296931356191635,0.00196222000522539,0.16109945571952267,0.002228084849775769,0.011715770582668483,0.2586848996579647,2.0786802906513913e-05,0,AK
IL_0185297,1,BCC,BCC,0.0006479369149019476,0.9851875901222229,0.003408148797461763,0.00014698574250360252,0.00047519839245069306,0.007398793080938049,0.002712711882054464,2.266176079501747e-05,1,BCC
IL_0192026,4,MEL,MEL,0.044718210236439404,9.25714613231321e-05,0.560862123966217,0.0004878337722402648,0.3520449010666198,0.018835381604731083,0.02285880311001165,0.00010022659419650637,2,BKL
IL_0199161,1,BCC,BCC,0.006061398860765621,0.04520157631486654,0.3568516867235303,0.0008013235055841506,0.4716028496623039,0.0475870780646801,0.07169675471959636,0.00019736253489099909,4,MEL
IL_0199225,1,BCC,BCC,0.0023044482804834843,0.5058273766189814,0.010797970899147913,0.0014728538008057512,0.005657033703755587,0.00908185774460435,0.46476203855127096,9.6416954875167e-05,1,BCC
IL_0199785,6,SCC,SCCKA,0.0021240378555376083,0.001477618410717696,0.38909463584423065,0.005642913747578859,0.026896746829152107,0.12748319283127785,0.44648319482803345,0.0007976594788488001,6,SCC
IL_0200790,1,BCC,BCC,0.007072159542076406,0.9817875325679779,0.0007109704311005771,1.0156039252251503e-05,0.0004821049496968044,0.009595234470907599,0.00033819349664554466,3.642200226749992e-06,1,BCC
IL_0201884,2,BKL,BKL,0.009022122047099401,0.01746166174461905,0.003607326051678683,0.00042377151112305,0.012353721913996196,0.002160952810783101,0.9549456834793091,2.476832924624972e-05,6,SCC
IL_0203121,1,BCC,BCC,0.06728463107720017,0.7634181976318359,0.04226788623054745,0.015311222028685734,0.006554728915943997,0.01606085419189185,0.08847880526445806,0.0006237082711777475,1,BCC
IL_0203872,4,MEL,MEL,6.114959251135588e-05,0.00019297398466733284,0.004785511991940439,1.5101815279194852e-05,0.44070465862751007,0.553697407245636,0.00011407488273107447,0.0004291096411179751,5,NV
IL_0205551,1,BCC,BCC,0.008921854489017278,0.5175188854336739,0.11640982620883733,0.00038069973510346244,0.0015407355058414396,0.32769308520437335,0.02740035578608513,0.0001345598878117471,1,BCC
IL_0208925,6,SCC,SCCKA,0.32348237559199333,0.0012284947279113112,0.009762185160070658,4.7852492116362555e-05,0.02699663075964054,0.1600765724501798,0.4783022284391336,0.00010367608824424224,6,SCC
IL_0210304,1,BCC,BCC,0.06975701262126677,0.8522585928440094,0.015830712160095572,0.001232788465131307,0.004289245422114618,0.014646691328380257,0.04185809424961917,0.00012684632656601025,1,BCC
IL_0210528,5,NV,NV,0.0040934254648163915,0.03581937402486801,0.05613538809120655,0.0023100617108866572,0.09775540791451931,0.49242187291383743,0.0013914438604842871,0.31007297337055206,5,NV
IL_0210628,2,BKL,BKL,0.00021770183820990496,0.06745281827170402,0.9189087748527527,0.0006668263740721159,0.007713414961472154,0.00497255171649158,2.437512705455447e-05,4.3581547288340516e-05,2,BKL
IL_0211480,1,BCC,BCC,0.00018421003152013782,0.03520743548870087,0.021500725648365915,0.0013983757341975434,0.02074920618906617,0.9200809001922607,0.00011859209189424291,0.0007605289829371031,5,NV
IL_0215570,1,BCC,BCC,0.0004386036853247788,0.051729955710470676,0.02983943186700344,0.0010721594881033525,0.003946900367736816,0.03973599709570408,0.0012981602340005338,0.8719387650489807,7,VASC
IL_0216946,1,BCC,BCC,0.05934695713222027,0.2814675687113777,0.24169619008898735,0.0010476159222889692,0.13911708529303723,0.2573488033376634,0.017697404138743877,0.002278415468026651,1,BCC
IL_0217482,5,NV,NV,3.3661017596386955e-05,5.5306485592154786e-05,0.4006831774604507,4.872719546256121e-05,0.30267888330854475,0.29638004302978516,1.0685006145649822e-05,0.00010951945739634539,2,BKL
IL_0218048,4,MEL,MEL,1.721089015660482e-05,5.48821481061168e-06,0.010628933334373869,0.00013268924521980807,0.4562121897306497,0.5328878536820412,4.668195349211146e-05,6.905261761858128e-05,5,NV
IL_0218965,5,NV,NV,0.0003349149142195529,6.63926712149987e-05,0.3470089217880741,0.0001589409148436971,0.2857742216438055,0.36621031165122986,0.0002192430565628456,0.00022704865295963828,5,NV
IL_0225053,1,BCC,BCC,0.009151481091976166,0.4425826817750931,0.2743725930340588,0.17285415157675743,0.07535662082955241,0.014843478798866272,0.006047407863661647,0.004791609942913055,1,BCC
IL_0225213,1,BCC,BCC,0.000834231085718784,0.5032429443672299,0.011677450189381489,1.5257118157308014e-05,0.0004166734615864698,0.4835977275070036,6.645196964427669e-05,0.00014926520171343327,1,BCC
IL_0226639,1,BCC,BCC,0.001170989390629984,0.024977754335850477,0.33516059815883636,0.00017328102694591507,0.07089284009998664,0.40930235385894775,0.00021238921908661723,0.15810981943832303,5,NV
IL_0228777,1,BCC,BCC,0.060629194136708975,0.6039616018533707,0.14773287251591682,0.02425745999062201,0.005299808904965175,0.03174098301678896,0.12562404130585492,0.0007540202864220191,1,BCC
IL_0233778,1,BCC,BCC,0.0004962571001669858,0.4904913561185822,0.11129254114348441,0.0013522508852474857,0.007552212213340681,0.3879894567653537,0.0005960606285952963,0.00022980741914579994,1,BCC
IL_0240650,6,SCC,SCCKA,0.006455774302594364,0.09554720669984818,0.47915005683898926,0.00017387953266734257,0.14941811375319958,0.2675973027944565,0.0014457774013862945,0.00021191064570302842,2,BKL
IL_0241510,1,BCC,BCC,0.004694042459050252,0.947126030921936,0.006732926762197167,0.00021835860297869658,0.0011458762310212478,0.040036703809164464,1.352131175735849e-05,3.257225898778415e-05,1,BCC
IL_0244045,2,BKL,BKL,0.004813827748876065,0.4593919231556356,0.43021039763698354,0.0009083217009902,0.004514875414315611,0.06188949313946068,0.03326140530407429,0.005009724583942443,1,BCC
IL_0245024,5,NV,NV,0.00011254483648670544,0.0001801441662596659,0.04025361403273564,0.00016376873806933645,0.30253414064645767,0.6454315036535263,0.0002222880775875069,0.011102026324806502,5,NV
IL_0246803,1,BCC,BCC,0.018791641225107014,0.44073309845407493,0.020155639853328466,0.005189856798097026,0.026279729576344835,0.44616270950064063,0.04206321423407644,0.0006241225546546048,5,NV
IL_0246907,6,SCC,SCCKA,0.0025408422079635784,0.008575372165068984,0.4748563007451594,0.0029956207727082074,0.020092460603336804,0.0014996027166489512,0.4892810983583331,0.0001587295664648991,6,SCC
IL_0247404,2,BKL,BKL,0.2158306846395135,0.024416099302470684,0.3421369940042496,0.012641917332075536,0.03587332385359332,0.1570548741146922,0.20820520678535104,0.003840885095996782,2,BKL
IL_0249447,1,BCC,BCC,0.021271483681630343,0.4947275798767805,0.45312659442424774,0.0007123348768800497,0.004359451770142186,0.022371141822077334,0.0032306321663782,0.0002008329684031196,1,BCC
IL_0256138,5,NV,NV,0.00034592216366036155,4.075796823599376e-05,0.017415173817425966,0.00022719562093698187,0.036478761001490057,0.9446218609809875,0.00018468360917722748,0.0006856604125005106,5,NV
IL_0256992,1,BCC,BCC,0.00010542756717768498,0.5473724752664566,0.2538287928327918,0.016402071130869444,0.11269240197725594,0.03843348193913698,0.006714906805427745,0.024450494907796383,1,BCC
IL_0257486,5,NV,NV,0.0002707843964344647,4.2012988330952794e-05,0.3402010198769858,4.9350649078405695e-06,0.02426028819172643,0.6351815611124039,3.3916960489932535e-05,5.513938276635599e-06,5,NV
IL_0261809,1,BCC,BCC,0.029323922004550695,0.6467033624649048,0.030561775842215866,0.0003286541104898788,0.0008323552319779992,0.0015186888194875792,0.2906621096772142,6.903484973008744e-05,1,BCC
IL_0262433,0,AK,AKIEC,0.4999625901470637,2.1157704213514705e-05,0.49562305537892826,4.494359673312687e-08,0.0015553623713913112,0.0028376369166380755,1.96680062458654e-07,4.14543327442729e-09,0,AK
IL_0262742,0,AK,AKIEC,0.6529699414968491,0.002174592449591728,0.047685520723462105,0.00013793230687042524,0.011402414711483289,0.2833937144405354,0.001997416649828665,0.0002384841107314628,0,AK
IL_0264320,2,BKL,BKL,5.405013410397785e-06,1.4464276198111747e-05,0.9775770306587219,4.379554759736948e-06,0.0012940786255057901,0.02109115943312645,1.217527324293144e-05,1.3893186623370468e-06,2,BKL
IL_0266076,1,BCC,BCC,0.00036324593384051695,0.4695448169441079,0.43803487527475227,0.0003095954681384683,0.0038615616504102945,0.05853682324232068,0.029324967850698158,2.4150703914926908e-05,1,BCC
IL_0266844,1,BCC,BCC,0.006440798215919585,0.08849350735545158,0.4658738523721695,0.0003098422531451206,0.003623584627348464,0.42689839005470276,0.008333368226885796,2.6651241345376775e-05,2,BKL
IL_0267094,1,BCC,BCC,0.03954738564789295,0.5867242515087128,0.14806549344211817,0.0004445824488357175,0.02246007794747129,0.18534796638414264,0.016571789237787016,0.0008384824177483097,1,BCC
IL_0269822,6,SCC,SCCKA,0.029345489805564284,0.04796162177808583,0.3193487301468849,0.0004903300941805355,0.10960429487749934,0.0008111246570479125,0.49218060821294785,0.0002578186940809246,6,SCC
IL_0271647,1,BCC,BCC,0.0008444683626294136,0.3880072010215372,0.09631413966417313,0.025140053126960993,0.017548482690472156,0.46696411445736885,0.004039435880258679,0.0011421306990087032,5,NV
IL_0273938,1,BCC,BCC,7.907189319666941e-05,0.4778946712613106,0.44596217945218086,9.151799167739227e-05,0.048235831782221794,0.00557126896455884,0.021992089692503214,0.00017332611241727136,1,BCC
IL_0275953,2,BKL,BKL,0.11212193577614471,0.0002800866059260443,0.35286182316345105,0.00021089974048038584,0.008830923481582431,0.02523085329175956,0.5003527440712787,0.00011070735904716855,6,SCC
IL_0281880,1,BCC,BCC,0.017812624715588754,0.11142506764736027,0.680943563580513,0.002372069225089035,0.0033742778105079196,0.18162711849436164,0.002414775106444722,3.04718682215821e-05,2,BKL
IL_0285359,6,SCC,SCCKA,0.006264832918532193,0.49120635353028774,0.023656849982216954,0.0015334918371081585,0.05436734999966575,0.4020885268546408,0.020654174499213696,0.00022835122763353866,1,BCC
IL_0286652,1,BCC,BCC,0.0016502784565091133,0.43678663671016693,0.4624859653413296,0.02053028422233183,0.0010424344800412655,0.024409565143287182,0.052888993290252984,0.00020590031544998055,2,BKL
IL_0286681,3,DF,DF,0.0001232474193635369,0.000199623042103525,0.0013985842072372634,0.5051078051328659,0.001424249801402766,0.49173265195076965,5.677323667185874e-06,8.17085480164792e-06,3,DF
IL_0291723,1,BCC,BCC,0.056276414725289214,0.05779047586474917,0.39465761184692383,0.0008764255180722103,0.009277893463149667,0.47055170265957713,0.010376509696925496,0.00019290810905658873,5,NV
IL_0295689,2,BKL,BKL,0.002845827490091324,0.00493977277619706,0.3693934828042984,0.0002729596603785467,0.07514638646989624,0.3692720203034696,0.17805418744683266,7.534696516131589e-05,2,BKL
IL_0298578,6,SCC,SCCKA,0.39342523366212845,0.07224268652498722,0.033116719336248934,0.00012031894493702566,0.02584875700995326,0.00046610845674877055,0.4746401458978653,0.00014001002000441076,6,SCC
IL_0298761,0,AK,AKIEC,0.35399124288232997,0.003700486442539841,0.6389464437961578,4.158725170100297e-05,9.031797344505321e-05,0.002366134896874428,0.000855234850916986,8.567506029066863e-06,2,BKL
IL_0303192,6,SCC,SCCKA,0.010016090440331027,0.004366576322354376,0.26863575633615255,0.008820109722364577,0.01060439003049396,0.20127300383683178,0.4937993354687933,0.0024847695538028347,6,SCC
IL_0303279,1,BCC,BCC,0.008537127519957721,0.9615446925163269,0.012089699041098356,0.0001661256242186937,0.00010983930405927822,0.017104879952967167,0.00042678797399275936,2.0887697587568255e-05,1,BCC
IL_0303759,1,BCC,BCC,0.44662508787587285,0.03476338088512421,0.21967830136418343,0.0022472223317890894,0.0007118324137991294,0.020025562727823853,0.27568130992040096,0.0002672766277100891,0,AK
IL_0304897,1,BCC,BCC,0.005499147460795939,0.098184984177351,0.6079389899969101,0.006530618600663729,0.0031735323136672378,0.01869296794757247,0.25934377517478424,0.0006359503477142425,2,BKL
IL_0306057,5,NV,NV,5.2732520998688415e-06,6.515793620565091e-05,0.015820164984688745,0.00042602319081197493,0.036055435659363866,0.9473162889480591,8.212102841298474e-06,0.00030347533902386203,5,NV
IL_0306410,2,BKL,BKL,0.006132971622719197,0.020551007440474223,0.4657362913712859,0.0004240732105245115,0.0007529844151576981,0.04331167243071832,0.46308438319908873,6.591648798348615e-06,2,BKL
IL_0306770,1,BCC,BCC,0.0002442269615130499,0.07067614607512951,0.003797850222326815,0.42341335117816925,0.051225666888058186,0.4359360858798027,0.013855673998477869,0.0008509509352734312,5,NV
IL_0307289,1,BCC,BCC,0.1419201088428963,0.47391877992777154,0.3045158591121435,0.0012249289502506144,0.026426942640682682,0.04689756780862808,0.004177638234978076,0.0009182580979540944,1,BCC
IL_0308354,1,BCC,BCC,0.025449833134189248,0.3892131559550762,0.007344435958657414,0.00038534442865056917,0.0034575361059978604,0.010827409336343408,0.5630115121603012,0.00031076812592800707,6,SCC
IL_0310988,0,AK,AKIEC,0.2962601436302066,0.001938253640844323,0.4423801004886627,3.344463433307965e-05,0.17836497584357858,0.07961534170135565,0.0014059764180274215,1.7613868834587265e-06,2,BKL
IL_0311447,1,BCC,BCC,0.011400465387851,0.16649527056142688,0.33603620712528937,0.22558960691094398,0.07115126959979534,0.0893891965970397,0.09785579517483711,0.002082187471387442,2,BKL
IL_0313389,1,BCC,BCC,0.3017975091934204,0.3302177721634507,0.0395129956305027,0.021263847243972123,0.07028911774978042,0.1707127196714282,0.0593532333150506,0.0068528163828887045,1,BCC
IL_0313731,1,BCC,BCC,0.21410958468914032,0.43307913453827496,0.0286016585159814,0.0001736456697472022,0.29466777318157256,0.011911957713891752,0.01743719953810796,1.9088299268332776e-05,1,BCC
IL_0314873,1,BCC,BCC,0.22424643486738205,0.4501151889562607,0.07743961922824383,0.0746081923134625,0.021668684668838978,0.034839593805372715,0.0635433429852128,0.05353894364088774,1,BCC
IL_0317976,1,BCC,BCC,0.2375163643155247,0.320621807128191,0.34263302898034453,0.011676583892949566,0.02307392520378926,0.049035203104722314,0.003279228345490992,0.012163847403485306,2,BKL
IL_0317980,1,BCC,BCC,0.1445853313198313,0.26327893044799566,0.1680860724300146,0.027477255556732416,0.05612666066735983,0.29990703612565994,0.025867838296107948,0.014670866599772125,5,NV
IL_0318296,6,SCC,SCCKA,0.054890323895961046,0.0364174236215149,0.6909167766571045,0.0001956099149538204,0.007913651410490274,0.20707360340747982,0.0024486612783221062,0.00014398783969227225,2,BKL
IL_0320467,1,BCC,BCC,0.0007146730495151132,0.4648235887289047,0.200301097240299,0.004161229997407645,0.00991399019403616,0.05018046800978482,0.26984208822250366,6.287769519985886e-05,1,BCC
IL_0321321,1,BCC,BCC,0.02893922507064417,0.0171175766736269,0.7831128835678101,0.0016656365478411317,0.02478198664903175,0.13391949841752648,0.010449757348396815,1.3411303370958194e-05,2,BKL
IL_0321969,5,NV,NV,3.1127831647381754e-05,7.585953872535356e-05,0.013160280301235616,0.00035725651105167344,0.09392147557809949,0.8923903107643127,2.2125096393210697e-05,4.1622893604653655e-05,5,NV
IL_0322820,1,BCC,BCC,0.06408853642642498,0.44723542779684067,0.46239559119567275,0.0013640618999488652,0.004954947158694267,0.004902734071947634,0.009432638995349407,0.005625958321616054,2,BKL
IL_0322831,1,BCC,BCC,0.004852922342251986,0.11469262465834618,0.02420223487115436,0.00019980594174739963,0.0017410575383109972,0.00018666287633095635,0.853969544172287,0.00015518653754043044,6,SCC
IL_0327292,1,BCC,BCC,0.0015268619172275066,0.3895447701215744,0.08614278165623546,0.18174309469759464,0.011082977522164583,0.16131267696619034,0.16694303299300373,0.001703786834696075,1,BCC
IL_0328020,4,MEL,MEL,0.02060321904718876,0.03470728453248739,0.20185751095414162,0.049007573164999485,0.272976391017437,0.35878096520900726,0.05979171255603433,0.002275332110002637,5,NV
IL_0328112,1,BCC,BCC,0.30865684312811936,0.6007455214858055,0.02287032285676105,2.0974212162627737e-06,2.200734883217592e-05,0.06767410704196664,2.671027823453187e-05,2.4070035458123584e-06,1,BCC
IL_0330449,5,NV,NV,0.0014194336431501142,0.00614076922647655,0.057261731211838196,0.006641756321187131,0.10894157412985805,0.8103323578834534,0.009030898572746082,0.0002314559169462882,5,NV
IL_0330771,1,BCC,BCC,0.014201381869497709,0.5055385595187545,0.15585092806031753,0.0028789049305115305,0.016986184576446295,0.303781454989803,0.0007018199430968153,6.0760458924016825e-05,1,BCC
IL_0331680,4,MEL,MEL,0.030132467974681276,0.049368953332304955,0.03485727636143565,0.12942807981744409,0.23227456957101822,0.5112405717372894,0.006652553571257158,0.006045540825653006,5,NV
IL_0332363,1,BCC,BCC,0.2154268566519022,0.4842581329867244,0.00024703222879907116,3.3344930585599286e-06,0.010443364968523383,0.28949818725232035,5.580515971814748e-05,6.730765699103358e-05,1,BCC
IL_0333209,2,BKL,BKL,0.0009438655397389084,0.01479378598742187,0.6746398657560349,0.0027748744469136,0.018321249750442803,0.2818732485175133,0.006432785943616182,0.00022037556482246146,2,BKL
IL_0335647,4,MEL,MEL,0.02493342198431492,0.06090007582679391,0.856221467256546,0.0016253834182862192,0.00661238725297153,0.032872957177460194,0.015841865722904913,0.0009924647019943222,2,BKL
IL_0335720,3,DF,DF,0.4873966503946576,0.10466543028815067,0.016452272888273,0.0007062512381708075,0.0017329643178527476,0.006450788292568177,0.3820687261177227,0.0005269169851089828,0,AK
IL_0336381,5,NV,NV,9.955238712677783e-05,0.0013985163676011325,0.0014173156550896238,0.0006101294929976575,0.11296779289841652,0.8667438328266144,0.0003377799785226898,0.016425028481535264,5,NV
IL_0340330,7,VASC,VASC,0.0003643747913883999,0.24789809435606003,0.006437795935198665,0.014474399213213474,0.01169055502396077,0.0613804804161191,0.0002453173146932386,0.6575090289115906,7,VASC
IL_0343240,5,NV,NV,0.0008534444778547368,0.004344583792416756,0.050058446591719985,0.023873102794823353,0.37554398365318775,0.537284392863512,0.002621558624014142,0.005420499831416237,5,NV
IL_0345043,1,BCC,BCC,0.0001804956264095381,0.4994272309502321,0.41523705564031843,4.8720597760620876e-05,0.003378910740138963,0.08171039356966503,1.3176783340895781e-05,4.040927478854428e-06,1,BCC
IL_0345607,1,BCC,BCC,0.003646914381533861,0.5180437117815018,0.4371152500389144,0.00022008024097885936,0.0028898505261167884,0.024404039606451988,0.013640866614878178,3.938637109968113e-05,1,BCC
IL_0347019,1,BCC,BCC,0.002380328289746103,0.13598994909989415,0.35880220495164394,0.07601953158155084,0.004774729372002184,0.14946727640926838,0.27174084799480624,0.0008251570566244482,2,BKL
IL_0347219,6,SCC,SCCKA,0.021150435321033,0.0016043121577240527,0.4089924078434706,0.001266120269519888,0.050067119431332685,0.031181646125332918,0.4853919168235734,0.0003459891213424271,6,SCC
IL_0349058,5,NV,NV,0.00023230157330544898,0.00464057047793176,0.015568662551231682,0.07032617507502437,0.16444404842332006,0.7441878616809845,0.0001720612508506747,0.0004282795707695186,5,NV
IL_0350485,5,NV,NV,1.2410690047204298e-05,1.7353383832130476e-05,3.0402968150156084e-05,1.7106785890064202e-05,0.45649277325719595,0.5433783903717995,2.4686932654560678e-05,2.6912707312476414e-05,5,NV
IL_0353074,1,BCC,BCC,0.0005457371054262694,0.5087649319320917,0.153847379682702,0.0014983651858093694,0.1419389171169314,0.19257782308977767,0.0006927362290696237,0.0001341572578539285,1,BCC
IL_0355319,1,BCC,BCC,0.01110493051874073,0.791038990020752,0.1378074151373312,0.011498367441812984,0.0025646239610281896,0.04027816766756587,0.005182526274011501,0.0005249590811655658,1,BCC
IL_0363698,1,BCC,BCC,8.427898364971043e-06,0.5121477823704481,0.010100793791934848,2.0863046984231914e-05,0.002020160827669315,0.47450069815386087,5.0186284170194995e-05,0.001151108803014722,1,BCC
IL_0364539,1,BCC,BCC,0.30238231182011077,0.49607339965587016,0.04731451591942459,0.0003534561110427603,0.0037228965666145086,0.14968307509661827,5.557875556405634e-05,0.00041476532169326674,1,BCC
IL_0367894,2,BKL,BKL,6.206726084201364e-07,7.669417101396903e-08,0.9685274362564087,6.554001075187443e-07,2.8540055154735455e-05,0.031442372826859355,2.5254355939807738e-08,2.5056047547877824e-07,2,BKL
IL_0368835,2,BKL,BKL,8.276981134258676e-05,0.0705358064151369,0.0758509787847288,0.00013547418251391719,2.3616580620000605e-05,0.8533481359481812,6.597338028768718e-06,1.6650047655275557e-05,5,NV
IL_0371298,1,BCC,BCC,0.021079063648357987,0.47795172687619925,0.15939570358023047,0.0008017984401931244,0.0010761675657704473,0.2990637573529966,0.04056598199531436,6.580348599527497e-05,1,BCC
IL_0375356,4,MEL,MEL,0.0003253848663007375,0.0015536443470409722,0.15281642973423004,0.0014631948797614314,0.03504158463329077,0.7991525232791901,0.00960783659684239,3.9405191273544915e-05,5,NV
IL_0382638,4,MEL,MEL,4.5229023157844495e-06,3.5503987305673945e-07,0.47416657972644316,7.259229505507392e-05,0.03613994922488928,0.4895868208259344,2.3229747199593476e-05,5.973812491788522e-06,5,NV
IL_0386446,1,BCC,BCC,0.12793568941373223,0.6879061907529831,0.15561704621904937,6.401347712525762e-05,0.00041451418763926995,0.02780033100862056,0.00014816581616017288,0.00011405426052046863,1,BCC
IL_0387029,4,MEL,MEL,7.887152603569536e-05,3.080473002195494e-06,0.0001727358850400762,8.84711178166242e-05,0.9248529970645905,0.07467935141175985,2.0749462922381445e-05,0.00010377145800788412,4,MEL
IL_0387507,6,SCC,SCCKA,0.10303608467802405,0.1487015748862177,0.024763661436736584,0.006776435679057613,0.019780734876803763,0.11198372201761231,0.5844028145074844,0.0005549542501626092,6,SCC
IL_0387576,1,BCC,BCC,0.39331117318943143,0.4701661504805088,0.037932093255221844,0.00011832808058898081,0.012812736746127484,0.07949342836946016,0.006157249998068437,8.795506801106967e-06,1,BCC
IL_0391966,5,NV,NV,0.0003779009693971602,0.015658205596992048,0.06578950397670269,0.002128884065314196,0.025283646769821644,0.8806773126125336,0.00017939441386261024,0.00990513589567854,5,NV
IL_0393808,1,BCC,BCC,0.015406483154947637,0.0010230832849629223,0.44992870464921,0.0006923600594745949,0.0015432987129315734,0.47090273909270763,0.060467239120043814,3.614184925027075e-05,5,NV
IL_0395409,2,BKL,BKL,0.00023318923831538996,0.0002806704032991547,0.7817431092262268,0.0017696097647785791,0.005771035444922745,0.2085897740907967,0.0015878227895882446,2.4835660951794125e-05,2,BKL
IL_0395791,6,SCC,SCCKA,0.13294799870345742,0.03636312170419842,0.16418002545833588,0.08419016226253007,0.06006420532503398,0.09033604816067964,0.3869558088481426,0.04496257951677762,6,SCC
IL_0399009,1,BCC,BCC,0.07562707783654332,0.4142809244185628,0.39384576864540577,0.00038550866884179413,0.04874607967212796,0.0063290465623140335,0.06072601396590471,5.9606378272292204e-05,1,BCC
IL_0401155,5,NV,NV,0.0020781262719538063,0.027916554528928827,0.6301017999649048,0.033386615628842264,0.062751718563959,0.04274256341159344,0.14121288992464542,0.059809719896293245,2,BKL
IL_0402026,6,SCC,SCCKA,0.06671802340133581,0.38648953661322594,0.03466108627617359,5.578698119279579e-05,0.007777556369546801,0.4583478048443794,0.043590402347035706,0.002359815640375018,5,NV
IL_0404248,2,BKL,BKL,0.06577485914749559,0.0017341003695037216,0.5818131566047668,0.0011247434040342341,0.16886828841961687,0.1295957297552377,0.04919144161976874,0.0018976465923117303,2,BKL
IL_0404523,4,MEL,MEL,0.0008955630312357243,0.00026186851937382016,0.5235176235437393,0.0004551471738523105,0.40786538273096085,0.06694277189671993,2.7480429253046168e-05,3.4138378396164626e-05,2,BKL
IL_0405680,4,MEL,MEL,0.005195127596380189,0.11659398788469844,0.0768127515912056,0.10799819467501948,0.0031304353615269065,0.39119912311434746,0.2980478651224985,0.0010225782607449219,5,NV
IL_0406808,4,MEL,MEL,1.5795046124367218e-06,1.5670857436589358e-05,0.35324475888046436,9.898492209003962e-06,0.49912699637934566,0.1475872271694243,6.391801719018986e-07,1.3237216990091838e-05,4,MEL
IL_0409175,5,NV,NV,0.0003742321023310069,0.00016861418771441095,0.06923149182694033,0.0001094978979381267,0.12377813830971718,0.803160548210144,1.8530716488385224e-05,0.0031589314457960427,5,NV
IL_0410887,1,BCC,BCC,0.12409317493438721,0.28797293885145336,0.04247075505554676,0.07987081073224545,0.270393930375576,0.13419235683977604,0.056395791471004486,0.0046102916821837425,1,BCC
IL_0416544,5,NV,NV,2.0762023567044707e-07,1.2228043559936452e-05,0.0001365444768453017,2.802939810031546e-06,0.0004192981723463163,0.9994155168533325,5.232448010872304e-06,8.248246743391974e-06,5,NV
IL_0419273,1,BCC,BCC,0.024018744774366496,0.3485276426654309,0.30111952871084213,0.00015015563622000627,0.008245567791163921,0.010287572862580419,0.3075397441862151,0.00011099644513024032,1,BCC
IL_0419410,2,BKL,BKL,0.007949627775815316,0.0898680046084337,0.5728092715144157,0.015418088070873637,0.04010818249662407,0.2137753600254655,0.057266448420705274,0.0028050294815784582,2,BKL
IL_0419934,1,BCC,BCC,0.014128472888842225,0.9504880905151367,0.02420729584991932,6.141517042124178e-05,0.00013831284513798892,0.010715872514992952,0.00024732873862376437,1.3172100352676352e-05,1,BCC
IL_0424747,5,NV,NV,0.0027269506155462864,0.00027541278541320935,0.018116189661668614,0.02235926068988192,0.14526230841875076,0.8076815903186798,0.0026074328679897008,0.0009707755834824638,5,NV
IL_0427467,1,BCC,BCC,0.07023638777900487,0.7617458403110504,0.04794544447213411,0.0014515177754219621,0.015398343559354544,0.10006857715779915,0.002757526352070272,0.00039644788193982095,1,BCC
IL_0428010,2,BKL,BKL,8.3556653407868e-05,0.00046962248779891524,0.9932133853435516,0.0005950070626568049,0.0008003211114555597,0.003195395926013589,0.0016280479612760246,1.4720776789545198e-05,2,BKL
IL_0428893,1,BCC,BCC,0.00148910138887004,0.3396454439207446,0.39171010814607143,0.004314237259677611,0.0035347245866432786,0.11773863696726039,0.14083682053205848,0.0007309391785383923,2,BKL
IL_0432288,1,BCC,BCC,0.0013784607290290296,0.11555398069322109,0.6447618007659912,0.004157378036325099,0.0006864632669021375,0.026135085616260767,0.19588757399469614,0.011439267480000126,2,BKL
IL_0432586,5,NV,NV,3.0295861506601796e-05,2.2318944729704526e-05,0.40453853248618543,0.00014237217146728653,0.021153870620764792,0.5738358274102211,5.629670010875998e-05,0.00022042437967684236,5,NV
IL_0432633,1,BCC,BCC,0.022585600716411136,0.7855785489082336,0.10473655429632345,0.0001968046412912372,0.0028950077467015944,0.08213612357758393,0.0014288554375525564,0.000442501361270331,1,BCC
IL_0433737,1,BCC,BCC,0.00021547734286286868,0.4980473376926966,0.2703341176966205,9.101660890564744e-05,0.030211493506612896,0.20090748323127627,0.00018034058302873746,1.2717095295045056e-05,1,BCC
IL_0433789,4,MEL,MEL,0.003746283044165466,0.00026811287534656003,0.6097557693719864,9.290339403378312e-05,0.34833056665956974,0.03683307021856308,0.0004045095532774212,0.0005687285118938235,2,BKL
IL_0434993,2,BKL,BKL,0.003538605222274782,0.0014516533665300813,0.9481236338615417,0.0001955969310074579,0.0011212549361516722,0.017468159552663565,0.028087975457310677,1.3165951600058179e-05,2,BKL
IL_0436411,4,MEL,MEL,4.0593915656472745e-05,2.834877187751772e-05,0.2956364066835704,7.055697324176435e-06,0.49091117293573916,0.21335730981081724,3.7528080838455935e-06,1.5337078366428614e-05,4,MEL
IL_0436732,4,MEL,MEL,0.00015452577281394042,4.36709792666079e-05,0.3164908073740662,1.7597437818039907e-05,0.6104350164532661,0.07272867672145367,0.00011811717604359728,1.1599660638239584e-05,4,MEL
IL_0441589,0,AK,AKIEC,0.025973830139264464,0.29760778695344925,0.37540556490421295,0.0002717371944527258,0.010122587525984272,0.03936427738517523,0.2408880041912198,0.010366212520466433,2,BKL
IL_0443396,2,BKL,BKL,0.0007541616214439273,0.13033712704782374,0.002002685214392841,0.017890176683067693,0.015777975786477327,0.7653838992118835,0.06706654326990247,0.0007874139992054552,5,NV
IL_0443862,2,BKL,BKL,0.003531968512106687,0.0016623218871245626,0.808535248041153,0.0002651432223501615,0.0014368686242960393,0.0007515224860981107,0.18377427595260087,4.266092173565994e-05,2,BKL
IL_0444889,5,NV,NV,0.0001659347180975601,0.0030158134759403765,0.003330521343741566,0.12425313889980316,0.14429717790335417,0.7235775291919708,0.0012608963243110338,9.906570357998135e-05,5,NV
IL_0446787,4,MEL,MEL,0.000325722066918388,0.002289318285875197,0.021624837594572455,0.002134119436959736,0.3632048862054944,0.45443543791770935,0.00023136992240324616,0.15575431307661347,5,NV
IL_0449677,5,NV,NV,1.9863959522581354e-05,0.02356880225875102,0.00032880109938560054,0.0004608985946106259,0.0028800349416542304,0.9720847904682159,0.0004909746085104416,0.00016594311592399436,5,NV
IL_0451875,1,BCC,BCC,0.00781971772084944,0.4778090473264456,0.48408773564733565,0.0009059306757990271,0.002878379717003554,0.002012845769058913,0.02380213513970375,0.0006841433983026945,2,BKL
IL_0455273,5,NV,NV,1.48643192687814e-06,4.102585874932174e-05,0.0018231589929200709,5.6964054238051176e-05,0.02821687888354063,0.9697676301002502,4.319463357660425e-06,8.851546590449288e-05,5,NV
IL_0461573,1,BCC,BCC,0.0028092513166484423,0.07664075748969879,0.9182190895080566,2.7392757473876372e-05,7.160671695771725e-05,0.001819426252041012,0.0004085667221715994,3.84808652142965e-06,2,BKL
IL_0462841,1,BCC,BCC,0.03435498294129502,0.8967534005641937,0.017419590847566724,0.0030065463146229376,0.00947416033159243,0.010628695075865835,0.0065331322064139385,0.021829503846674925,1,BCC
IL_0465605,4,MEL,MEL,4.1751052933136634e-05,0.004331230748903181,0.4388296902179718,7.854604334056603e-05,0.06807572580873966,0.4885694831609726,1.9651230815043164e-05,5.393071575099384e-05,5,NV
IL_0466383,1,BCC,BCC,0.0059488683473318815,0.48037713013764005,0.3882986595854163,5.843551207362907e-05,0.009487530900514685,0.10964896902441978,0.0060776119062211365,0.00010283387928211596,1,BCC
IL_0466626,5,NV,NV,0.09125034909027363,0.00016508326825714903,0.2969045341014862,2.416713957131833e-05,0.0028325047460384667,0.6071954965591431,0.0015737339455057509,5.4178451648567716e-05,5,NV
IL_0468810,1,BCC,BCC,0.10034328361507505,0.3042120486497879,0.44634227827191353,0.0005524400476133451,0.015536821214482188,0.13096774695441127,0.0014579087146557868,0.0005874520575162023,2,BKL
IL_0469044,1,BCC,BCC,0.0002071665476250928,0.49988104568910785,0.49913989844390017,1.8081504471467724e-07,5.9575326758931624e-05,0.0006805890370742418,3.15005959237169e-05,1.7556229803261658e-08,1,BCC
IL_0469511,5,NV,NV,8.849016921885777e-06,0.001810521054721903,0.00721511771553196,0.00016375987252104096,0.09763397520873696,0.8927441537380219,0.00036506888318399433,5.8528206864139065e-05,5,NV
IL_0469581,1,BCC,BCC,0.48505055022542365,0.005260004800220486,0.3356559155508876,0.00032277609609110414,0.003794768614170607,0.16963022800973704,7.908148995738884e-05,0.00020659711015014182,0,AK
IL_0469589,6,SCC,SCCKA,0.4362700927804326,0.5042361877858639,0.011068912514019758,0.0004908195551251993,0.017821965971961617,0.026549868285655975,0.00038313121444844,0.003179029270540923,1,BCC
IL_0474347,6,SCC,SCCKA,0.005152787663973868,0.004638139274902642,0.3057949598878622,0.015165178607276175,0.022811921313405037,0.02715093456208706,0.6170647591352463,0.0022213255251699593,6,SCC
IL_0477847,4,MEL,MEL,0.0006029195637893281,0.00015053425522637554,0.003214793570805341,0.04825479142800759,0.9330080449581146,0.014183648105245084,0.0002440387762590035,0.00034128057450288907,4,MEL
IL_0478120,6,SCC,SCCKA,0.0292918627110339,0.6313275545835495,0.3045478630810976,0.0024321528762811795,0.0017740686889737844,0.017024178989231586,0.013411217834800482,0.00019116624571324792,1,BCC
IL_0478451,1,BCC,BCC,0.008700258360477164,0.5927107781171799,0.18311068415641785,0.0004496817564358935,0.010366881644586101,0.1843847120180726,0.01985771209001541,0.0004192734486423433,1,BCC
IL_0479430,1,BCC,BCC,0.49461246366990963,0.5007728866767138,0.0004193146418742799,4.5426152343180926e-08,0.0006585131694123447,0.0035269591182895965,9.633233883477033e-06,2.0579424564459714e-07,1,BCC
IL_0480697,1,BCC,BCC,0.457201037559571,0.011254283715970814,0.48026380129158497,0.0007561184465885162,0.031451625865884125,0.008653661934658885,0.006673738098470494,0.00374584201927064,2,BKL
IL_0482521,1,BCC,BCC,0.027755144285038114,0.46462274983059615,0.31741418433375657,0.0008377138801733963,0.0015782216796651483,0.1786817037500441,0.008995588828838663,0.00011474092752905563,1,BCC
IL_0484240,1,BCC,BCC,0.12987881992012262,0.526878759264946,0.021146592334844172,0.007090098573826253,0.011063560843467712,0.002989748478285037,0.30076897144317627,0.0001834396316553466,1,BCC
IL_0486701,5,NV,NV,1.3977473050097444e-06,0.0003301137694506906,0.0009655823723733192,3.824691978238093e-06,0.0053256231658451725,0.9929419159889221,1.0615476053743578e-06,0.0004304574504203629,5,NV
IL_0486973,1,BCC,BCC,0.019659012562442513,0.3992083817720413,0.38321930170059204,0.0004047180975703668,0.001978339998458978,0.15498697385191917,0.040277841165334394,0.0002654687028780245,1,BCC
IL_0487689,5,NV,NV,9.735867206472903e-05,0.0009104136279347586,0.02667839382775128,0.010274475323967636,0.07531900936737657,0.8852816522121429,0.0011178787681274116,0.00032079553056973964,5,NV
IL_0489772,1,BCC,BCC,0.20511898670520168,0.14248114051588345,0.41420167684555054,0.0009839980411925353,0.0012081866516382433,0.23591331392526627,6.533503255923279e-05,2.7381944619264686e-05,2,BKL
IL_0490724,1,BCC,BCC,0.33883276684355224,0.548352800309658,0.10052696511411341,4.5282524297363125e-05,0.00034627899731276557,0.010823724627698539,0.0010591159370960668,1.3055279396212427e-05,1,BCC
IL_0491604,6,SCC,SCCKA,0.00029016710317364414,0.00013043739491536144,0.0010897445224209434,5.463314484899229e-05,0.0020445984651757954,2.134472044090785e-05,0.9963681995868683,8.367688623944769e-07,6,SCC
IL_0496664,2,BKL,BKL,0.004230503807775676,0.01215341994283392,0.9177147150039673,7.220694640874825e-06,0.06075071345350125,0.004893274090136401,0.00023144908497041428,1.87282440987091e-05,2,BKL
IL_0499462,4,MEL,MEL,0.00018189099409937626,9.385343946632929e-05,0.20220848338794895,0.00018713178360485472,0.7667613923549652,0.029017166700214148,0.0014045672724023461,0.0001455129931855481,4,MEL
IL_0500533,1,BCC,BCC,0.13057949021458626,0.7026490271091461,0.014089395641349256,0.004992969872546382,0.0013734449748881161,0.07754011359065771,0.0675963944522664,0.0011791500728577375,1,BCC
IL_0503827,0,AK,AKIEC,0.008334422282132437,0.02574737463146448,0.0212687210587319,0.0005316463284543715,0.0032570973271504045,0.0014167071640258655,0.9388192296028137,0.0006248391824783539,6,SCC
IL_0507774,1,BCC,BCC,0.12190768402069807,0.11015006550587714,0.41203681752085686,0.13818430554965744,0.0015717603237135336,0.10334898345172405,0.11253941478207707,0.00026101146795554087,2,BKL
IL_0508901,2,BKL,BKL,0.00013612582188216038,0.43863452018558746,0.42891036346554756,0.00017092661073547788,0.00540527340490371,0.12501194747164845,0.0015836684360692743,0.0001471789200877538,1,BCC
IL_0513622,1,BCC,BCC,0.10056787868961692,0.4474409446120262,0.1984458565711975,0.004513852582022082,0.007115494576282799,0.2256284337490797,0.009900910663418472,0.006386610089975875,1,BCC
IL_0514561,1,BCC,BCC,0.4817543924145866,0.49578612777986564,0.015222517075017095,2.9233084660518216e-05,0.002987193234730512,0.0036860707914456725,0.0005030122028983897,3.1369502721645404e-05,1,BCC
IL_0515398,5,NV,NV,0.0012500584707595408,0.015372925699921325,0.2943998146802187,0.0002092125141643919,0.00024528547100999276,0.6870114207267761,0.00024364806085941382,0.0012676423975790385,5,NV
IL_0515477,1,BCC,BCC,0.400876531843096,0.5135507676750422,0.07494071056134999,0.00011261444069532445,0.0008565582102164626,0.004444682388566434,0.005134953833476175,8.318501932080835e-05,1,BCC
IL_0519349,1,BCC,BCC,9.376585057907505e-05,0.8989921510219574,0.03160037082852796,4.034266360974925e-07,7.251128170082666e-05,0.06921347475145012,2.5829869400695316e-05,1.490390665992436e-06,1,BCC
IL_0519375,5,NV,NV,9.461459649173776e-05,0.0060333022847771645,0.0384562024846673,0.0002551529832999222,0.11177848069928586,0.8423322141170502,0.00020584084631991573,0.0008441326572210528,5,NV
IL_0520171,2,BKL,BKL,0.030298869591206312,0.7539226710796356,0.15161183290183544,0.02086511604284169,0.002025610883720219,0.02746846480295062,0.012262211181223392,0.001545194783830084,1,BCC
IL_0521402,1,BCC,BCC,0.001958115724619347,0.4892042800784111,0.3978189993649721,0.00020648726560068553,0.022044632583856583,0.0887307389639318,2.024939340117271e-05,1.6457641152101132e-05,1,BCC
IL_0521541,1,BCC,BCC,0.13177329301834106,0.25629635341465473,0.3602994419634342,0.04019736498594284,0.10186198481824249,0.007802120642736554,0.09132404439151287,0.01044542557792738,2,BKL
IL_0521926,1,BCC,BCC,0.02174140454008011,0.5433479659259319,0.16931739538995316,0.0007235147909341322,0.0012825445082853548,0.26230486552231014,0.0012579616568473284,2.4308001457029604e-05,1,BCC
IL_0525024,5,NV,NV,0.001974285925541608,0.30780488770415104,0.5051269843243062,4.743809672902444e-05,0.00012562367555801757,0.18354936852119863,0.00019388175119416928,0.0011775110077394402,2,BKL
IL_0528768,1,BCC,BCC,0.009141432121396065,0.021982080303132534,0.6903863549232483,0.0008837770346872276,0.01964942447375506,0.07151165069080889,0.18537944462150335,0.0010657859568254935,2,BKL
IL_0532409,1,BCC,BCC,0.12044440396130085,0.4017890393733978,0.14001096040010452,0.008695921627804637,0.06341069750487804,0.14279328286647797,0.11717898864299059,0.00567672960460186,1,BCC
IL_0533923,1,BCC,BCC,0.00023172829241957515,0.907163143157959,0.016948838077951223,0.023307638010010123,0.0007123800023691729,0.008240801689680666,0.04330393869895488,9.15806376724504e-05,1,BCC
IL_0534902,1,BCC,BCC,0.03925883071497083,0.1229715533554554,0.17441478371620178,0.053107715386431664,0.024512611678801477,0.05776470387354493,0.5064761489629745,0.02149361209012568,6,SCC
IL_0538845,1,BCC,BCC,0.9284954965114594,0.04550530220512883,0.017010001465678215,7.846116773180256e-06,0.003703810892147885,0.004871258601269801,0.0003930982493329793,1.3202400168665918e-05,0,AK
IL_0540027,5,NV,NV,1.2386996559143881e-05,0.00015251200238708407,0.4178155802655965,0.00014046012893231818,0.005987016440485604,0.5757837072014809,9.376904927194118e-06,9.897258951241383e-05,5,NV
IL_0541036,0,AK,AKIEC,0.0006391581991920248,0.9766483008861542,0.007509049421059899,0.00013805465641780756,0.0008044633432291448,0.011610586487222463,0.0026343759382143617,1.6054182651714655e-05,1,BCC
IL_0541600,0,AK,AKIEC,0.029727536195423454,0.038216499611735344,0.12879338301718235,0.0017442531534470618,0.3214596379548311,0.06937973300227895,0.40939881643862464,0.0012801392294932157,6,SCC
IL_0541987,1,BCC,BCC,0.06056039780378342,0.08526278426870704,0.4373386800289154,0.009976229281164706,0.07200370560167357,0.3199107497930527,0.005927898972004186,0.009019561257446185,2,BKL
IL_0542551,2,BKL,BKL,0.45157141878735274,0.00017288404114879086,0.026530444534728304,4.671065767070104e-06,0.49261023409781046,0.028989960439503193,6.972914525249507e-05,5.064292417955585e-05,4,MEL
IL_0548137,0,AK,AKIEC,0.0017747914139363274,0.0727624291102984,0.06647093510900959,0.002035159870501957,0.0016026629864427377,0.0012181416286694002,0.854052722454071,8.313877077803511e-05,6,SCC
IL_0549669,1,BCC,BCC,0.3877558521926403,0.05628379341214895,0.11718486994504929,0.02501366415526718,0.03970809327438474,0.010151327354833484,0.3637828007340431,0.00011960389019805007,0,AK
IL_0549977,1,BCC,BCC,0.0020285724858695175,0.07573211545241065,0.47698126547038555,7.489424569939729e-05,0.013412768254056573,0.028702914714813232,0.4022066953693866,0.0008607386916992255,2,BKL
IL_0550268,5,NV,NV,3.025933551725757e-06,0.0016307192076965293,0.8222858309745789,1.2915566003357526e-05,0.01011556712910533,0.16592980921268463,1.5020089676909265e-05,7.154650234042492e-06,2,BKL
IL_0550618,1,BCC,BCC,0.00215946536991396,0.1536567658185959,0.23512884229421616,0.1165679160039872,0.1314182251226157,0.22231429815292358,0.13776106474688277,0.000993436129647307,2,BKL
IL_0552883,1,BCC,BCC,0.32272240793099627,0.6263252645730972,0.00145941021037288,0.00011407932765905571,0.00036320510298537556,0.0372386178933084,0.011752629964348671,2.4369696802750695e-05,1,BCC
IL_0559300,2,BKL,BKL,0.10313637587387348,0.0004972329388692742,0.8329008519649506,0.000544542599527631,0.04394376464188099,0.016752655152231455,0.0021370620488596614,8.746091225475539e-05,2,BKL
IL_0564162,1,BCC,BCC,6.563431179529289e-05,0.7552233636379242,0.19906857220485108,0.00025375526911375346,0.005091616636491381,0.0391672656260198,0.001103110087569803,2.6745912691694684e-05,1,BCC
IL_0572339,1,BCC,BCC,0.002508587742340751,0.39298684149980545,0.33644367911620066,0.011054270958993584,0.018896207300713286,0.09532519429922104,0.11991661140928045,0.02286859942614683,1,BCC
IL_0576358,0,AK,AKIEC,0.5198374483734369,0.0017489955062046647,0.425188723456813,0.001689909867309325,0.002717788862355519,0.0011293786301393993,0.0476590977050364,2.8672914481830958e-05,0,AK
IL_0583192,0,AK,AKIEC,0.022553144197445363,0.015296865720301867,0.05740778613835573,0.0018567070364952087,0.016161954585186322,0.07989897695370018,0.8068090379238129,1.5594265278195962e-05,6,SCC
IL_0583979,5,NV,NV,8.928692068366217e-05,0.00030290613358374685,0.18863787851296365,0.0002040190011030063,0.04128420085180551,0.7687919437885284,6.136650699772872e-05,0.0006283241709752474,5,NV
IL_0584464,2,BKL,BKL,0.4911813810613239,0.4996264112996869,0.00022226572764338925,3.4832485198421637e-06,0.007710520971158985,0.001044688920956105,0.00020227311324561015,9.045865908774431e-06,1,BCC
IL_0586975,0,AK,AKIEC,0.05029468610882759,0.10355357639491558,0.0847470541484654,0.0005310280103003606,0.1650290726684034,0.2197602903470397,0.37449658231344074,0.0015877374753472395,6,SCC
IL_0588181,4,MEL,MEL,0.06321607157588005,7.688077630518819e-05,0.4460655633592978,0.00013549967769677096,0.4786499938927591,0.006328643095912412,0.005283744572352589,0.00024359692400821586,4,MEL
IL_0588245,1,BCC,BCC,0.46096231509000063,0.3800322972238064,0.04755227919667959,0.00011503345012897626,0.004683295963332057,0.1043906593695283,0.0019646119326353073,0.0002994741444126703,0,AK
IL_0588456,4,MEL,MEL,0.0008861041758336796,0.0008867275901138783,0.11983568221330643,0.0013690691557712853,0.3479312239214778,0.527630478143692,0.0011352056944815558,0.00032551339609199204,5,NV
IL_0588498,2,BKL,BKL,0.016040471440646797,0.8108579814434052,0.08005081117153168,0.0007619344505656045,0.00014092589844949543,0.03837732854299247,0.05358851107303053,0.0001820951106310531,1,BCC
IL_0592358,1,BCC,BCC,0.008843323012115434,0.4074066082546324,0.42873989045619965,4.799011912837159e-05,0.0012941477471031249,0.1515806569950655,0.0020616003130271565,2.5834738607954932e-05,2,BKL
IL_0592984,1,BCC,BCC,0.0011051999463234097,0.4929795190691948,0.013393423141678795,0.008474690606817603,0.002105063947965391,0.08322026656242087,0.3986736382357776,4.8203812639258103e-05,1,BCC
IL_0596418,1,BCC,BCC,0.05345668072550325,0.35341649781912565,0.4001732971519232,0.00048574263200862333,0.07339883642271161,0.11808037012815475,0.0006936336185390246,0.00029494308546418324,2,BKL
IL_0596741,1,BCC,BCC,0.00465266123283925,0.002318210434168577,0.40786446905440243,0.0001771529314282816,0.008319114916957915,0.5764957219362259,0.000132637800561497,4.005338360002497e-05,5,NV
IL_0604713,4,MEL,MEL,3.271209436661593e-06,1.408528657975694e-05,0.4795573577430332,1.6503423466929235e-05,0.5069846929982305,0.013355466595385224,6.242042945814319e-05,6.207845672179246e-06,4,MEL
IL_0605964,5,NV,NV,0.07473797063721577,0.01867455047340627,0.4809286519885063,0.00016952570422290592,0.0019874945282936096,0.4234919399023056,3.811855378899054e-06,6.024921276548412e-06,2,BKL
IL_0607268,1,BCC,BCC,0.01953493494511349,0.7467617988586426,0.004831115715205669,9.25548611121485e-05,0.0026476834318600595,0.008954240256571211,0.21636447793571278,0.0008132840375765227,1,BCC
IL_0607398,0,AK,AKIEC,0.010272206272929907,0.004455570102436468,0.4757178816944361,0.00017214696521250517,0.0008429953923041467,0.01993882251008472,0.48848778124374803,0.00011258817448833724,6,SCC
IL_0607639,0,AK,AKIEC,0.02113237325102091,0.37553125992417336,0.14108785055577755,0.010386670823208988,0.09006905066780746,0.2471913006156683,0.0013081825454719365,0.11329327709972858,1,BCC
IL_0609142,2,BKL,BKL,0.030463058967143297,0.4327002000063658,0.3660857668146491,0.0033922433722182177,0.03612772357882932,0.06387720629572868,0.06695723162556533,0.00039654971624258906,1,BCC
IL_0610224,6,SCC,SCCKA,0.0031990979332476854,0.18361968593671918,0.3257088768295944,7.035236743035966e-05,0.00047599279787391424,0.0025701373087940738,0.4843523427098262,3.4380907720787945e-06,6,SCC
IL_0610322,1,BCC,BCC,0.011908620363101363,0.6805955618619919,0.07811951055191457,0.01956135965883732,0.0024597793963039294,0.016038024332374334,0.16057267904398032,0.030744478106498718,1,BCC
IL_0610557,5,NV,NV,0.00518676819774555,0.001955329955023899,0.4620751328766346,6.000333996780682e-06,0.010878251225221902,0.5197552368044853,0.00013435876280709635,8.907849291972525e-06,5,NV
IL_0614048,5,NV,NV,9.629288979340345e-05,0.0021520706941373646,0.035717145539820194,0.00017988869876717217,0.0332313184189843,0.9280771911144257,5.348525928638992e-05,0.0004926012213672948,5,NV
IL_0617635,2,BKL,BKL,0.01853416906669736,0.02409517124760896,0.61063551902771,0.0009802223357837647,0.28112480137497187,0.034286584705114365,0.025002272566780448,0.005341232495993609,2,BKL
IL_0618534,5,NV,NV,5.709100020112601e-05,1.6943549326242646e-05,0.0010321635199943557,0.00021319192751434457,0.2763359174132347,0.7221791446208954,6.339928995657829e-05,0.0001021215120999841,5,NV
IL_0620338,1,BCC,BCC,0.23346137441694736,0.39931443333625793,0.04246596805751324,0.10549199301749468,0.006934345234185457,0.201694181188941,0.009413598279934376,0.0012240882206242532,1,BCC
IL_0621333,5,NV,NV,7.764937618048862e-05,0.0012714307722490048,0.0009955223358701915,6.571110679942649e-05,0.037734229234047234,0.9591915011405945,6.703197368551628e-05,0.000596886221501336,5,NV
IL_0624945,4,MEL,MEL,2.7058565592597006e-06,1.1845366572060811e-06,0.43211354210507125,3.201590175194724e-06,0.4768445852678269,0.09102136455476284,1.022025969632523e-06,1.2350741030786594e-05,4,MEL
IL_0625469,4,MEL,MEL,8.11113729923818e-05,4.671496867558744e-06,0.049813104909844697,2.3319503270613495e-05,0.516828715801239,0.4329894036054611,0.0001911962876306461,6.842191578471102e-05,4,MEL
IL_0627610,1,BCC,BCC,0.007501782733015716,0.19478028442244977,0.09667352493852377,0.0004206277953926474,0.0049739654955374135,0.003158538485877216,0.6924647092819214,2.6549148742560646e-05,6,SCC
IL_0628495,5,NV,NV,0.00015733461259515025,0.0012530417589005083,5.88784960200428e-05,0.03032159105350729,0.0098643477576843,0.5017044497653842,0.00036951692527509294,0.456270851456793,5,NV
IL_0630515,5,NV,NV,6.466013883255073e-05,7.592589099658653e-05,0.5974049270153046,3.187226525369624e-05,0.274916669819504,0.1272881105542183,1.889152326839394e-05,0.00019896325409263227,2,BKL
IL_0630567,0,AK,AKIEC,0.0002941640914286836,0.0006659958874024596,0.8607217073440552,3.0104166341970995e-06,0.022119540642052016,0.11619151383638382,1.2289673207988017e-06,2.847674679173906e-06,2,BKL
IL_0632998,1,BCC,BCC,0.22739934362471104,0.4837301764637232,0.003155282814987004,0.0005698652166756801,0.003572687302948907,0.006981476908549666,0.27451334285433404,7.782246802889858e-05,1,BCC
IL_0633979,1,BCC,BCC,0.48112846148433164,0.49754853220656514,0.003951221646275371,8.150752182700671e-05,0.012539051014755387,0.000889577844645828,0.0038184731965884566,4.3152316720806994e-05,1,BCC
IL_0636154,2,BKL,BKL,0.03702995793446462,0.013586980343461619,0.9187040030956268,8.051260033425933e-05,0.0012858685486207833,0.02794637924853305,0.0013352264068089426,3.110666143690821e-05,2,BKL
IL_0636666,5,NV,NV,4.8228277051975965e-06,0.0001448706161681912,0.0029230948275653645,1.6716683148843003e-05,0.009996404027333483,0.9868997633457184,5.3761850153932755e-06,8.924653599251542e-06,5,NV
IL_0640013,6,SCC,SCCKA,0.9308823049068451,0.0009087689926943199,0.05459728714049561,0.00014766801614651826,0.001212674674519576,0.005212203407154448,0.006978162156883627,6.095744072598386e-05,0,AK
IL_0643729,1,BCC,BCC,0.0052842507138848305,0.1518194393986505,0.5038260323926806,0.0029011932092544157,0.14657468092627823,0.14356544148176908,0.04505682654962584,0.0009720919899791625,2,BKL
IL_0651741,1,BCC,BCC,0.0036003344575874507,0.49035590864332335,0.01222502626478672,2.5070333720123017e-07,0.04386328260989103,0.449933277326636,1.4879295122227632e-05,6.984757110473083e-06,1,BCC
IL_0653434,4,MEL,MEL,1.2803849926967814e-06,0.001985677964853494,0.0032562698324909434,1.3174896845935535e-05,0.7946216464042664,0.2000150831299834,3.225702999998248e-05,7.461480318227132e-05,4,MEL
IL_0662515,5,NV,NV,1.986263896469609e-06,4.692468451139575e-06,1.655098640185315e-05,3.812653449131176e-05,0.6111870408058167,0.388728691264987,1.4333844205793866e-05,8.569354690735054e-06,4,MEL
IL_0663202,1,BCC,BCC,0.0013518179875973146,0.2765669319778681,0.021357651334255934,0.0088586981582921,0.10472347401082516,0.41781890019774437,0.0003608466095101903,0.16896166652441025,5,NV
IL_0664842,1,BCC,BCC,0.4817786465914651,0.017940785614996457,0.36942925286712125,7.517321520822406e-07,0.045023457689239876,0.08565931721466313,0.00016516507071173692,2.619612700982543e-06,0,AK
IL_0665267,1,BCC,BCC,0.0006549178069690242,0.5436742007732391,0.2778663244098425,0.01822798707871698,0.006197932467330247,0.13802366761956364,0.015160630457103252,0.00019431951295700856,1,BCC
IL_0668310,2,BKL,BKL,0.0013427142112050205,0.04273795522749424,0.10191169753670692,7.331230153795332e-05,0.013009969261474907,0.05243904050439596,0.3961864038865315,0.39229889679700136,6,SCC
IL_0679783,2,BKL,BKL,0.13140102637044038,0.1330164252431132,0.5064588915556669,0.0001501619274222321,0.003088764729909599,0.0017824412789195776,0.22396627312991768,0.0001359536597647093,2,BKL
IL_0681349,5,NV,NV,0.0005673618743458064,0.0003390716155990958,0.006695365533232689,0.0012365615402814,0.18218248058110476,0.8066431283950806,0.00032626707979943603,0.0020097535161767155,5,NV
IL_0682550,5,NV,NV,4.0347713365918025e-06,2.428079079663803e-05,0.0023190675929072313,1.7051670965884114e-05,0.25626653200015426,0.7411256730556488,2.9206645194790326e-05,0.00021414849470602348,5,NV
IL_0683634,4,MEL,MEL,0.00016221227878077116,2.354866524001409e-06,0.13700284715741873,6.30329968771548e-05,0.37166932458058,0.49099612748250365,6.487510427177767e-05,3.920729795936495e-05,5,NV
IL_0684409,2,BKL,BKL,0.230595005559735,0.07590604983852245,0.11648714076727629,0.0005647809862239228,0.0002649460293469019,0.004311715831136098,0.5718294456601143,4.0898475646145016e-05,6,SCC
IL_0685418,0,AK,AKIEC,0.10296407052817358,0.08839408613857813,0.20887351318378933,0.022010516044658868,0.024087629478344752,0.02067959933981456,0.5321797430515289,0.0008108305154422291,6,SCC
IL_0686767,0,AK,AKIEC,0.0009991435981646646,0.4105846956372261,0.006704985239593952,0.012022150775010232,0.010853529101495951,0.0011087575422834561,0.5576737076044083,5.301229947995978e-05,6,SCC
IL_0688391,1,BCC,BCC,0.051107127917930484,0.035785533022135496,0.28748726565390825,0.18754620663821697,0.028444058261811733,0.00508886924944818,0.12202803848776966,0.28251287576858886,2,BKL
IL_0691529,1,BCC,BCC,0.008134695701301098,0.9453653693199158,0.004769893013872206,0.00014384820462964854,0.0003967019001720473,0.004525289783487096,0.03353427169349743,0.0031298677995437174,1,BCC
IL_0692999,1,BCC,BCC,0.00054940975678619,0.5036206808872521,0.4940675380248649,1.419222300569345e-06,2.8039784297106962e-05,0.0013301053600116575,0.0004007585007457237,2.0449821640511345e-06,1,BCC
IL_0693769,2,BKL,BKL,0.29252518992871046,0.0007848347595427185,0.14894406870007515,0.0007599203127028886,0.11539675015956163,0.2710361070930958,0.16975180804729462,0.0008013261417545436,0,AK
IL_0694902,7,VASC,VASC,4.742420484094012e-10,1.7653240291792827e-07,9.812714307777526e-09,1.1241414021867513e-07,8.888798390671582e-06,9.077977665583603e-06,1.4931962263875498e-10,0.9999818205833435,7,VASC
IL_0697059,1,BCC,BCC,0.007502485299482942,0.4162944257259369,0.42415279150009155,0.027363245433662087,0.029569279198767617,0.07649708853568882,0.012202934711240232,0.006417731179681141,2,BKL
IL_0697844,1,BCC,BCC,2.5635454221628606e-05,0.8909806311130524,0.002415742608718574,0.09235444106161594,0.006897783256135881,0.003167206246871501,0.0017392720274074236,0.0024193192402890418,1,BCC
IL_0699958,5,NV,NV,0.0016144858273037244,0.015096768736839294,0.09871451440267265,0.0007675623055547476,0.04849103116430342,0.8347060084342957,0.00040973720024339855,0.0001999326195800677,5,NV
IL_0700053,1,BCC,BCC,0.5918465703725815,0.23585515096783638,0.1275622770190239,0.0009900609020405682,0.005976442218525335,0.03421754855662584,0.0032436313340440392,0.00030830356990918517,0,AK
IL_0700399,2,BKL,BKL,0.007307516149012372,0.02019851398654282,0.05666575767099857,0.027755097020417452,0.378445029258728,0.3027684148401022,0.2037285938858986,0.0031310568665503524,4,MEL
IL_0701362,4,MEL,MEL,1.102885451587099e-05,4.896577365798294e-06,0.9302489459514618,5.554764356929809e-06,0.058210242772474885,0.011501679822686128,1.631563850423845e-05,1.374000554221766e-06,2,BKL
IL_0702834,1,BCC,BCC,0.000371230133168865,0.06291731841287174,0.9216847121715546,7.297547170992402e-06,0.0002616469173517544,0.010106447618454695,0.004649029462598264,2.316271594082764e-06,2,BKL
IL_0705528,1,BCC,BCC,0.07690106052905321,0.5551058948040009,0.0052910796366631985,0.00010044488954008557,0.001176430523628369,0.002117825839377474,0.35787215549498796,0.0014351198227586792,1,BCC
IL_0705529,1,BCC,BCC,0.0001658346263866406,0.49439676257316023,0.036256376188248396,0.0013168867262720596,0.1307596578335506,0.3355016162386164,0.001521205180324614,8.170268120011315e-05,1,BCC
IL_0705548,1,BCC,BCC,0.001574818219523877,0.47777166962623596,0.05541399493813515,0.061110950852253154,0.023736735805869102,0.10832435451447964,0.2718422026373446,0.00022530272690346465,1,BCC
IL_0710738,1,BCC,BCC,0.0006511378014693037,0.5003046081983484,0.48421466959371173,0.00017440456877793054,0.004111499364910287,0.008647885691743795,0.0018613275733514456,3.442666324815491e-05,1,BCC
IL_0710877,1,BCC,BCC,0.020893407403491437,0.2990501746535301,0.0027490154607221484,0.0069112916171434335,0.14247676427476108,0.13172303222381743,0.39561897702515125,0.0005773511657025665,6,SCC
IL_0712386,1,BCC,BCC,0.0017700290336506441,0.6874175071716309,0.045816825702786446,0.00254414085065946,0.002423065365292132,0.050731529016047716,0.2074597291648388,0.0018372192535025533,1,BCC
IL_0713847,5,NV,NV,1.7154060094171086e-05,0.00021905572958758057,0.050791322835721076,0.0001271209162609921,0.008248928585089743,0.9405413568019867,7.385919648328354e-06,4.766846895876142e-05,5,NV
IL_0717553,5,NV,NV,6.025267703080317e-05,5.923580090438918e-06,0.0001404130507580703,2.2742367946193554e-05,0.16355413477867842,0.8360966444015503,2.2969396923144814e-05,9.688227510196157e-05,5,NV
IL_0718275,4,MEL,MEL,4.7645619929426175e-06,6.196706794980855e-05,0.0004951561531925108,0.000454685430668178,0.3388793934136629,0.6599357575178146,0.00010508466766623314,6.317114821285941e-05,5,NV
IL_0719888,1,BCC,BCC,0.0003671813619803288,0.6187273412942886,0.000906576358829625,7.221625128295273e-05,0.00032653009111527354,0.0014479148667305708,0.00027060457978222985,0.37788158730836585,1,BCC
IL_0720160,1,BCC,BCC,0.03130095175583847,0.4590563545934856,0.426433052867651,0.0043914892739849165,0.01143891818355769,0.06316242343746126,0.003577826195396483,0.0006389820337062702,1,BCC
IL_0721541,2,BKL,BKL,0.013656740251462907,0.19800365337869152,0.09974309615790844,0.3846271275106119,0.001788152218068717,0.2840557487215847,0.018059243529933156,6.628727169299964e-05,3,DF
IL_0727699,0,AK,AKIEC,0.06133199296891689,0.00032582289721005964,0.8662694692611694,1.0252149884593109e-07,2.2444377918873215e-05,0.07184382520790678,0.00020612269145203754,1.7911525773683934e-07,2,BKL
IL_0732764,2,BKL,BKL,0.00046576284512411803,0.00028291733565311006,0.9483095407485962,0.0006334772733680438,0.00714113749563694,0.0422912840731442,0.0007248334732139483,0.00015104627345863264,2,BKL
IL_0736879,1,BCC,BCC,0.1103530980180949,0.21913993079215288,0.058850749861449,0.004082345893039019,0.04738274705596268,0.43495108699426055,0.011854195152409375,0.11338589619845152,5,NV
IL_0739664,3,DF,DF,0.004476484078622889,0.0772392419166863,0.49494999647140503,0.06644569255877286,0.10743679106235504,0.24754372239112854,0.0014678280567750335,0.00044026888281223364,2,BKL
IL_0739777,5,NV,NV,0.0027960047966644197,4.118699621358246e-06,0.3958888128399849,0.007659395409064018,0.021272765705361962,0.5719435662031174,0.00041833122577372706,1.7088771642193024e-05,5,NV
IL_0740796,1,BCC,BCC,0.10116079976069159,0.3189197585452348,0.16213234048336744,1.4947164345358033e-05,0.00026285745479981415,0.41741544008255005,9.155243878922192e-05,2.3465026401936484e-06,5,NV
IL_0741650,1,BCC,BCC,0.014124482127954252,0.503887799102813,0.45047914732276695,0.00198939871188486,0.006008986922097392,0.01139040818088688,0.012003860552795231,0.00011584597768887761,1,BCC
IL_0743381,1,BCC,BCC,0.09928936278447509,0.3923322558403015,0.09651077445596457,0.000136563690375624,0.00010781461969600059,0.4109060373157263,0.0005833535979036242,0.00013377891900745453,5,NV
IL_0744189,5,NV,NV,6.407491184745595e-06,0.0009672486518166323,8.201853052014485e-05,0.0002997916245135457,0.019742688862606883,0.9669599235057831,1.2618815134146644e-05,0.011929266640436254,5,NV
IL_0751731,1,BCC,BCC,0.058377984135404404,0.6382278054952621,0.1305982694029808,0.016334792440829915,0.02174553321674466,0.07635885290801525,0.055504270596429706,0.0028524178378575016,1,BCC
IL_0751879,0,AK,AKIEC,0.5025704549625516,0.0031585986725986004,0.0016075584571808577,0.00012564541862047918,0.3709516579110641,0.11870708731294144,0.0016167048452189192,0.0012623456641449593,0,AK
IL_0752294,1,BCC,BCC,0.02757083860342391,0.46573096700012684,0.018255498842336237,0.00021295209808158688,0.0037717078848800156,0.05065792612731457,0.4332546438090503,0.0005454738202388398,1,BCC
IL_0752303,4,MEL,MEL,0.004282106844584632,0.005591673267190345,0.0023715236457064748,0.0013934335602243664,0.6831875741481781,0.2798401862382889,0.00015595252352795796,0.023177570285042748,4,MEL
IL_0753013,1,BCC,BCC,0.00016772214439697564,0.3881632207194343,0.5615841746330261,9.782966776583635e-05,0.008117597157252021,0.0028058327734470367,0.03900608543335693,5.7516010201652534e-05,2,BKL
IL_0753658,0,AK,AKIEC,0.008599794791962267,0.0006245867375582748,0.8295339345932007,0.0020037540341490967,0.10813001124233779,0.050248583691427484,0.0005202250049478607,0.000339056479141675,2,BKL
IL_0758142,1,BCC,BCC,0.0025190671731252223,0.2875281130836811,0.5008769277483225,3.392122289369581e-05,0.0039110975340008736,0.19527319446206093,0.009781464018942643,7.620878022862598e-05,2,BKL
IL_0758206,4,MEL,MEL,2.3133901777327992e-05,0.000556519191576399,0.0005559797718888149,0.0002410627912468044,0.5147547237575054,0.34538494423031807,1.878490468243399e-05,0.1384648540406488,4,MEL
IL_0758314,5,NV,NV,0.00027544684417080134,2.212190975114936e-05,0.0034720635740086436,6.099471676179746e-06,0.0005775107711087912,0.9955341517925262,3.6303350725575e-05,7.634467192474403e-05,5,NV
IL_0758607,1,BCC,BCC,0.0008633254474261776,0.5305795483291149,0.3622223369675339,0.0008417731260124128,0.0008032461992115714,0.09868281823582947,0.0006794993678340688,0.005327485281668487,1,BCC
IL_0761074,1,BCC,BCC,0.3937750980257988,0.3617268977686763,0.14242688566446304,0.038649467431241646,0.01587418536655605,0.022225350723601878,0.024452359415590763,0.0008697349876456428,0,AK
IL_0761140,1,BCC,BCC,0.18321114928403404,0.28268412104807794,0.440970447845757,0.0002522936792956898,0.049256791768129915,0.009983611293137074,0.025103246057369688,0.008538331603631377,2,BKL
IL_0762658,1,BCC,BCC,3.837049234789447e-06,0.29582911553052327,0.13989673100877553,6.823682412537835e-05,0.32436736673116684,0.23958368471357971,7.063819066388533e-05,0.00018040354007098358,4,MEL
IL_0765772,1,BCC,BCC,0.0016910800732148346,0.6247023940086365,0.22329288301989436,0.005299799493514001,0.016344096686225384,0.12433241680264473,0.0015569864790450083,0.0027803558914456517,1,BCC
IL_0768157,1,BCC,BCC,0.0020709242671728134,0.5454735830426216,0.42223537154495716,5.226188750384608e-05,0.0002222811453975737,0.029262215830385685,0.0006413912014977541,4.2038721176140825e-05,1,BCC
IL_0768577,2,BKL,BKL,0.00021383957709986134,3.764869052247377e-05,0.6773890405893326,0.0009566729422658682,0.0012710709561361,0.3200210453942418,5.606590730167227e-05,5.455721429825644e-05,2,BKL
IL_0769866,1,BCC,BCC,0.0023019437794573605,0.49379315512487665,0.44689049758017063,0.0016615244112472283,0.019397788390051574,0.03475755441468209,0.0008945348090492189,0.00030307801631579423,1,BCC
IL_0770460,1,BCC,BCC,0.005881092743948102,0.29606177168898284,0.4493272928521037,0.001071843900717795,0.0107382437272463,0.04703942860942334,0.18946813134243712,0.00041216461249860004,2,BKL
IL_0770948,6,SCC,SCCKA,0.16510372562333941,0.013760058209300041,0.024219200538937002,0.00102377651273855,0.3423536925110966,0.0019861020846292377,0.4512592554092407,0.0002942505379905924,6,SCC
IL_0772122,2,BKL,BKL,0.18551538791507483,0.0005195731646381319,0.5872769579291344,0.0025318777188658714,0.007605430553667247,0.20728352665901184,0.0018653395818546414,0.007401968240628776,2,BKL
IL_0772514,1,BCC,BCC,0.06655901903286576,0.5570874586701393,0.11493481218349189,0.013652176745381439,0.029587072849608376,0.20748825720511377,0.01032717595808208,0.00036399567397893406,1,BCC
IL_0772858,5,NV,NV,0.0058175506142106315,0.0007422814087476581,0.514512550085783,0.001553019043058157,0.006234128319192678,0.469434292986989,0.0014974397886362567,0.00020866433396804496,2,BKL
IL_0773095,1,BCC,BCC,0.0003370679696672596,0.994721382856369,0.00039244737126864493,0.00010095378843288927,0.00022686213196720928,0.0037810341455042362,0.00042666694480431033,1.3605919548353995e-05,1,BCC
IL_0773379,1,BCC,BCC,0.08186625177040696,0.1840880587697029,0.26973842084407806,0.0006624165398534387,0.01192203423124738,0.2559865415096283,0.19545402517542243,0.00028228720839251764,2,BKL
IL_0773953,1,BCC,BCC,0.058318208903074265,0.3371089845895767,0.060345735400915146,0.01562759408261627,0.02736818778794259,0.17332607880234718,0.31206405768170953,0.015841173939406872,1,BCC
IL_0778720,1,BCC,BCC,0.05620121367246611,0.48968935484299436,0.41170459892600775,0.0009334299270449264,0.009682327571681526,0.029320428642677143,0.0022252448252402246,0.00024339706760656554,1,BCC
IL_0780596,2,BKL,BKL,5.270979272609111e-06,3.501013054574287e-06,0.9924663603305817,8.298671673401259e-06,0.005279473683913238,0.00223443511640653,2.305009161318594e-07,2.480050696362923e-06,2,BKL
IL_0783886,4,MEL,MEL,6.490712303275359e-05,0.004752440468791974,0.16378607228398323,4.034779749417794e-06,0.3393305782228708,0.49204933643341064,4.7289772737713065e-06,7.860295227146707e-06,5,NV
IL_0784156,1,BCC,BCC,0.009991099912440404,0.4985953598516062,0.4726834507946478,7.0192124894674635e-06,0.00011875139023231895,0.018562664510682225,3.844835714517103e-05,3.2335968853658414e-06,1,BCC
IL_0784446,2,BKL,BKL,0.006834528856416,0.0039237090677488595,0.4983826484531164,0.0016033950378187,0.000593137381656561,0.0025809065555222332,0.4860705598257482,1.1139153002659441e-05,2,BKL
IL_0784671,1,BCC,BCC,0.18443101015873253,0.29657677016803063,0.4671409123111516,0.0011121843563159928,0.016928512486629188,0.0032425004174001515,0.022102014161646366,0.00846606565755792,2,BKL
IL_0786469,5,NV,NV,9.115067073306449e-05,0.0007257002917602229,0.004526932985754684,0.00028709868826126694,0.0021689863497158512,0.991739809513092,0.00031325287377725886,0.00014709692155179255,5,NV
IL_0787420,4,MEL,MEL,0.0005819262296427041,0.46223889477550983,0.016024092910811305,0.29094585636630654,0.18944379058666527,0.028028711676597595,0.012548260012408718,0.00018845248268917203,1,BCC
IL_0788438,5,NV,NV,4.902561704511754e-05,0.0006922508327988908,0.0016784649051260203,0.00040482833719579503,0.3563480959273875,0.6405637413263321,0.00016441574189229868,9.914554539136589e-05,5,NV
IL_0788459,1,BCC,BCC,0.47293215710669756,0.16702254675328732,0.018273891910212114,0.00040495537018614414,0.036530629702610895,0.29135955683887005,0.0001452456708648242,0.013331028418178903,0,AK
IL_0792033,1,BCC,BCC,0.005162101850146428,0.13806139305233955,0.30428367760032415,0.0005360123905120417,0.1675083376467228,0.06373798754066229,0.31967060851457063,0.0010398499289294705,6,SCC
IL_0793440,5,NV,NV,0.0004880163345646338,0.00010363473893448827,0.17989207099890336,0.004464328544230511,0.003954357001930475,0.8029609024524689,0.008037965425614857,9.872180658021534e-05,5,NV
IL_0793725,0,AK,AKIEC,0.00022737181643606164,0.00022371427257894538,0.16688362509012222,0.005855459836311638,0.002525008167140186,0.4855608083307743,0.33867517262115143,4.882385746896034e-05,5,NV
IL_0797165,5,NV,NV,0.0002866739596356638,0.0031612688180757686,0.0006876530533190817,0.0017802252259571105,0.06767854560166597,0.908618152141571,0.0004531348640739452,0.017334317526547238,5,NV
IL_0807184,0,AK,AKIEC,0.3427272822224552,0.04017071588702947,0.6138933971524239,7.567091060423081e-06,6.657039375568274e-05,0.0027752588503062725,0.0003538015936737082,5.409234032249799e-06,2,BKL
IL_0807223,4,MEL,MEL,1.7263924974031397e-06,0.0014896864322508918,0.0030402796110138297,1.3658594525622902e-05,0.05253336764872074,0.9428255558013916,3.356845439839162e-05,6.211758409335744e-05,5,NV
IL_0807390,4,MEL,MEL,0.0007989553737388633,1.552105794644376e-05,0.039077327759514446,9.68878374649762e-05,0.9524847567081451,0.007101098939529038,0.000174139247178573,0.000251323775820822,4,MEL
IL_0808533,2,BKL,BKL,0.3523552268743515,0.05618379730731249,0.48465070128440857,0.010542683827225119,0.009623878635466099,0.02417136449366808,0.04166843346320093,0.02080391038907692,2,BKL
IL_0808722,0,AK,AKIEC,0.43865276500582695,0.0025254596112063155,0.40006666351109743,0.017930064961547032,0.016481088881846517,0.05484188048285432,0.06857576529728249,0.0009263253941753646,0,AK
IL_0809191,5,NV,NV,0.0007908993684395682,7.30836565168147e-05,0.05061826037490391,0.00035546796493690636,0.26561643183231354,0.6812164783477783,0.00011659243546091602,0.001212771321661421,5,NV
IL_0809761,1,BCC,BCC,0.0007322251622099429,0.9255339205265045,0.0347394235432148,0.0003389366247574799,0.007865290332119912,0.01605733437463641,0.0060681168688461185,0.008664805034641176,1,BCC
IL_0810155,4,MEL,MEL,0.0037971738493070006,0.00013545988986152224,0.21169044822454453,0.007326255727093667,0.43463003635406494,0.3332809507846832,0.005663596210069954,0.003476098572718911,4,MEL
IL_0811004,1,BCC,BCC,0.051953618618426844,0.3804199817532208,0.4627813287079334,0.000466046525616548,0.052232191897928715,0.011571119073778391,0.010596403826639289,0.029979345557876513,2,BKL
IL_0814216,6,SCC,SCCKA,0.23584658280014992,0.00020143586334597785,0.3768651317805052,2.8567310437210836e-05,0.003133519523544237,0.06647725002403604,0.31744151981547475,5.9867213622055715e-06,2,BKL
IL_0815342,1,BCC,BCC,0.39910706874070456,0.5243948996067047,0.05937724726391025,0.00014869456299493322,0.0033868797509057913,0.01209182443562895,0.0013332412636373192,0.00016021454939618707,1,BCC
IL_0816967,1,BCC,BCC,0.07432195472938474,0.7004869282245636,0.009364766534417868,0.0026837654040718917,0.027130205069170188,0.17446918576024473,0.002608210314065218,0.008935018735542144,1,BCC
IL_0817869,5,NV,NV,1.700798793535796e-05,0.0001831976996982121,0.00020455367302929517,2.8254041353648063e-05,0.047385243931785226,0.9519267082214355,0.00010413154632260557,0.0001508097575424472,5,NV
IL_0819034,4,MEL,MEL,1.839727445940298e-06,0.0016665705115883611,0.01044480939162895,7.375708946710802e-06,0.4144760584458709,0.5732532143592834,4.2158234236922e-06,0.00014587371424568119,5,NV
IL_0820798,0,AK,AKIEC,0.0002937093813670799,0.0034974943846464157,0.48828437668271363,3.476914753264282e-05,0.0006337206978059839,0.01005007594358176,0.49707621615743847,0.00012966484337084694,6,SCC
IL_0820879,0,AK,AKIEC,0.0005202792526688427,0.004580330103635788,0.43445396050810814,0.0007316352150610328,0.0004760616102430504,0.006509153805382084,0.5527233257889748,5.317095826740115e-06,6,SCC
IL_0823685,4,MEL,MEL,0.22897400906367693,0.0524302835619892,0.5864367932081223,0.0004364969008747721,0.017467999830842018,0.11152112111449242,0.0007654418768652249,0.001967858559510205,2,BKL
IL_0825949,1,BCC,BCC,0.006667295005172491,0.1773269847035408,0.28672973811626434,0.0021103989565744996,0.0608176332898438,0.4384380541741848,0.023971182527020574,0.003938747860956937,5,NV
IL_0826473,5,NV,NV,1.8642093834841944e-05,0.0002171094060940959,0.009273698280594544,0.00042860335858563303,0.006536425498779863,0.9832687377929688,0.00011285313330944291,0.000143925535667222,5,NV
IL_0828910,1,BCC,BCC,0.16128623485565186,0.3769552931189537,0.2206743027054472,0.0005439599772216752,0.17536203772760928,0.05728083236135717,0.007019634824246168,0.0008776588656473905,1,BCC
IL_0834716,1,BCC,BCC,0.00028636086790356785,0.49470532007399015,0.21816810907330364,0.00266456109147839,0.0230528187857999,0.2552340317706694,0.00450159190222621,0.0013871882709963756,1,BCC
IL_0835315,6,SCC,SCCKA,0.17857811342400964,0.0672662488068454,0.003174552053678781,0.00015352232458099024,0.12424608241417445,0.0497516461982741,0.5756821259856224,0.0011477372398758234,6,SCC
IL_0835355,1,BCC,BCC,0.5598091781139374,0.0529954032972455,0.24079228937625885,0.005683297815266997,0.06133595807477832,0.04275332810357213,0.03372684773057699,0.002903739456087351,0,AK
IL_0836583,1,BCC,BCC,0.01698055025190115,0.010648974915966392,0.8223488032817841,0.011691020568832755,0.07321077305823565,0.035166047513484955,0.0067331378813833,0.0232206538785249,2,BKL
IL_0836761,1,BCC,BCC,0.015477202134206891,0.3595079183578491,0.19006459042429924,0.0004614674689946696,0.02197557222098112,0.3957710452377796,0.00042828667938010767,0.01631392491981387,5,NV
IL_0837149,1,BCC,BCC,0.054016443085856736,0.5099370134994388,0.30515121400821954,0.0022610950213675096,0.03601286587172581,0.08286961566773243,0.007977667442901293,0.0017741507372193155,1,BCC
IL_0837507,1,BCC,BCC,0.8809047937393188,0.02051734970882535,0.021015699254348874,0.00015659907467124867,0.033272032742388546,0.035571003216318786,0.007802288746461272,0.0007602424884680659,0,AK
IL_0838598,6,SCC,SCCKA,0.1383410517591983,0.012428596761310473,0.07251428999006748,0.008226587495300919,0.001717379636829719,0.00047653062938479707,0.7662639021873474,3.1711954761703964e-05,6,SCC
IL_0843327,1,BCC,BCC,0.009956315974704921,0.46472051364253275,0.47494189348071814,0.001779634752892889,0.0034931534610223025,0.014369126060046256,0.03069190910900943,4.744330271932995e-05,2,BKL
IL_0844801,5,NV,NV,2.480417826689063e-06,6.526662467143396e-07,0.0004586691264023557,8.069656422193816e-06,0.17176669742912054,0.8274873197078705,2.3872275322078806e-06,0.00027368514344061623,5,NV
IL_0848676,4,MEL,MEL,2.523778533713994e-06,3.8115841562103014e-05,0.0008743468297325308,0.0001858598625403829,0.05121137970127165,0.9476631879806519,6.91226574645043e-06,1.764642001944594e-05,5,NV
IL_0848948,5,NV,NV,0.00016530538960068952,0.0016933087754296139,0.07124711386859417,0.003425302216783166,0.00023434848844772205,0.9230883419513702,1.9741370124393143e-05,0.00012649424934352282,5,NV
IL_0850065,1,BCC,BCC,0.036511463578790426,0.5199154615402222,0.2534600645303726,0.0011694561690092087,0.03626161813735962,0.1431838907301426,0.009236659039743245,0.00026142559363506734,1,BCC
IL_0850769,6,SCC,SCCKA,0.00045146469346946105,0.42063390265684575,0.09123130142688751,0.0003846989093290176,0.07354152604239061,0.371007245965302,0.042731775902211666,1.8077432741847588e-05,1,BCC
IL_0853673,1,BCC,BCC,0.010261632385663688,0.04676397352886852,0.8295324146747589,0.0036946200125385076,0.008580714464187622,0.09689386188983917,0.0037019930605310947,0.0005707536911359057,2,BKL
IL_0855898,4,MEL,MEL,9.417723561000457e-07,0.1023350883352947,0.26132110389880836,1.2781690202245954e-05,0.09282552856956272,0.04081965467526061,0.4998129857922322,0.0028719380195778577,6,SCC
IL_0858380,4,MEL,MEL,0.0006706389226565079,0.0018981754292326514,0.00022767904920328874,0.00044901982982992195,0.4681078102439642,0.5278966650366783,0.0005008272564737126,0.0002492262501618825,5,NV
IL_0860042,5,NV,NV,0.00794527393773592,9.660741488914937e-05,0.006867890944704413,0.0004849239921895787,0.009529514471068978,0.9742015600204468,0.0006400673494226794,0.00023412655991705833,5,NV
IL_0861940,1,BCC,BCC,0.01650324766524136,0.946755439043045,0.001101347392250318,0.0008572963952246937,0.0025096109384321608,0.0015148470411077142,0.03071204871048394,4.6177882722986396e-05,1,BCC
IL_0864051,1,BCC,BCC,0.0015086009516380727,0.3773606801405549,0.1134973419830203,0.001255087583558634,0.04164175732876174,0.3644915074110031,0.005107507889988483,0.09513746012089541,1,BCC
IL_0867132,6,SCC,SCCKA,0.006170455599203706,0.42180039593949914,0.02899741567671299,0.0024562040925957263,0.0018024285964202136,0.00012018224515486509,0.538632221519947,2.0676572148659034e-05,6,SCC
IL_0867895,1,BCC,BCC,0.030289774760603905,0.5701580345630646,0.2943866699934006,0.0003448447209848382,0.009407284553162754,0.09392733313143253,0.0010931369033642113,0.0003929112294827064,1,BCC
IL_0868364,3,DF,DF,1.980832246317732e-05,0.0005413178846538358,0.0024345700696812855,0.4817060323111946,0.003276614236256137,0.012261456904411716,0.49975934882240836,8.354092702056448e-07,6,SCC
IL_0869160,1,BCC,BCC,0.001175663259346038,0.027368126437067986,0.4819441959261894,0.002107761749812198,0.010000001057051122,0.4756905511021614,0.001529400535446257,0.00018431560852150142,2,BKL
IL_0872477,5,NV,NV,1.9062224964727648e-05,0.00044989280547724775,0.3486848548054695,0.006311732053291053,0.05574466765392572,0.588541716337204,0.00019802360293397214,5.0009035476250574e-05,5,NV
IL_0872966,5,NV,NV,6.49469643683176e-05,5.986370723576329e-07,0.7776369452476501,1.2130512232033652e-05,0.030302828170533758,0.19196088053286076,1.745485511150946e-05,4.20847294435589e-06,2,BKL
IL_0873874,1,BCC,BCC,0.027501089498400688,0.5934115350246429,0.13897629120765487,0.03196849409141578,0.03528842670493759,0.15486431452518445,0.01713308790931478,0.0008567687873437535,1,BCC
IL_0877533,4,MEL,MEL,0.21181647296180017,0.0016710323907318525,0.11333898454904556,2.3147696083469782e-05,0.4315757304430008,0.24149499088525772,4.29062893090304e-05,3.674718118418241e-05,4,MEL
IL_0882013,1,BCC,BCC,0.007909303021733649,0.47391755403532443,0.5137248821556568,3.954778799197811e-05,0.0009388399485033005,0.003120160021353513,0.00032410243147751316,2.5696082502690842e-05,2,BKL
IL_0882854,0,AK,AKIEC,0.0639277957379818,0.4595071072690189,0.4263135469518602,0.0006972436529935067,0.029555474407970905,0.019250739484050428,0.0004066800183863961,0.0003413725391965272,1,BCC
IL_0883387,5,NV,NV,1.3607315736408054e-05,0.001273910467261885,0.0016737399710109457,0.0007092951771028311,0.0021170516265556216,0.9940366446971893,1.4951835339616082e-05,0.00016082453475974035,5,NV
IL_0883893,0,AK,AKIEC,0.02783313626423478,0.00016873422839580599,0.49196279142051935,1.2589124253281625e-05,0.4634725692740176,0.0025847114593489096,0.013962597120553255,2.8873528208350763e-06,2,BKL
IL_0887241,5,NV,NV,0.0021823537681484595,0.0011500613472890109,0.1534496359527111,0.0049321557162329555,0.17357058264315128,0.6579834520816803,0.006086517183575779,0.0006452067027566954,5,NV
IL_0890305,5,NV,NV,4.037104446297235e-07,9.824357448451337e-06,0.009215415326252696,8.545407069959765e-06,0.01527721481397748,0.9754730463027954,1.2867268210925431e-05,2.6946574394060008e-06,5,NV
IL_0891260,1,BCC,BCC,0.07224556244909763,0.4928777813911438,0.34675972419790924,0.004553078724711668,0.019133455585688353,0.04499390022829175,0.007886700623203069,0.011549800112334196,1,BCC
IL_0894322,1,BCC,BCC,0.031525863538263366,0.42388414964079857,0.47498633712530136,0.004978214405127801,0.0032735723216319457,0.010547806741669774,0.05052479589357972,0.0002793149324133992,2,BKL
IL_0895262,2,BKL,BKL,0.0011058083618991077,0.15492527559399605,0.1689202426932752,0.008402311708778143,0.05845493823289871,0.29843934811651707,0.30938967427937314,0.00036240252666175365,6,SCC
IL_0898594,1,BCC,BCC,0.031409094808623195,0.47226008400321007,0.04740644991397858,0.0004221959534334019,0.10426702347467653,0.2928710328415036,0.0015322711551561952,0.049831803888082504,1,BCC
IL_0901496,1,BCC,BCC,8.039948443183675e-05,0.4787933917104965,0.4189470112323761,0.00025638973602326587,0.0003205438501936442,0.10155525209847838,3.795478096435545e-05,9.051657713143868e-06,1,BCC
IL_0903975,1,BCC,BCC,0.006616547703742981,0.45828293849990587,0.3647538902296219,0.00031971723183232825,0.017366605447023176,0.11526012196554802,0.03700356477929745,0.00039660710899624974,1,BCC
IL_0909624,6,SCC,SCCKA,0.0010661133819667157,0.003942234438511605,0.0014737569727003574,0.00820692854540539,0.0012124565225235528,0.001565375758218579,0.9825295805931091,3.594050749455846e-06,6,SCC
IL_0909755,5,NV,NV,0.02946389652788639,0.007248936424730346,0.3634084040822927,0.0007217667989607435,0.002676531112228986,0.5948104411363602,0.0016166416608029976,5.341237874745275e-05,5,NV
IL_0911506,4,MEL,MEL,1.1532387240720254e-06,3.400970083333732e-07,0.0012966928488822305,6.416736994196981e-06,0.5090888142585754,0.48956526815891266,2.3395234052259184e-06,3.89822023976194e-05,4,MEL
IL_0913190,5,NV,NV,0.03585217660292983,0.006516407942399383,0.09145025163888931,0.000882343330886215,0.009377518435940146,0.07207435229793191,0.7796339094638824,0.004212965601254837,6,SCC
IL_0913483,5,NV,NV,1.4143742191663478e-05,1.6257047491308185e-05,0.36353452503681183,0.00013722042422159575,0.057393377646803856,0.5788253396749496,1.0017647127824603e-05,6.914442576544388e-05,5,NV
IL_0915251,7,VASC,VASC,0.008281312344479375,0.14321343787014484,0.05963552976027131,0.0069861592492088675,0.011468733428046107,0.0646751148160547,0.1812227592454292,0.5245170071721077,7,VASC
IL_0919212,1,BCC,BCC,0.31444454012671486,0.4685365743935108,0.14207035745494068,0.015333344228565693,0.010601493529975414,0.01619939459487796,0.018366432515904307,0.014447825291426852,1,BCC
IL_0921105,1,BCC,BCC,0.1378299899151898,0.1264422552922042,0.30954013211885467,0.0007849427238397766,0.0004742318851640448,0.19061951261392096,0.23421026942378376,9.866316031548195e-05,2,BKL
IL_0926236,5,NV,NV,2.084891570319769e-05,7.209991417767014e-05,0.0445349073233956,7.362121004916844e-05,0.060888819440151565,0.8943566083908081,1.2437399504960922e-05,4.073205764143495e-05,5,NV
IL_0927709,4,MEL,MEL,3.5832762673493335e-05,0.000735307024967824,0.1438046458778217,0.0004422947351656603,0.8087943494319916,0.04577998251261306,1.9071328516417907e-05,0.0003884913210470131,4,MEL
IL_0928846,2,BKL,BKL,5.9233901993138716e-05,2.8587355629383637e-06,0.996679037809372,5.035730328017962e-05,0.0001675146918387327,0.0030149051744956523,1.7067723035779636e-05,9.012934015117935e-06,2,BKL
IL_0930071,5,NV,NV,2.7134691151786683e-06,2.19968563897055e-06,0.4737814705003984,3.0144032280077226e-05,0.002227807533927262,0.5239390507340431,5.867598247277783e-06,1.0756476456208475e-05,5,NV
IL_0931113,6,SCC,SCCKA,0.0012245943653397262,0.6743577569723129,0.2784480014379369,0.009809799455815948,0.004604489595294581,0.009723294568175334,0.021607674356374673,0.0002244077513182674,1,BCC
IL_0932905,1,BCC,BCC,0.09366782652796246,0.7316777408123016,0.15046836622059345,0.0010233671662689403,0.0015518631967097463,0.020761642743309494,0.0004917098344776605,0.00035753234837443415,1,BCC
IL_0933213,1,BCC,BCC,0.013801949098706245,0.3270527049899101,0.6245922595262527,0.0021500522270798683,0.0022913774591870606,0.02333693578839302,0.0057908291928470135,0.0009838248370215297,2,BKL
IL_0937448,1,BCC,BCC,0.15600771647223155,0.4983133617788553,0.305079667334212,0.00031667626780063074,0.0033409085783659975,0.03607115149497986,0.000786573757068254,8.391599068602318e-05,1,BCC
IL_0941988,1,BCC,BCC,0.14956644011544995,0.14086559658608167,0.4745924323797226,0.004399792640469968,0.05704525229521096,0.07506581768393517,0.0980902091396274,0.0003744642235687934,2,BKL
IL_0945198,5,NV,NV,0.0005132871519890614,0.0032066354447124468,0.10169183276593685,0.0033688363764667884,0.14746158523485065,0.7391085922718048,0.0032821448767208494,0.0013671045271621551,5,NV
IL_0948841,1,BCC,BCC,0.018128135707229376,0.4985292018391192,0.10602263422333635,0.001073606624686363,0.0015867703477852046,0.004284668202672037,0.3701272075995803,0.0002477161051501753,1,BCC
IL_0949755,1,BCC,BCC,0.014983322005718946,0.4631075623910874,0.0863938732072711,0.00018464342338120332,0.001681388681390672,0.433529619127512,8.155141767929308e-05,3.8050518014642876e-05,1,BCC
IL_0952894,5,NV,NV,0.0005511570386715903,0.000531105550180655,0.03531842608936131,0.01287479215534404,0.11917740479111671,0.8286585211753845,0.00231332877820023,0.0005752814086008584,5,NV
IL_0956761,1,BCC,BCC,0.003087704681092873,0.4895720575004816,0.0007563294202554971,0.00029308247030712664,0.0030208733514882624,0.0019235272775404155,0.49979630019515753,0.0015501078391935152,6,SCC
IL_0957907,6,SCC,SCCKA,0.0051863960979972035,0.027027342934161425,0.4565263339318335,0.004509974271059036,0.0542554670246318,0.04025661270134151,0.3519669772358611,0.060270944675721694,2,BKL
IL_0960314,3,DF,DF,0.00017231715106680312,0.3920278110332234,0.0007780659691718483,0.5049763424322009,0.00045714906909211095,0.1009949862218491,0.00024053444500538035,0.00035278743887801056,3,DF
IL_0960760,5,NV,NV,3.4312002128444874e-06,1.8236473650290463e-05,0.0030823408160358667,0.009697182566014817,0.0711455624550581,0.915135383605957,4.927652142328043e-06,0.0009128827067570455,5,NV
IL_0960913,6,SCC,SCCKA,0.5657596364617348,9.193804044116405e-05,0.04335099403931508,1.2811948462143619e-06,2.1186289814068004e-05,3.012438583027688e-05,0.3907448105965159,2.432630796800339e-08,0,AK
IL_0962219,1,BCC,BCC,0.006570910336449742,0.4263172745704651,0.0009696609049569815,0.13503022072836757,0.08027322392445058,0.3231196771375835,0.02764890373509843,7.015113078523427e-05,1,BCC
IL_0963446,1,BCC,BCC,0.0516876372275874,0.6029053926467896,0.00885712169110775,0.0007939069487292727,0.005450377091619885,0.0013254594814497977,0.32861158694140613,0.0003685731062432751,1,BCC
IL_0963909,0,AK,AKIEC,0.2699418142437935,0.4494548998773098,0.24308926472440362,0.0009586429987393785,0.006445065366278868,0.025050472060684115,0.004415719420649111,0.0006441532605094835,1,BCC
IL_0965686,5,NV,NV,3.7954268464091e-05,0.0015862167210798361,0.07526625692844391,0.004361773218079179,0.0046217774506658316,0.9140608012676239,1.0741061316821288e-05,5.449172863336571e-05,5,NV
IL_0965927,5,NV,NV,0.0001058903999364702,0.09961776062846184,0.025714796036481857,0.00017792828657547943,0.2154944019857794,0.5513823553919792,0.10740092147534597,0.000105995455669472,5,NV
IL_0966706,1,BCC,BCC,0.0011061379555030726,0.01641907781277041,0.5129366591572762,0.15013641621180795,0.006737665206856036,0.002298642648383975,0.3103218436548332,4.355452236382007e-05,2,BKL
IL_0966806,5,NV,NV,1.717667214506946e-05,1.5082031069368895e-05,0.0006956152737984667,0.00023255480709849508,0.012539453338831663,0.9863113760948181,3.84216023121553e-05,0.00015034083116916008,5,NV
IL_0967038,2,BKL,BKL,5.488974966283422e-05,1.62905935070512e-05,0.8418562412261963,7.429799003944026e-05,0.08721571823116392,0.07072064667590894,1.5058140434121015e-05,4.684870563664845e-05,2,BKL
IL_0967073,6,SCC,SCCKA,0.15876082703471184,0.19885924644768238,0.20471270754933357,0.0003494383199722506,0.06003453768789768,0.04477190785109997,0.3322816781583242,0.00022964477830100805,6,SCC
IL_0970556,1,BCC,BCC,0.007693242514505982,0.44407123140990734,0.31807091207883786,0.02061493033761508,0.077292715664953,0.05053867463448114,0.08136266656219959,0.00035563659639592515,1,BCC
IL_0971210,1,BCC,BCC,0.0317688905633986,0.29676394164562225,0.031076692626811564,0.094566878862679,0.3943018317222595,0.03125276416540146,0.11048809811472893,0.009780930122360587,4,MEL
IL_0974592,5,NV,NV,0.00016030083224904956,1.1290053976154013e-06,7.149262614802865e-06,3.858588115690509e-06,0.10031746327877045,0.8990449607372284,5.94820016885933e-06,0.00045916842100268696,5,NV
IL_0976725,2,BKL,BKL,0.013453713891294683,0.07456551761286345,0.618570975959301,4.206983863497271e-07,0.0037462067955402745,0.2896620163519401,3.0722612009981276e-07,8.10450622168446e-07,2,BKL
IL_0977537,2,BKL,BKL,0.0009323234262410551,0.005745036527514458,0.5412771701812744,0.001353546918835491,0.059952027862891555,0.38575301971286535,0.004018047595309326,0.0009688211139291525,2,BKL
IL_0978342,5,NV,NV,2.5324080752398004e-06,0.00039344503642269046,0.01868988823116524,9.470830718782963e-05,0.0018600963958306238,0.9789412617683411,4.731950411951402e-06,1.330728218817967e-05,5,NV
IL_0980631,1,BCC,BCC,0.02440124680288136,0.024816501754685305,0.4441873118048534,9.642854530511613e-05,0.31102847470901906,0.1939412218052894,0.0014109960029600188,0.00011782031288021244,2,BKL
IL_0982091,1,BCC,BCC,0.08907125503174029,0.49586351215839386,0.12571038072928786,0.07799361948855221,0.015219703607726842,0.12557726399973035,0.06951189273968339,0.0010523797827772796,1,BCC
IL_0987624,1,BCC,BCC,0.029910951328929514,0.27673887461423874,0.342154398560524,0.19300311992992647,0.0129677620716393,0.10731060802936554,0.03606640643556602,0.001847848330726265,2,BKL
IL_0993436,1,BCC,BCC,0.23079845696338452,0.49424830032512546,0.0017837788327597082,5.104533374833409e-05,0.12658291030675173,0.14151733799371868,0.004772195185068995,0.0002459741444909014,1,BCC
IL_0994070,2,BKL,BKL,0.49176349584013224,0.0005150528786543873,0.02199480589479208,6.938191657468451e-05,0.4693333494351464,0.015108316725672921,0.001031489791785134,0.00018415928400017378,0,AK
IL_1001591,4,MEL,MEL,4.738906864076853e-05,0.0015188785200734856,0.3562398879112152,2.79054838756565e-05,0.5694080218672752,0.07238118350505829,0.00034884875094576273,2.7952448022006138e-05,4,MEL
IL_1002499,2,BKL,BKL,3.294658723973498e-05,0.00043006740452256054,0.41828527045436203,0.0004905690639134264,0.013780575711280107,0.5668892338871956,2.887658106942581e-05,6.246133307286073e-05,5,NV
IL_1003728,4,MEL,MEL,8.203230734693534e-07,6.150978833829868e-06,3.77274352558743e-05,0.0004979285040462855,0.006905347341671586,0.9923966526985168,1.2588861295625975e-05,0.00014276738357921204,5,NV
IL_1006446,1,BCC,BCC,0.2238629087805748,0.26367369228682946,0.453463617246598,0.00020855554612353444,0.01999098202213645,0.026349559891968966,0.012378216852084734,7.249477857840247e-05,2,BKL
IL_1013534,7,VASC,VASC,0.00018332684066990623,0.005266418680548668,0.00013986950943944976,0.3836497163938475,0.07996416930109262,0.006934068129339721,0.0003811311980825849,0.5234813243150711,7,VASC
IL_1016151,4,MEL,MEL,0.00018875086243497208,0.0026417008620569504,0.0695568644296145,0.00010465580999152735,0.5015541817992926,0.4256462063640356,0.00010638583989930339,0.00020122600562899606,4,MEL
IL_1020269,1,BCC,BCC,0.0006543010895256884,0.06183999718632549,0.5026111081242561,0.005873384769074619,0.016069993376731873,0.4118065908551216,0.0009707306744530797,0.0001739205872581806,2,BKL
IL_1021886,2,BKL,BKL,0.003344027150887996,0.009114513144595549,0.7226272225379944,0.005006719990888087,0.02496705787416431,0.23390959104290232,0.0006817689500167035,0.0003491116819986928,2,BKL
IL_1022575,2,BKL,BKL,0.0018207636385341175,0.004375420699943788,0.9557852149009705,0.00014322857066417782,0.0016358880093321204,0.03571124421432614,0.0003062959570740986,0.00022189881144640822,2,BKL
IL_1024518,5,NV,NV,0.00010893083907603796,0.0002500888367649168,0.3521975369658321,0.008743992239033105,0.02848252560943365,0.6054455786943436,0.00013787464740744326,0.004633464268408716,5,NV
IL_1024813,6,SCC,SCCKA,0.008839742746204138,0.4719163317931816,0.09742647223174572,0.044928302348125726,0.007173695019446313,0.0067240134958410636,0.36289672926068306,9.477835010329727e-05,1,BCC
IL_1025341,1,BCC,BCC,0.022304933983832598,0.22118425741791725,0.31541209667921066,7.75342550696223e-05,0.0006532535771839321,0.4214209020137787,0.018849175874493085,9.780440086615272e-05,5,NV
IL_1026804,4,MEL,MEL,4.2628509220321575e-06,8.261680903842716e-07,0.53168123960495,4.680296547121543e-05,0.08380245899024885,0.3843362368643284,1.3299168095670666e-05,0.00011492941228041786,2,BKL
IL_1027638,4,MEL,MEL,5.424650083796223e-06,1.604633246188314e-05,0.274933647735935,0.00021575956452579703,0.6201077103614807,0.104529591742903,0.0001897221227409318,2.08607297480512e-06,4,MEL
IL_1030040,5,NV,NV,0.00028309444860497024,0.011286199325695634,0.49755050241947174,0.00010405560897197574,0.024278683587908745,0.4624957889318466,0.0039689186246505415,3.273178845120128e-05,2,BKL
IL_1030535,1,BCC,BCC,0.013043399172602221,0.006148606131318957,0.9665996134281158,0.0004773293767357245,0.004631625954061747,0.007901026518084109,0.0010225560108665377,0.00017579605628270656,2,BKL
IL_1030671,4,MEL,MEL,0.17234547436237335,0.10473114717751741,0.36118308827281,0.001092983767421174,0.06599413415824529,0.22126857819966972,0.061089446768164635,0.012295152964895806,2,BKL
IL_1032364,7,VASC,VASC,1.1960476875572112e-07,0.00029126335903129075,1.3764449462883022e-05,6.709704706509001e-06,0.0007535678901149367,0.004121443124404323,1.0049331600203715e-07,0.9948129951953888,7,VASC
IL_1036024,1,BCC,BCC,0.06959303573239595,0.4994929898530245,0.2054600149858743,0.0006002488635203918,0.0005283158534439281,0.22366620134562254,0.0006309520613285713,2.8223452318343334e-05,1,BCC
IL_1036573,1,BCC,BCC,0.8061895668506622,0.09488974139094353,0.018995192542206496,0.0002147018751159635,0.05828853146886104,0.016716760168719702,0.00460360839497298,0.00010188144820233447,0,AK
IL_1037790,5,NV,NV,0.00265258556464687,0.05377376116302912,0.7051827609539032,0.007429231656715274,0.043547813314944506,0.18305999040603638,0.002090718422550708,0.0022632033651461825,2,BKL
IL_1038225,5,NV,NV,9.570498491484614e-07,7.97422606169107e-07,0.0011648540894384496,5.789034617009747e-06,0.16959395073354244,0.8291906416416168,1.0835935242425876e-06,4.194541725155432e-05,5,NV
IL_1039753,4,MEL,MEL,2.9797461138514336e-05,0.005574379698373377,0.3235070314258337,0.09598301502410322,0.31127825806470355,0.2566458433866501,0.00022955778149480466,0.006752094586772728,2,BKL
IL_1042146,1,BCC,BCC,0.002661152458131255,0.13886565262509976,0.2795932739973068,0.006691511487588286,0.14136334508657455,0.29188019037246704,0.13888623037018988,5.866017636435572e-05,5,NV
IL_1046735,1,BCC,BCC,0.002055833872873336,0.37723495066165924,0.560370683670044,0.0013562612894020276,0.004420956480316818,0.049856326542794704,0.003671259235488833,0.001033702283166349,2,BKL
IL_1049569,1,BCC,BCC,0.010793771594762802,0.49738573282957077,0.06229482451453805,0.015209941426292062,0.1163851342862472,0.2577440566383302,0.0069939817767590284,0.03319245143211447,1,BCC
IL_1050335,5,NV,NV,9.276404398406157e-06,0.00027962822673543997,0.002403743294053129,0.0032817363389767706,0.00668712705373764,0.9871339797973633,8.259999276560848e-06,0.00019619965678430162,5,NV
IL_1050579,1,BCC,BCC,0.030615467749157688,0.12317612655897392,0.6741103827953339,0.0011723606730811298,0.022882517660036683,0.14628973044455051,0.001214675314258784,0.0005387588898884133,2,BKL
IL_1051456,1,BCC,BCC,0.2583075474249199,0.5654225051403046,0.11027773412934039,0.005603578236332396,0.0024493832470398047,0.01940740819554776,0.03732502739876509,0.0012067776929143292,1,BCC
IL_1057278,1,BCC,BCC,0.039878565818071365,0.0836425325833261,0.6290363967418671,0.04362911859061569,0.09434601105749607,0.09356959629803896,0.015245293732732534,0.0006524911004817113,2,BKL
IL_1057711,5,NV,NV,7.875445540150849e-07,2.4261985345219728e-06,0.009222588269039989,2.547061899349501e-05,0.03228921163827181,0.9584281146526337,2.281183867580694e-06,2.9169124331929197e-05,5,NV
IL_1058871,1,BCC,BCC,7.433804629197738e-06,1.8163639836643597e-05,0.00041189561699184196,4.862237841241068e-06,0.861349880695343,0.13638578703830717,4.267260997892208e-07,0.0018215657000837382,4,MEL
IL_1059300,2,BKL,BKL,6.814660782339388e-07,1.4451102359203105e-07,0.7265651077032089,6.704119869027636e-06,0.001466074783820659,0.2719603315927088,5.033520054098517e-07,4.516649880770274e-07,2,BKL
IL_1060778,1,BCC,BCC,0.28812576085329056,0.24380797147750854,0.36126163601875305,0.0002107197724399157,0.0030332981259562075,0.09083395451307297,0.012012217775918543,0.0007144075252654147,2,BKL
IL_1062117,4,MEL,MEL,0.0007651885116501944,0.001798238605260849,0.010194830829277635,0.0022734696831321344,0.11693737469613552,0.5028704516589642,1.1923769761779113e-05,0.3651485024020076,5,NV
IL_1062224,5,NV,NV,1.1950665310678232e-06,8.350610841034722e-06,0.008290414515386146,7.31317732061143e-06,0.023765192832797766,0.9679116308689117,2.6022995598395937e-06,1.3245991056010098e-05,5,NV
IL_1065158,4,MEL,MEL,1.6125729416671675e-05,0.00022471184615824313,8.610634176875465e-05,0.00017135995267381077,0.42395502515137196,0.5754530802369118,6.0069880419177935e-05,3.356978777446784e-05,5,NV
IL_1065532,1,BCC,BCC,6.135214880487183e-05,0.5002475084038451,0.4897371422848664,1.69138104411104e-06,1.1082857724886708e-06,0.008263111696578562,0.0016869514847712708,1.1648412368003846e-06,1,BCC
IL_1066260,5,NV,NV,5.5787518476790865e-05,1.6878352482763148e-05,0.01278519257903099,6.448228918998211e-05,0.7715473175048828,0.2149074673652649,2.0889203369733877e-05,0.000601995678152889,4,MEL
IL_1066401,6,SCC,SCCKA,0.005725658105802722,0.009183189366012812,0.0070555550046265125,0.0005669244274031371,0.2277612523175776,0.7337872684001923,0.014619044726714492,0.00130109341989737,5,NV
IL_1066586,1,BCC,BCC,0.001560993550810963,0.8270504772663116,0.0022503561340272427,3.417689458729001e-05,0.0006877342202642467,0.0005519002152141184,0.1677460253413301,0.00011832488178242784,1,BCC
IL_1072966,2,BKL,BKL,0.009267376095522195,0.47101099987048656,0.45874544885009527,0.003296732233138755,0.00602869875729084,0.04063637391664088,0.010368597228080034,0.0006457750860136002,1,BCC
IL_1075649,4,MEL,MEL,1.3053412658337038e-05,0.00015414330570706625,0.005762046814197674,4.7346848532470176e-05,0.4839690965600312,0.5099153351038694,4.0246936805488076e-05,9.873320595943369e-05,5,NV
IL_1075740,4,MEL,MEL,3.662581377739116e-06,5.4822991842229385e-05,0.4327890343556646,1.1780063232436078e-05,0.4481727131642401,0.11891553550958633,5.950718332314864e-06,4.6538858441635966e-05,4,MEL
IL_1077035,5,NV,NV,4.005064084822152e-06,0.00014361553667185945,0.02178700256627053,2.195379636305006e-05,0.12699096905998886,0.8510021567344666,6.3011790985001426e-06,4.40356889157556e-05,5,NV
IL_1077349,5,NV,NV,4.33674660342831e-05,0.0001942381896782308,0.002208731370046735,0.00030867958412272856,0.07034183645737357,0.9262973964214325,5.753676401809571e-05,0.0005482973610924091,5,NV
IL_1077791,6,SCC,SCCKA,0.7431162893772125,0.05784614128060639,0.05430939234793186,0.0004162323602940887,0.0923538776114583,0.04847010225057602,0.0027852513594552875,0.000702731529599987,0,AK
IL_1081068,1,BCC,BCC,0.004993774578906596,0.5039640394970775,0.01206505624577403,0.017294764940743335,0.17782031022943556,0.2796800431824522,0.0017616279510548338,0.002420377572889265,1,BCC
IL_1082732,2,BKL,BKL,5.765457456163858e-05,0.0018878301503733041,0.7360148280858994,0.0013940603764268644,0.006701495360175613,0.2537698821470258,0.00012431005249879945,4.9922476595298804e-05,2,BKL
IL_1085478,0,AK,AKIEC,0.008783835038684629,9.487603267643863e-05,0.7633147537708282,2.613336732792959e-06,0.08236122380549205,0.1428004391491413,0.002640597340359818,1.6559937776605693e-06,2,BKL
IL_1087504,5,NV,NV,0.0003293050237971329,0.0023274361410585698,0.011461876099929214,7.786160495015793e-05,0.0007313419046113268,0.9847099781036377,0.0001597278010763148,0.00020248390865162946,5,NV
IL_1088813,1,BCC,BCC,0.053496904438361526,0.22320726327598095,0.5146554671227932,0.0032216938852798194,0.0059960337821394205,0.009029795648530126,0.189732366532553,0.0006604964437428862,2,BKL
IL_1089053,0,AK,AKIEC,0.10956727340817451,0.20559507235884666,0.22518650442361832,0.00242287833498267,0.026630432927049696,0.008542741215933347,0.42126432061195374,0.0007907787512522191,6,SCC
IL_1090086,1,BCC,BCC,0.0006910153988428647,0.5488470643758774,0.12543868646025658,0.003712248386761985,0.12206050616794073,0.19597613019868731,0.0012639137275982648,0.002010397443424239,1,BCC
IL_1093822,1,BCC,BCC,0.4364459216594696,0.3343438059091568,0.013192675425671041,0.0004914540113531984,0.008602391462773085,0.0008215628913603723,0.20585573161952198,0.000246437384703313,0,AK
IL_1094162,1,BCC,BCC,0.00578262860653922,0.9757071435451508,0.003796611854340881,0.004488511840463616,0.0005332115251803771,0.0027669863193295896,0.006851872563856887,7.307853837801304e-05,1,BCC
IL_1097416,4,MEL,MEL,0.01649045149201811,0.00026321455516153947,0.013777223446595599,0.0004213680747682247,0.6413840353488922,0.32143064215779305,0.006054989046560877,0.00017810506278692628,4,MEL
IL_1098569,1,BCC,BCC,0.39197726314887404,0.10696979239583015,0.38464375864714384,1.5443785287061473e-05,0.04956264270003885,0.06623399525415152,0.000552726954992977,4.433166031958535e-05,0,AK
IL_1099248,1,BCC,BCC,0.001730867283185944,0.49805508848658064,0.4915658813188202,5.710012243298479e-05,0.006035391954355873,0.002176337318815058,0.0003322124684927985,4.7147518444035086e-05,1,BCC
IL_1101904,2,BKL,BKL,0.0007112195635272656,0.08795608953369083,0.46708711981773376,0.00010639212905516615,0.004300886241253465,0.3891126364469528,0.04817321037990041,0.002552407119765121,2,BKL
IL_1102266,4,MEL,MEL,8.867138421919663e-05,0.0012040548608638346,5.587421401287429e-05,0.0006709493027301505,0.47422876954078674,0.04342315800022334,4.5058337491354905e-05,0.4802834093570709,7,VASC
IL_1104611,6,SCC,SCCKA,0.03379261693589797,0.19847276943437464,0.5071663488633931,4.304115691411425e-06,0.00015362136855401332,0.0010960858198814094,0.2593104368402237,3.827676039236394e-06,2,BKL
IL_1104647,1,BCC,BCC,0.001109472243115306,0.9560831785202026,0.0006005474569974467,0.0075025296300736954,0.0007089424470905215,0.001597274822415784,0.032359443604946136,3.8590812778238615e-05,1,BCC
IL_1105307,5,NV,NV,0.0008796787351457169,0.007619647134561092,0.23352020978927612,0.0013552937161875889,0.14556909911334515,0.6096858978271484,0.0006349154573399574,0.0007352660468313843,5,NV
IL_1110847,2,BKL,BKL,0.008054136298596859,0.006107295461333706,0.5463058203458786,0.0036944877938367426,0.006370822666212916,0.15998242306523025,0.2690850899089128,0.000399884746002499,2,BKL
IL_1114001,0,AK,AKIEC,0.4693460691296423,0.0013104136828019364,0.5131748486310244,2.3841748770792037e-06,0.0005884700221940875,0.0036000327290821588,0.01197739489992955,4.075497717082044e-07,2,BKL
IL_1116868,2,BKL,BKL,1.599435539390015e-05,0.0006602139271763008,0.6092790737748146,0.003305960147542919,0.0004777192898473004,0.3861785464687273,3.520608422791227e-05,4.726505830632277e-05,2,BKL
IL_1118259,1,BCC,BCC,0.003712132922373712,0.2815682515501976,0.4472477864474058,5.357424788599019e-05,0.0005667214390996378,0.008795692352578044,0.2580279148533009,2.7883716029464267e-05,2,BKL
IL_1118490,1,BCC,BCC,0.14124261457664034,0.5704250782728195,0.17674488518969156,0.025280164230025548,0.03588878770824522,0.031564660370349884,0.017122660763561726,0.0017311992415045552,1,BCC
IL_1120917,5,NV,NV,0.00032967611969070276,0.014810820627758403,0.4237596094608307,0.0030026815256860573,0.06526166386902332,0.4926902949810028,8.699018519564561e-05,5.82702923566103e-05,5,NV
IL_1122341,1,BCC,BCC,0.370697021484375,0.16407419787719846,0.22392262145876884,0.01681602420285344,0.07413837569765747,0.00779901840724051,0.14073844999074936,0.0018143255729228258,0,AK
IL_1122729,0,AK,AKIEC,0.005602816032478586,0.0019071200513280928,0.49906674251542427,0.0004193084073449427,7.982921306393109e-05,0.0005385634708545695,0.49238301802142814,2.5868873763101874e-06,2,BKL
IL_1127308,6,SCC,SCCKA,0.3467847998254001,0.006026274291798472,0.13407167047262192,0.001481028099078685,0.0027680075727403164,0.004795061042386806,0.5040353983640671,3.768971021145262e-05,6,SCC
IL_1128310,1,BCC,BCC,0.007117601780919358,0.3717908828984946,0.15848659351468086,0.10982682392932475,0.011678641894832253,0.33346126234391704,0.006028595361385669,0.0016096442923299037,1,BCC
IL_1129675,1,BCC,BCC,0.047774527349247364,0.5075161224231124,0.44122401440927206,0.00014259572981245583,0.0012488586871768348,0.001231031827046536,0.000823619011498522,3.9187436868814984e-05,1,BCC
IL_1131415,1,BCC,BCC,0.015329917019698769,0.44206212983408477,0.4892573272809386,0.005590945336734876,0.00285663636168465,0.028508794493973255,0.012343446956947446,0.004050850273415563,2,BKL
IL_1131642,1,BCC,BCC,7.02531140177598e-05,0.9863421618938446,0.00015759382222313434,1.444488106017161e-06,0.0002512904175091535,0.010628594929585233,0.0024020156031951956,0.0001466545445509837,1,BCC
IL_1133754,1,BCC,BCC,0.003804728912655264,0.08930465174398705,0.7737622857093811,0.0002875522695831023,0.008547370496671647,0.12215446028858423,0.0014044158160686493,0.0007345584454014897,2,BKL
IL_1139231,5,NV,NV,3.2512901562142815e-06,3.291446963693545e-05,0.03713307717407588,1.4572520043998338e-06,0.5698777288198471,0.39294087514281273,7.340116923160167e-07,1.00256099813123e-05,4,MEL
IL_1140654,1,BCC,BCC,0.5220956020057201,0.43059569830074906,0.005591687047854066,0.00029399031245702645,0.0010634779537213035,0.0400778166949749,0.00023901940585346892,4.277461630408652e-05,0,AK
IL_1141738,1,BCC,BCC,0.07878516125492752,0.01565524749457836,0.30155131965875626,0.0007037104696792085,0.04262470228422899,0.07844943599775434,0.48032616899581626,0.0019043021893594414,6,SCC
IL_1141889,2,BKL,BKL,0.044261980801820755,0.01401106920093298,0.297037273645401,0.11985928169451654,0.01926201395690441,0.4337653424590826,0.06067713498487137,0.011125924531370401,5,NV
IL_1150013,5,NV,NV,0.000626145814393908,0.001443888619178324,0.4744656695984304,6.653527100297651e-05,0.010711091072153067,0.5123728010803461,0.0002778139574957095,3.6105279377807165e-05,5,NV
IL_1151731,1,BCC,BCC,0.001492427952143771,0.042418446857482195,0.1737762726843357,0.00505572790016906,0.004224863194394857,0.6572716683149338,0.11570209606325932,5.8492029467061e-05,5,NV
IL_1152647,2,BKL,BKL,0.01846678287256509,0.24187516421079636,0.5844805985689163,0.0010075965255964547,0.0012667761475313455,0.14478237461298704,0.00657773413695395,0.0015429518825840205,2,BKL
IL_1154245,6,SCC,SCCKA,0.4962054952047765,0.00013604240598397155,0.08469887543469667,3.9925799740103685e-05,0.38660321638235473,0.02473987757730356,0.0075541596743278205,2.2377968065256937e-05,0,AK
IL_1159424,4,MEL,MEL,2.510996520044273e-06,2.8101474661923476e-05,2.7227591544942698e-05,1.0156942451544637e-05,0.46019030097522773,0.5397204756736755,2.7716789361420524e-06,1.8446328340360196e-05,5,NV
IL_1162183,1,BCC,BCC,0.007426798343658447,0.21664332645013928,0.6105602532625198,0.033237642113817856,0.012170912174042314,0.049018872901797295,0.06872901633323636,0.0022131364021333866,2,BKL
IL_1166072,1,BCC,BCC,0.0036355986958369613,0.007813674863427877,0.5019749030470848,0.0001064150346792303,0.0047552622854709625,0.48146727681159973,0.00022936574896448292,1.7534786820760928e-05,2,BKL
IL_1167409,1,BCC,BCC,0.21611784561537206,0.7522514760494232,0.02841851632547332,1.2376333273778073e-06,1.7659468198871764e-05,0.00015550769603578374,0.0030365724958301143,1.1760399676319366e-06,1,BCC
IL_1169182,1,BCC,BCC,4.0041139072855e-05,0.4963145035035268,0.49405059407581575,9.976416805557164e-06,0.0003067067937081447,0.006099415826611221,0.003172567594447173,6.232455120880331e-06,1,BCC
IL_1170242,2,BKL,BKL,0.003071469778660685,0.012293499195948243,0.2687112271960359,0.0021769829763798043,0.01641949004260823,0.20832110539777204,0.4880876909592189,0.0009185776871163398,6,SCC
IL_1173774,1,BCC,BCC,0.4702207543887198,0.06981195881962776,0.1368362112552859,0.00010443788687553024,0.0019033201970160007,0.013028092100284994,0.3076108432105684,0.0004843525413775751,0,AK
IL_1174594,2,BKL,BKL,0.004474378569284454,0.002684154358576052,0.4529747236520052,0.04860549978911877,0.07772228692192584,0.29342637211084366,0.003319469527923502,0.11679309140890837,2,BKL
IL_1175004,1,BCC,BCC,0.028632704983465374,0.21247960720211267,0.22892097383737564,0.009188738244120032,0.2427181713283062,0.20020299032330513,0.07369488291442394,0.004161917764577083,4,MEL
IL_1175883,0,AK,AKIEC,0.480190749745816,0.00688970647752285,0.006647974485531449,3.122871476080036e-05,0.011194528415217064,0.0028047041851095855,0.49196418619249016,0.00027694755044649355,6,SCC
IL_1176036,6,SCC,SCCKA,0.013088926731143147,0.004557102685794234,0.9117234647274017,0.004527943674474955,0.0016894148066057824,0.008603359980043024,0.05576609686249867,4.3671145704138326e-05,2,BKL
IL_1178215,5,NV,NV,1.1817988820439496e-05,1.989771226362791e-05,0.006408506858861074,5.57925013708882e-05,0.0011949542385991663,0.9921775460243225,0.0001294746311941708,2.05037531486596e-06,5,NV
IL_1178770,6,SCC,SCCKA,0.02879483366268687,0.06097410526126623,0.30956171452999115,0.005359673174098134,0.14536916464567184,0.010249581187963486,0.4368372708559036,0.0028536712561617605,6,SCC
IL_1181749,6,SCC,SCCKA,0.007402009501674911,0.003645784396212548,0.45612968876957893,0.029324806499744227,0.09582531824707985,0.012752407928928733,0.39461914729326963,0.0003008564035553718,2,BKL
IL_1184743,1,BCC,BCC,0.00014244399790186435,0.5007488562259823,0.2700635557248461,0.0005825630132676451,0.000626358844385777,0.22688278288114816,0.0009326238869107328,2.0803369551458673e-05,1,BCC
IL_1185786,2,BKL,BKL,0.00022305209859041497,0.0014901688555255532,0.5755737870931625,7.324726038859808e-05,0.09686787985265255,0.3256000615656376,6.28794550721068e-05,0.000108959231965855,2,BKL
IL_1187197,2,BKL,BKL,0.0013168746736482717,0.16481881216168404,0.7804820537567139,0.0002593125054772827,0.0004478733353607822,0.05001847445964813,0.0020453894831007347,0.0006112653904892795,2,BKL
IL_1188935,2,BKL,BKL,0.03328591864556074,0.48338398709893227,0.0976047907024622,0.0028789106872864068,0.13274001376703382,0.0213285768404603,0.22787860909011215,0.0008991707072709687,1,BCC
IL_1192220,1,BCC,BCC,0.08381867245770991,0.5281904116272926,0.03542535865335594,0.0005478815816317706,0.000912407483269817,0.000783301236879197,0.35020933486521244,0.00011263555370888412,1,BCC
IL_1203056,5,NV,NV,7.125319200440572e-06,2.2402922823516747e-05,3.956382988690166e-05,2.021594627876766e-05,0.13326608017086983,0.8664570450782776,1.1804900111656025e-05,0.0001757685367920203,5,NV
IL_1207845,7,VASC,VASC,2.673066546776681e-06,0.0013861298120900756,0.0004455602677353454,0.000570304156497059,0.0005674480362358736,0.022065567842219025,4.27103845623833e-06,0.9749580025672913,7,VASC
IL_1209024,1,BCC,BCC,0.0034143820957979187,0.4917557343142107,0.45696250756736845,0.00026722915936261415,0.0004298123822081834,0.043936456087976694,0.0032218387132161297,1.2054930721205892e-05,1,BCC
IL_1211911,6,SCC,SCCKA,0.019357198842044454,0.001261190529248779,0.1682007759766293,0.0011364302839922402,0.007160387620615438,0.004646462619281699,0.7981171607971191,0.00012037393053598855,6,SCC
IL_1212389,4,MEL,MEL,0.02167039240612212,0.004896988539258018,0.3617835007607937,0.0010021443740697578,0.19770953664556146,0.19601983204483986,0.216729013808731,0.00018857137746408625,2,BKL
IL_1214545,6,SCC,SCCKA,0.23892074031755328,0.0010887602547882125,0.044348266292217886,0.00023872730506013795,0.0006694915791740641,0.0005204091382893239,0.7141622304916382,5.1437679197297026e-05,6,SCC
IL_1218660,1,BCC,BCC,0.008072966991399255,0.19001753100269525,0.7156796157360077,0.0006159583931548696,0.02756897360086441,0.05629437230527401,0.0009998975918534825,0.0007506554638361251,2,BKL
IL_1222860,1,BCC,BCC,0.001700939639704302,0.4782848956238013,0.47473411448299885,0.0003004882310051471,0.010502960212761536,0.03433387540280819,2.8271006158320233e-05,0.00011442842162523448,1,BCC
IL_1223574,1,BCC,BCC,0.0864043259061873,0.36412207316607237,0.5095160864293575,0.0006108128027335624,0.012853583670221269,0.02471385896205902,0.0008594873361289501,0.0009197905601467937,2,BKL
IL_1225900,1,BCC,BCC,0.02337914635427296,0.20299935340881348,0.3990119844675064,0.004952988587319851,0.19189864291547565,0.16419004648923874,0.010965810157358646,0.002602004795335233,2,BKL
IL_1230964,1,BCC,BCC,0.06649520806968212,0.4396635787561536,0.3824267890304327,0.003269007516792044,0.013531314209103584,0.08312275912612677,0.008996723685413599,0.002494612941518426,1,BCC
IL_1238733,6,SCC,SCCKA,0.5308976322412491,0.017259689047932625,0.012794378213584423,1.1560743587324396e-05,0.014826081926003098,0.016866847639903426,0.4072414040565491,0.00010239983566862065,0,AK
IL_1239256,6,SCC,SCCKA,0.3331863433122635,0.06362238340079784,0.11055396869778633,0.0004806933029612992,0.144658196833916,0.30526184290647507,0.0419129803776741,0.00032360455952584743,0,AK
IL_1240049,5,NV,NV,0.003687817370519042,0.34260595962405205,0.0024669351405464113,0.008169897831976414,0.3174288608133793,0.3136831521987915,0.011351374094374478,0.0006060323212295771,1,BCC
IL_1242369,4,MEL,MEL,1.7389556887792423e-05,0.00014981886124587618,0.0404738518409431,7.374387496383861e-05,0.47904798679519445,0.4798995088785887,3.518459743645508e-05,0.0003025389123649802,5,NV
IL_1243946,2,BKL,BKL,0.0015509406512137502,0.40186407417058945,0.10005474835634232,0.0005150155775481835,0.00550624931929633,0.3588039353489876,0.1316350786946714,7.001768426562194e-05,1,BCC
IL_1249286,4,MEL,MEL,8.145570262740875e-07,0.001715009449981153,0.29436681994957326,3.746507918833686e-05,0.6929149776697159,0.0076201873598620296,8.157616207427054e-06,0.0033365836134180427,4,MEL
IL_1251030,1,BCC,BCC,0.002806349075399339,0.4217594895744696,0.08130648545920849,0.005226668443356175,0.24303400045027956,0.18237056210637093,0.06289942539297044,0.0005970569618511945,1,BCC
IL_1252231,1,BCC,BCC,0.007092115414707223,0.0965682624373585,0.8286996781826019,0.0008419276928179897,0.0024251070572063327,0.022515004849992692,0.04166418965905905,0.00019368349239812233,2,BKL
IL_1253074,1,BCC,BCC,0.005331271328032017,0.35220480524003506,0.5466746091842651,0.003520329832099378,0.018507116532418877,0.05588621459901333,0.005885990511160344,0.01198970340192318,2,BKL
IL_1254806,2,BKL,BKL,0.3231654695700854,0.19804151356220245,0.054549462627619505,0.14237929182127118,0.015183093957602978,0.01109502068720758,0.2555309892632067,5.515003613254521e-05,0,AK
IL_1259120,1,BCC,BCC,0.012652510838961462,0.012903077062219381,0.5827727243304253,0.01130579473101534,0.1188127558270935,0.04188196756877005,0.21426913375034928,0.005402035520091886,2,BKL
IL_1263439,5,NV,NV,0.00045644833153346553,0.001300762320170179,0.4084709510207176,0.0008368371782125905,0.11885313363745809,0.4472461435943842,0.022364177975759958,0.0004715671020676382,5,NV
IL_1263840,1,BCC,BCC,0.10800607281271368,0.5247779041528702,0.09074399573728442,0.006790701096178964,0.0014300753828138113,0.06894400157034397,0.19814993714680895,0.0011572560651984531,1,BCC
IL_1264405,5,NV,NV,0.00020821656676872635,0.052868007813685836,0.004278342588804662,0.00034744174473644307,0.0021421931305667385,0.9400304555892944,1.0004925751871951e-05,0.0001153742779820277,5,NV
IL_1267317,0,AK,AKIEC,0.0002785390715871472,0.12675313279032707,0.5498532652854919,0.002335889319965645,0.10477173200342804,0.2049872931675054,0.01047880738042295,0.0005413531298472662,2,BKL
IL_1272138,1,BCC,BCC,0.000727692327927798,0.522663302719593,0.3305493099614978,0.002652332706929883,0.039378190140269,0.08544451836496592,0.018471550662070513,0.00011313423601677641,1,BCC
IL_1272170,1,BCC,BCC,0.1939224476518575,0.7536070346832275,0.006360729341395199,6.620716703764629e-05,4.011041710327845e-05,0.028323883190751076,0.01764769295186852,3.1948750802257564e-05,1,BCC
IL_1273535,2,BKL,BKL,0.20985639933496714,0.6648280322551727,0.08109870739281178,5.340465057201982e-05,0.0029702643514610827,0.0066199927241541445,0.03431754992925562,0.0002556559452386864,1,BCC
IL_1274050,2,BKL,BKL,3.1415749666363624e-05,0.00020312445582837402,0.6130214184522629,0.00012498431181739988,8.84435021362151e-05,0.38644152028427925,3.921726093270017e-05,4.990339388966092e-05,2,BKL
IL_1274055,3,DF,DF,6.044426555718019e-06,0.002820855614999118,0.20708287435365946,0.500430282583693,0.003989988959801849,0.2854982107273827,0.0001545025330642602,1.728299386627441e-05,3,DF
IL_1275816,4,MEL,MEL,0.0002320944340681308,0.2774908575229347,0.047032518312335014,0.003657173045212403,0.0015292031457647681,0.6664879769086838,0.0012274896434973925,0.0023426976395057864,5,NV
IL_1277363,1,BCC,BCC,0.024520720005966723,0.25184419483412057,0.34502652648370713,0.012655814934987575,0.0429995333252009,0.022311930311843753,0.2995552085340023,0.0010860576294362545,2,BKL
IL_1281940,1,BCC,BCC,0.17888937647512648,0.49899965547956526,0.029878109438868705,0.0029767357318633003,0.2030308192333905,0.08285187846558983,0.00321265310049057,0.00016079005581559613,1,BCC
IL_1283249,1,BCC,BCC,0.00018038695998257026,0.9079191982746124,0.02548293820291292,0.010119804297573864,0.015956323011778295,0.01734010223299265,0.022812239010818303,0.0001890237317638821,1,BCC
IL_1286984,5,NV,NV,0.005606212496786611,0.042088041082024574,0.0030091843218542635,0.000241773173911497,0.012382089742459357,0.878317654132843,4.9527898227097467e-05,0.058305567552451976,5,NV
IL_1287592,0,AK,AKIEC,0.04585420902003534,0.06266885422519408,0.02339871320873499,0.00019955838070018217,0.0003980015972047113,0.0044671178329735994,0.862907737493515,0.00010576982822385617,6,SCC
IL_1288672,1,BCC,BCC,0.14317995307646925,0.6434227079153061,0.11518777476157993,0.009556225979395094,0.024875105402315967,0.03831947276194114,0.01140487811062485,0.014053867941981935,1,BCC
IL_1289201,0,AK,AKIEC,0.26608834450598806,0.04091040976345539,0.1183418738655746,0.0028932804707437754,0.02033961028791964,0.007031103712506592,0.4868424814194441,0.05755284859333187,6,SCC
IL_1293344,1,BCC,BCC,0.36492487508803606,0.3660387545824051,0.16012174636125565,0.001894718618132174,0.02729310025461018,0.012254671077243984,0.04767855745740235,0.01979355422372464,1,BCC
IL_1293524,1,BCC,BCC,0.3749127141200006,0.13514773547649384,0.09704286605119705,0.0002507860554032959,0.002416473813354969,0.2833080571144819,0.10550518571108114,0.0014161523940856569,0,AK
IL_1300499,4,MEL,MEL,2.4571192724920365e-07,5.793274567622575e-06,0.007253208383190213,4.871009787166258e-05,0.20398189959814772,0.7886936664581299,8.57011031030197e-07,1.556841971250833e-05,5,NV
IL_1300657,1,BCC,BCC,0.7067749053239822,8.200814772862941e-05,0.004014603153336793,5.29616175413139e-05,0.19940115344570586,0.0885481799914487,0.0010592684648145223,6.693532588641915e-05,0,AK
IL_1303481,6,SCC,SCCKA,0.0019447703198238742,0.00022674864101190906,0.5489288605749607,0.00162514499243116,0.019636980119685177,0.00024045015743467957,0.42739347147289664,3.5853516493489224e-06,2,BKL
IL_1303773,1,BCC,BCC,0.002343389791349182,0.1287806041073054,0.2415268639451824,0.0004311009470256977,0.0753461784843239,0.17984718023399182,0.36979441353469156,0.0019302943059074096,6,SCC
IL_1304235,1,BCC,BCC,0.0008896360523067415,0.49838988040573895,0.48095386395289097,0.00024194688558054622,0.010631740791723132,0.008742931764572859,0.00010045894305221736,4.962944467479247e-05,1,BCC
IL_1305031,1,BCC,BCC,3.0157244964357233e-05,0.9565508365631104,0.0029422564548440278,0.00036649068897531833,0.01611575298011303,0.02051105722784996,0.003480282590317074,3.1213990041578654e-06,1,BCC
IL_1311157,1,BCC,BCC,0.3865391414728947,0.2845996245741844,0.01577865658327937,0.0119892000220716,0.009931781241903082,0.01878802152350545,0.2722305424977094,0.0001430092888767831,0,AK
IL_1313145,2,BKL,BKL,0.028463153110351413,0.3704987186938524,0.033848635852336884,0.4565541595220566,0.017032164614647627,0.04546068795025349,0.04258917924016714,0.00555332814110443,3,DF
IL_1313650,6,SCC,SCCKA,0.0002802158666526111,6.949944347134362e-05,0.013740638540184591,0.0005514339228724907,2.945584811264723e-05,4.69837799812467e-05,0.9852807521820068,1.0489567608407135e-06,6,SCC
IL_1314107,1,BCC,BCC,0.00199734341185831,0.8640446364879608,0.004765547171700746,0.0002264769354951568,0.0007332543609663844,0.0001233544862770941,0.12810355448164046,5.88330181017227e-06,1,BCC
IL_1314812,1,BCC,BCC,0.0033487583277747035,0.49463098030537367,0.4805399542674422,6.181615026434883e-05,0.00038492531552947185,0.018492552801035345,0.0025221792166121304,1.8761284536594758e-05,1,BCC
IL_1314832,6,SCC,SCCKA,0.44055807404220104,0.007114779262337834,0.5378731861710548,0.00067567318779993,0.004463270423002541,0.007321724543771779,0.0016265098820440471,0.0003667486697622735,2,BKL
IL_1319352,1,BCC,BCC,0.3745764757040888,0.5054918639361858,0.020387119497172534,0.000778711459133774,0.00040612861630506814,0.09588385792449117,0.002439382951706648,3.642119395408372e-05,1,BCC
IL_1320390,4,MEL,MEL,0.01315009588142857,0.006812866195105016,0.837532252073288,0.0026136263040825725,0.09273761138319969,0.03425151528790593,0.009452660393435508,0.0034492756785766687,2,BKL
IL_1320717,6,SCC,SCCKA,0.00223310524597764,0.00300792750203982,0.44949545299459714,0.007066962957196665,0.017079007582651684,0.020712048397399485,0.5003139327745885,9.1645458411449e-05,6,SCC
IL_1322770,6,SCC,SCCKA,0.010253945831209421,0.00880125981348101,0.006816739798523486,0.007613252382725477,0.0023087909212335944,0.0009326945692009758,0.9632506966590881,2.2657629415334668e-05,6,SCC
IL_1326669,6,SCC,SCCKA,0.06795164523646235,0.0056256180396303535,0.1431209885631688,0.00019137057824991643,0.07704557571560144,0.002201494644396007,0.703450158238411,0.0004131002528993122,6,SCC
IL_1327367,2,BKL,BKL,0.03573465161025524,0.0024619331912845155,0.4498620852828026,0.020142352106631733,0.004519130718108499,0.007737815831205808,0.47868767380714417,0.0008542873910641902,6,SCC
IL_1328121,4,MEL,MEL,0.0020372247985847025,0.006334216534924053,0.06250249780714512,7.269880006788298e-05,0.8034240305423737,0.11832266848068684,0.0072787087183314725,2.7996831477139494e-05,4,MEL
IL_1330840,1,BCC,BCC,0.09983739058952779,0.24187980964779854,0.15908986423164606,0.04383132036309689,0.19358066411223263,0.02836639547604136,0.23266466706991196,0.0007498886698158458,1,BCC
IL_1332909,0,AK,AKIEC,0.40544654428958893,0.004960444988682866,0.19452055147849023,0.0008828031641314737,0.08703763037919998,0.23184104589745402,0.07264163070067298,0.002669304456503596,0,AK
IL_1334935,5,NV,NV,0.008415910223220635,0.0037888846591656034,0.02710090670734644,0.0013757276465184987,0.0038955795753281564,0.9111279249191284,0.00010418061737027529,0.04419085056451877,5,NV
IL_1337093,1,BCC,BCC,0.0056903728836914524,0.7523022294044495,0.0005744267036789097,2.7940934160142206e-05,0.0015878776539466344,0.00045903976206318475,0.2393106549861841,4.742131477541989e-05,1,BCC
IL_1337756,2,BKL,BKL,0.05352916568517685,0.297421139664948,0.09014909155666828,0.0008360374304174911,0.08245107007678598,0.3609368952456862,0.11361468629911542,0.0010619121931085829,5,NV
IL_1339596,2,BKL,BKL,0.006492952300959587,1.2593150700013211e-05,0.9873166680335999,1.4664919604001625e-05,0.00043131124766659923,0.005615293164737523,0.00011273470840933442,3.7470187521648768e-06,2,BKL
IL_1346442,1,BCC,BCC,0.015186797361820936,0.5757733508944511,0.2295881502213888,0.0032541605178266764,0.14402542442257982,0.007536971941590309,0.02334431371127721,0.0012908245553262532,1,BCC
IL_1348391,1,BCC,BCC,0.004553910097456537,0.011079234536737204,0.4265191778540611,0.00022073477566664224,0.0009825027373153716,0.5565188378095627,9.641060296416981e-05,2.9230689506221097e-05,5,NV
IL_1350763,0,AK,AKIEC,0.39069220423698425,0.052909602876752615,0.25042809545993805,0.004111067788016953,0.06679480359889567,0.011516843165736645,0.22182240523397923,0.0017249827014893526,0,AK
IL_1351587,1,BCC,BCC,0.001253077745786868,0.07566952239722013,0.2845148779451847,0.002087056345771998,0.011157618093420751,0.14594976388616487,0.4784401310607791,0.0009279603382310597,6,SCC
IL_1353481,1,BCC,BCC,0.00038186865276657045,0.5921130776405334,0.0692511242814362,0.0008142993647197727,0.008063985616900027,0.3274919465184212,0.0013906410313211381,0.0004930602990498301,1,BCC
IL_1353803,2,BKL,BKL,7.727842159965803e-06,2.6333668188271986e-06,0.9933220148086548,2.002659175559529e-05,0.0002835441773640923,0.006350693525746465,1.0458816632308299e-05,2.8700088137156854e-06,2,BKL
IL_1355090,5,NV,NV,4.240641942487855e-06,9.956423969015304e-05,0.2519295473321108,4.953295137966052e-05,0.057072538998909295,0.690684586763382,9.818198941502487e-05,6.181695971463341e-05,5,NV
IL_1356310,1,BCC,BCC,0.06933855637907982,0.6315653622150421,0.1113244816660881,0.11805752741565811,0.0027303749939164845,0.0578352902084589,0.00816266075707972,0.0009857703844318166,1,BCC
IL_1361358,1,BCC,BCC,0.07210139278322458,0.27078071725554764,0.22759637737181038,0.012734681135043502,0.1457921266555786,0.15798386931419373,0.11106395535171032,0.0019468625978333876,1,BCC
IL_1364035,1,BCC,BCC,0.0012032125450787134,0.4989078745711595,0.484638698217168,0.00027706851324182935,0.0004090492575414828,0.011239941604799242,0.002764404249319341,0.0005597575299134405,1,BCC
IL_1366322,1,BCC,BCC,0.0005921954461882706,0.4791454572696239,0.49807671643793583,0.0015135222224671452,0.006117636083217803,0.013994657201692462,0.00019509142202878138,0.00036475119759415975,2,BKL
IL_1367516,6,SCC,SCCKA,0.28706387896090746,0.1237454041838646,0.03293293830938637,0.016094959224574268,0.012668554481933825,0.004324251029174775,0.5194560326635838,0.003714032446623605,6,SCC
IL_1370183,6,SCC,SCCKA,0.0035285298945382237,9.935593971022172e-05,0.4967531875008717,1.1591911402319965e-05,0.001039056224271917,0.00030975685695011634,0.4982559909694828,2.5661120011122307e-06,6,SCC
IL_1378003,5,NV,NV,2.4664947318342456e-05,4.743109457194805e-06,0.001987313444260508,2.0932377765348065e-05,0.0970934716751799,0.900748074054718,5.61720918312858e-06,0.00011509258229125408,5,NV
IL_1379461,1,BCC,BCC,0.2105122096836567,0.0022456424339907244,0.4151473268866539,0.000472056693979539,0.031270502135157585,0.336232740432024,0.0037369562924141064,0.0003825527091976255,2,BKL
IL_1381975,1,BCC,BCC,0.0013813202026540239,0.6826985329389572,0.001699405380350072,0.0001404485483362805,0.029420589322398882,0.04247542684606742,0.24205781921045855,0.00012651221913984045,1,BCC
IL_1387239,1,BCC,BCC,0.0014125679736025631,0.8376313149929047,0.1467585377395153,0.0006503935874206945,0.0022742546279914677,0.002574113430455327,0.008491224783938378,0.00020757609308930114,1,BCC
IL_1391368,6,SCC,SCCKA,0.001004323217784986,0.9711826145648956,0.0056221426275442354,0.0003089371675741859,0.0024407574092037976,0.017241972673218697,0.001987536932574585,0.0002117558105965145,1,BCC
IL_1391471,1,BCC,BCC,0.0002940945341833867,0.5201175101101398,0.009188927710056305,0.0001810271896829363,0.0013647824307554401,0.009041240482474677,0.45961703851935454,0.00019540193397915573,1,BCC
IL_1392309,1,BCC,BCC,0.0757369622006081,0.4571673795580864,0.33379136212170124,0.01164678369241301,0.0016275395391858183,0.06481053587049246,0.05516232716763625,5.7109737099381164e-05,1,BCC
IL_1393183,1,BCC,BCC,0.09749838293942048,0.7760716378688812,0.05584736735909246,0.004959891813541617,0.007554357740445994,0.04865852743387222,0.004613866563886404,0.004795947299498948,1,BCC
IL_1393586,0,AK,AKIEC,0.05975878448225558,0.0002636421395436628,0.4455547579564154,6.037188450136455e-05,0.0015760645001137163,0.0009665000197855989,0.4918167656287551,3.13501095661195e-06,6,SCC
IL_1393794,1,BCC,BCC,0.3813423467800021,0.45761650800704956,0.005114775034599006,1.7444480704398302e-05,4.982492737326538e-05,0.15577685087919235,1.6875913047442737e-05,6.536943396895367e-05,1,BCC
IL_1394947,1,BCC,BCC,0.008098861086182296,0.5263442508876324,0.16889154995442368,5.665404804824914e-05,0.0007923589696182676,0.29569701440050267,6.798773706226391e-06,0.00011253721381612736,1,BCC
IL_1396679,1,BCC,BCC,0.15725580044090748,0.504279644228518,0.16031401211512275,0.0005991436636350045,0.12867941609511035,0.045318315642361995,0.0034240673539898125,0.00012969395697837172,1,BCC
IL_1397250,1,BCC,BCC,0.044949984957384004,0.23979093054049372,0.5237066503614187,0.009246337179320108,0.002912387892138213,0.0028891814581584185,0.17354744134365774,0.0029570855176075383,2,BKL
IL_1397522,1,BCC,BCC,0.0004350576637079939,0.5011986885219812,0.027498453331645578,0.0031908581004245207,0.022536718208357343,0.011202896886970848,0.00041973403676820453,0.43351759936194867,1,BCC
IL_1399100,1,BCC,BCC,0.0009449013596167788,0.0012107060756534338,0.9158419072628021,0.006001054651278537,0.004616443948179949,0.037259985227137804,0.03379756514914334,0.00032739345442678314,2,BKL
IL_1403088,1,BCC,BCC,0.000303029255292131,0.720602810382843,0.01821491635928396,0.0002509328158808444,0.01759499477338977,0.22589848507777788,4.631385513675923e-05,0.017088526017232653,1,BCC
IL_1404122,5,NV,NV,7.066466611860278e-08,1.0045720109985723e-05,0.00014167703830025857,6.710950671617866e-06,0.00938850361853838,0.9904243052005768,3.1527863910696396e-06,2.5510256136840326e-05,5,NV
IL_1404405,1,BCC,BCC,0.0006032825986039825,0.49763266526861116,0.0032794102808111347,0.0019999682845082134,0.0023426099214702845,0.493009439582238,0.0008806516734694014,0.00025199759693350643,1,BCC
IL_1405632,1,BCC,BCC,0.002295883125043474,0.6477722376585007,0.056035312823951244,0.0003489532828098163,0.00042060145460709464,0.039830727968364954,0.2532847909460543,1.1484355582069838e-05,1,BCC
IL_1405890,4,MEL,MEL,0.0001538660544611048,3.833621940430021e-05,0.1986315287067555,0.00013492586731445044,0.6213464140892029,0.17925796657800674,6.891998418723233e-05,0.0003680589397845324,4,MEL
IL_1406578,1,BCC,BCC,0.12209101225016639,0.4975847788155079,0.3735364643507637,8.910262658901047e-05,0.0002499709553376306,0.0039285458624362946,0.002500031958334148,2.0086120457563084e-05,1,BCC
IL_1407853,5,NV,NV,0.0007858900753490161,0.005100265999317344,0.0283344203417073,0.06015713722445071,0.016120992426294833,0.8851547837257385,0.004131764308112906,0.0002148095900338376,5,NV
IL_1409066,1,BCC,BCC,0.0025390027356024802,0.84858238697052,0.06550843478180468,0.00592652680950323,0.011866508721141145,0.06506046233698726,0.0002077742115034198,0.00030886430177190505,1,BCC
IL_1413445,6,SCC,SCCKA,0.20200177282094955,0.03317683935165405,0.2599180043907836,1.3205059048004841e-05,0.008315853476915436,0.00046993791966087883,0.49606747925281525,3.6853782350299014e-05,6,SCC
IL_1416084,1,BCC,BCC,0.2600262984633446,0.26980271842330694,0.3204115815460682,0.015114992391318083,0.005925519624724984,0.056846041698008776,0.06789992982521653,0.0039729217533022165,2,BKL
IL_1418511,5,NV,NV,0.001664171130869363,0.002941769564742458,0.4125305414199829,0.0029162237342461594,0.06546020878158743,0.3869820311665535,0.00711443862383021,0.12039061365885573,2,BKL
IL_1418667,0,AK,AKIEC,0.44956063851714134,0.0007912067230790854,0.10375070944428444,1.229741019415087e-05,0.36018714390229434,0.08531385741662234,0.0003798666875809431,4.283372277313902e-06,0,AK
IL_1418796,2,BKL,BKL,0.014662261120975018,0.0015086042649272713,0.0287655332358554,0.0016036726826769154,0.23095078952610493,0.4888691829983145,0.23352759275803692,0.00011241893298574723,5,NV
IL_1422027,1,BCC,BCC,0.006884745474962983,0.12215740233659744,0.8404537439346313,0.00024594976275693625,0.003324381308630109,0.02582628559321165,0.0008366506663151085,0.0002708827087190002,2,BKL
IL_1423650,2,BKL,BKL,0.0009489263393334113,0.046796902955975384,0.30827088793739676,0.003457657410763204,0.001077985820302274,0.35382290184497833,0.002088923705741763,0.28353585215063504,5,NV
IL_1427039,4,MEL,MEL,4.115624597034184e-05,6.20744249317795e-05,0.808791309595108,0.0004415972107381094,0.08440755819901824,0.10543639399111271,0.0008021161302167457,1.7817941625253297e-05,2,BKL
IL_1427561,5,NV,NV,3.3224639082618523e-05,0.0006445789113058709,0.03430234896950424,3.2355726943933405e-05,0.006194597051944584,0.9586752653121948,2.875075267638749e-06,0.00011474984034975932,5,NV
IL_1434019,5,NV,NV,0.0002589439891380607,0.0006966089795241714,0.01189707312732935,5.3709294661530294e-05,0.00047862752217042726,0.9864996373653412,1.2181085708107275e-05,0.00010310637298971415,5,NV
IL_1436809,1,BCC,BCC,0.051987876526254695,0.3244616212323308,0.3945200004891376,0.006035643677932967,0.1805700734257698,0.016958126449026167,0.02471217152196914,0.0007544875070379931,2,BKL
IL_1437147,5,NV,NV,3.147937695757719e-05,3.6917846045980696e-05,0.39299362897872925,3.066301657383974e-05,0.0033276358590228483,0.6035637259483337,1.026924155667075e-05,5.620682003382171e-06,5,NV
IL_1438127,1,BCC,BCC,0.13969907254795544,0.31457743886858225,0.5006633596494794,0.0051096389797749,0.004655000870116055,0.009403117466717958,0.013985009121824987,0.011907312669791281,2,BKL
IL_1438394,1,BCC,BCC,0.014717268291860819,0.3151766967930598,0.4945163255324587,0.00992439070250839,0.001986302333534695,0.0026683323667384684,0.16005004303588066,0.000960631514317356,2,BKL
IL_1438397,2,BKL,BKL,0.004827357770409435,0.22051078593358397,0.3354653515852988,0.008895722625311464,0.02957981869985815,0.1196881013456732,0.27985498833004385,0.001177856586764392,2,BKL
IL_1439879,1,BCC,BCC,0.003038067250599852,0.9005400538444519,0.0006428722226701211,0.00014445081322378428,0.0024111122838803567,0.09318842308130115,1.3155809028830845e-05,2.1880318854528014e-05,1,BCC
IL_1441711,6,SCC,SCCKA,0.012316133654053374,0.04640514008951868,0.40866660965104984,0.0045370143238514515,0.0013592895307965591,0.0050018763825931956,0.5210813265293837,0.0006326646812593317,6,SCC
IL_1442151,5,NV,NV,6.060543765329385e-05,0.000484111878904514,0.1960886619053781,0.00031869604617895675,0.04063542187213898,0.7621673345565796,0.00016747345063095054,7.767993520246819e-05,5,NV
IL_1443713,1,BCC,BCC,0.021798877511173487,0.6886204034090042,0.07886410423088819,0.00014707230002386495,0.0002745367892202921,0.20972409611567855,0.0003476763995422516,0.0002232425904367119,1,BCC
IL_1445099,4,MEL,MEL,0.0001962387239018426,0.000580079470637429,0.7686556875705719,5.775751924375072e-05,0.13513616938143969,0.09511164296418428,0.00017813983595260652,8.430346088061924e-05,2,BKL
IL_1446570,4,MEL,MEL,0.0006781676565879025,0.00015521913246629992,0.0409696832211921,0.00023044032241159584,0.8549493253231049,0.10180250555276871,0.0003967273478338029,0.0008178917923942208,4,MEL
IL_1448486,1,BCC,BCC,0.005629517615489021,0.9934711158275604,0.00029855001628220634,1.1335417324787045e-06,0.00031526322746344704,0.0001679419633546786,0.00011584250616891723,6.508756702494622e-07,1,BCC
IL_1452313,1,BCC,BCC,0.005594914662651718,0.4902804133016616,0.018789930152706802,0.003572063638785039,0.09915488936530892,0.35772421781439334,0.01238546334207058,0.012498071775553399,1,BCC
IL_1453755,6,SCC,SCCKA,0.06769574136706069,0.3359832535497844,0.4227009788155556,0.00014518361422233284,0.12139074318110943,0.031532504595816135,0.020352888735942543,0.00019875537327607162,2,BKL
IL_1456101,4,MEL,MEL,0.0031484034552704543,0.0012704964610747993,0.002573224570369348,1.3300819468042846e-06,0.4908683401813505,0.5000126175582409,0.0021216297658384065,4.044996501306741e-06,5,NV
IL_1461373,1,BCC,BCC,0.026433127466589212,0.0948216284159571,0.682142823934555,0.0036916904064128175,0.032362325553549454,0.15528865763917565,0.0047765899216756225,0.00048318851622752845,2,BKL
IL_1468442,6,SCC,SCCKA,0.04732399759814143,0.016693124824087135,0.00021957750504952855,0.0003923809144907864,0.00983227827009614,0.00015073394069986534,0.9253865480422974,1.3194002441707653e-06,6,SCC
IL_1469055,1,BCC,BCC,0.00015164367916753463,0.43497810140252113,0.5472565367817879,3.970261820995802e-05,0.0011041819234378636,0.015473207924515009,0.00020684514402091736,0.0007897494890585222,2,BKL
IL_1470267,1,BCC,BCC,0.000414667883887887,0.2134534791111946,0.007908482104539871,0.0009514411904092412,0.01823196274926886,0.01766917435452342,0.03125110256132757,0.7101196348667145,7,VASC
IL_1470689,1,BCC,BCC,0.0039286367245949805,0.492607906460762,0.0025835686246864498,0.0008054495519900229,0.00011670094113469531,0.4985870234668255,0.0013346957275643945,3.599826823119656e-05,5,NV
IL_1477835,3,DF,DF,0.0008989267225842923,0.03672484681010246,0.14264464395819232,0.23617258109152317,0.25557246059179306,0.3250505141913891,0.0016323089366778731,0.001303703582379967,5,NV
IL_1478833,4,MEL,MEL,0.004176607958470413,0.00012999408471614515,0.23208220303058624,0.003984549781307578,0.5456860661506653,0.21259422600269318,0.0009959784624697932,0.0003503684674797114,4,MEL
IL_1479283,5,NV,NV,0.05855698580853641,0.025914594065397978,0.3461502017453313,0.01735394587740302,0.0014556181049556471,0.4989088997244835,0.025800396826525684,0.02585938582228664,5,NV
IL_1480174,1,BCC,BCC,0.0035217303957324475,0.09567415155470371,0.3149135932326317,0.10650681778497528,0.0021408368556876667,0.3699948340654373,0.1058011301793158,0.001446877895432408,5,NV
IL_1482319,1,BCC,BCC,0.0029354087309911847,0.5180776715278625,0.10260707885026932,0.0030428178142756224,0.1254464965313673,0.20655012130737305,0.009914930211380124,0.031425456632860005,1,BCC
IL_1484044,2,BKL,BKL,0.4372090306151222,0.002081272075884044,0.498845070542302,4.276715532824937e-06,0.0003814586852968205,0.06146917212754488,8.982737824680953e-07,8.809881215654514e-06,2,BKL
IL_1485026,1,BCC,BCC,0.35693579306825995,0.08387803870664357,0.12532370164990425,3.313837760288152e-05,0.007875111914472654,0.4255445269664051,0.00036495522545010317,4.4732289325111196e-05,5,NV
IL_1486691,0,AK,AKIEC,0.8158611953258514,7.99232520876103e-06,9.556228724250104e-05,2.4369569189275353e-06,1.2399531669871067e-05,0.0019974519964307547,0.18202184740948724,1.131935874809642e-06,0,AK
IL_1492358,1,BCC,BCC,0.3911226110358257,0.05218345858156681,0.4677132610231638,6.975031419642619e-05,0.006663839118118631,0.07557090831687674,0.006359165272442624,0.0003169887080218814,2,BKL
IL_1495229,1,BCC,BCC,0.023653821437619627,0.08207639068859862,0.604716420173645,0.007303945894818753,0.14585163397714496,0.0777187068015337,0.05806053418200463,0.0006184934318298474,2,BKL
IL_1496554,6,SCC,SCCKA,0.056974905426613986,0.0014435077800953877,0.0009718759356474038,5.04846152580285e-05,0.00066578526457306,5.701671034330502e-05,0.9398298561573029,6.562006745980398e-06,6,SCC
IL_1500549,5,NV,NV,0.001296118956815917,0.43589865677495254,0.00408960718777962,0.02115966561541427,0.036668152548372746,0.5000932179391384,0.0003056768023270706,0.0004888567004854849,5,NV
IL_1501227,1,BCC,BCC,0.0112104881554842,0.7028686702251434,0.031813423382118344,0.03160727885551751,0.013549356837756932,0.1290755271911621,0.022629477942246012,0.0572457945527276,1,BCC
IL_1501614,0,AK,AKIEC,0.4050382729673174,0.07550589853781275,0.01346911680593621,1.720286885920075e-05,0.398309092852287,0.10476347338408232,0.002348041097896214,0.000548870290231207,0,AK
IL_1504585,5,NV,NV,1.5770501363476797e-05,1.6049170881160535e-05,0.05444737234211061,0.00018749311129795387,0.004612544173141941,0.9406149387359619,5.147680610662064e-05,5.437374966277275e-05,5,NV
IL_1504921,0,AK,AKIEC,0.18984843790531158,0.02206833567470312,0.5330537855625153,0.0031009782542241737,0.053897209581919014,0.003655437787529081,0.19382258132100105,0.0005532969225896522,2,BKL
IL_1509738,1,BCC,BCC,0.017133875167928636,0.49441966917947866,0.12680330709554255,8.283991746793617e-06,0.013268014826280705,0.07960787764750421,0.2687465732342389,1.2380545513224206e-05,1,BCC
IL_1509760,1,BCC,BCC,0.1051186517579481,0.18958752742037177,0.21365267038345337,0.0002675749765330693,0.1049993065171293,0.38268888741731644,0.003511482267640531,0.0001739008162076061,5,NV
IL_1510895,1,BCC,BCC,0.005303132580593228,0.3680035953875631,0.48646752536296844,0.002516230975743383,0.07944176346063614,0.05381456529721618,0.0034598427591845393,0.000993367143564683,2,BKL
IL_1510919,1,BCC,BCC,0.00028098559596401174,0.4969363461714238,0.11172281322069466,7.542514958913671e-05,0.0027306050760671496,0.38499204585241387,0.003211216549971141,5.0608726269274484e-05,1,BCC
IL_1511744,1,BCC,BCC,0.037000931333750486,0.0641211261972785,0.6701880395412445,0.014928509248420596,0.003309289168100804,0.021238870918750763,0.17814446613192558,0.011068771360442042,2,BKL
IL_1512724,5,NV,NV,0.021424842467240524,0.40713943762966665,0.21839346271008253,0.009822842665016651,0.005265591433271766,0.3317861184477806,0.005817605851916596,0.0003501038809190504,1,BCC
IL_1515252,0,AK,AKIEC,0.3919694144278765,0.006944476626813412,0.10150898545543896,0.0003955792581109563,0.001987667799767223,0.0007212592154246522,0.49641477642580867,5.785947966785443e-05,6,SCC
IL_1517338,6,SCC,SCCKA,3.741002610624378e-05,0.00036752527006100877,0.4635382338112777,6.58605160310799e-05,0.0011465214116039846,0.03437022574871662,0.5004736954870168,4.7279325205698206e-07,6,SCC
IL_1524130,6,SCC,SCCKA,0.00782101953518577,0.1710858829319477,0.263924241065979,0.00806893192930147,0.026601983001455665,0.05986541381571442,0.46203250251710415,0.0006000132489134558,6,SCC
IL_1528983,1,BCC,BCC,0.000546002135706658,0.48745922837406397,0.08000089507550001,7.814662421878893e-05,0.0026737493462860584,0.42897380888462067,0.00019647140652523376,7.176307371992152e-05,1,BCC
IL_1529488,1,BCC,BCC,0.43838974833488464,0.23476377129554749,0.02954174446131219,0.0005929852620116804,0.0005482189590111375,0.2700387528166175,0.022351101428427,0.0037737376251243404,0,AK
IL_1530235,2,BKL,BKL,0.009219683706760406,0.067267251026351,0.2512824162840843,0.05056110396981239,0.1600969284772873,0.29035259410738945,0.15520108953933232,0.016018898313632235,5,NV
IL_1535763,6,SCC,SCCKA,0.007692461018450558,0.06868401923566125,0.701841413974762,0.0005944678050582297,0.06454489543102682,0.14747914671897888,0.008880754583515227,0.0002828895012498833,2,BKL
IL_1537266,1,BCC,BCC,0.1508111406583339,0.42584269121289253,0.31513291597366333,0.0020872854511253536,0.02189663052558899,0.05726999370381236,0.02557185757905245,0.0013875333243049681,1,BCC
IL_1538395,6,SCC,SCCKA,0.0805105633335188,0.03580981492996216,0.27164775153505616,0.010911344108080812,0.01121891768207206,0.050395320533880295,0.5384516827762127,0.0010546652274854296,6,SCC
IL_1538944,5,NV,NV,4.992041340301512e-06,0.00013416516821962432,7.786017158650793e-05,8.557012051824131e-06,0.01310909353196621,0.9866077303886414,2.222134594376257e-05,3.538718374329619e-05,5,NV
IL_1539562,2,BKL,BKL,0.004587257171806414,2.840855970021039e-06,0.9939324855804443,5.633975348473541e-07,0.000671931091346778,0.000804331291874405,4.690022663567106e-07,1.339161030955438e-07,2,BKL
IL_1539688,5,NV,NV,2.9856187211407814e-05,2.03508629681437e-06,0.16933518915902823,6.058896360627841e-05,0.08000666787847877,0.7500739395618439,8.491962489642901e-06,0.0004832730701309629,5,NV
IL_1543931,1,BCC,BCC,0.0003844896805276221,0.02812335779890418,0.39250989258289337,5.872888891644834e-05,0.0007693805382587016,0.5779780298471451,0.00014736377545432333,2.874460233215359e-05,5,NV
IL_1544139,6,SCC,SCCKA,0.014515313785523176,0.0478131789714098,0.5494779646396637,0.0016795628471300006,0.045806122943758965,0.21083438023924828,0.128688005686854,0.0011854231197503395,2,BKL
IL_1546321,4,MEL,MEL,9.55555370296679e-06,2.952975864900509e-05,0.010719796642661095,0.00014947176168789156,0.1451680795289576,0.8437097668647766,2.6544829779595602e-05,0.00018729893145064125,5,NV
IL_1549960,5,NV,NV,2.0307123532015137e-05,0.0004952338736536888,0.10499829159766705,0.00033580377033892717,0.0009471577736803738,0.8929675817489624,9.502538460742782e-06,0.00022604368552947562,5,NV
IL_1556034,7,VASC,VASC,1.1773326662911643e-05,0.13366398158780157,0.014685793056486318,0.00012903272875597338,0.007885570579674095,0.3427175399378939,3.233878939223889e-05,0.5008740124758333,7,VASC
IL_1557433,1,BCC,BCC,0.005357981825000024,0.014425794244743884,0.9631586670875549,5.469783900480252e-05,0.0018592678243294358,0.015072929672896862,5.506175921254908e-05,1.5621306829416426e-05,2,BKL
IL_1558479,2,BKL,BKL,0.003560610263775743,0.0009503899927949533,0.5456700474023819,0.002088367565193039,0.011728341312846169,0.4260494355112314,0.00940489703179992,0.0005478664215274875,2,BKL
IL_1558791,1,BCC,BCC,0.0037881804164499044,0.3515734262764454,0.010598060907796025,0.0024232294817920774,0.008513676701113582,0.008410934993662522,0.6145751029253006,0.00011739368824237317,6,SCC
IL_1561326,1,BCC,BCC,0.005403413735621143,0.48695281706750393,0.04233256354928017,0.012851759526711248,0.004261138441506773,0.4178598430007696,0.030288684742117766,4.981670281267725e-05,1,BCC
IL_1562251,1,BCC,BCC,0.18121606134809554,0.5280231907963753,0.05225749872624874,0.0019130237633362412,0.0017298830789513886,0.060278759337961674,0.1744756130501628,0.00010604410636005923,1,BCC
IL_1564314,1,BCC,BCC,0.010670776711776853,3.233874792840652e-05,0.98493492603302,2.986173001318093e-06,0.00038899711944395676,0.0034870640920416918,0.0004817027656827122,1.1746640211640624e-06,2,BKL
IL_1565255,1,BCC,BCC,0.017112620640546083,0.40281602973118424,0.4026201822562143,0.0003697369884321233,0.004920467076772184,0.07408984798530582,0.09722236101515591,0.0008487777513437322,1,BCC
IL_1565429,1,BCC,BCC,0.22391487798813614,0.5423789694905281,0.0022403219481930137,1.136527960454714e-05,0.00010682944048312493,0.23132127965800464,2.5819335405685706e-05,4.813778531342905e-07,1,BCC
IL_1567374,1,BCC,BCC,0.06203767843544483,0.0920992344035767,0.45338641107082367,0.003623780532507226,0.025208159175235778,0.2448272854089737,0.09011032187845558,0.028707158700854052,2,BKL
IL_1567666,5,NV,NV,9.170538532998762e-07,3.0476452366201556e-06,0.0008084505300303135,3.399521688152163e-06,0.0022373379324562848,0.9969065487384796,7.207489289839941e-07,3.961509946748265e-05,5,NV
IL_1569334,5,NV,NV,8.00445322113319e-06,4.281517682613867e-05,4.765990706800949e-05,1.8298791474080645e-05,0.03114579198518186,0.9687071740627289,1.208303888233786e-05,1.822283638830413e-05,5,NV
IL_1569644,1,BCC,BCC,0.0003213144955225289,0.2964455830788211,0.5099086463451385,0.00019879584488080582,0.01098678819835186,0.18188577890396118,0.00020115474762860686,5.190135743760038e-05,2,BKL
IL_1571488,1,BCC,BCC,0.0002653730219321915,0.48115539241189254,0.5103793982416391,2.0182008420022157e-06,0.0015610154659952968,0.0019557560444809496,0.004679665134517563,1.458561342815301e-06,2,BKL
IL_1571556,2,BKL,BKL,5.152013891063234e-07,8.406382783654465e-06,0.979276716709137,3.4928099876818663e-06,3.28009506631588e-05,0.02067741554856184,6.364585907192577e-07,8.998213396615995e-08,2,BKL
IL_1572038,0,AK,AKIEC,0.050798564683645964,0.022510278970003128,0.3675618516281247,0.0003927594643755583,0.004270549336069962,0.0034598573110997677,0.5509793311357498,2.6856133445107844e-05,6,SCC
IL_1572653,2,BKL,BKL,7.166685099946335e-05,0.012230062508024275,0.5626334995031357,0.0007762023305986077,0.006015429375111125,0.4154089242219925,0.001733738972689025,0.0011304881118121557,2,BKL
IL_1575881,5,NV,NV,0.006389474064519618,0.014933855971321464,0.11915323138237,0.0047128877204158925,0.05732135265134275,0.5543182641267776,0.0001726854793062671,0.2429982782227853,5,NV
IL_1575936,1,BCC,BCC,0.02217064518481493,0.2138102911412716,0.3253154903650284,0.014116036749328487,0.005244229338131845,0.017371014226228,0.4000528525793925,0.0019193965417798609,6,SCC
IL_1576423,4,MEL,MEL,0.00040533671563025564,0.0003571047054720111,0.9332894384860992,0.00021803068375447765,0.0051654885755851865,0.057867408730089664,0.0026327450177632272,6.448062777053565e-05,2,BKL
IL_1577299,0,AK,AKIEC,0.014670858159661293,0.02147397119551897,0.7133113443851471,0.0015612057759426534,0.1156761571764946,0.02465830370783806,0.106575146317482,0.002072989442240214,2,BKL
IL_1577473,6,SCC,SCCKA,0.4364233015812715,0.0035233062235686674,0.045086805406867825,0.000820579429987589,0.00181093401988619,0.010787070388801112,0.501149641466327,0.00039836564868366963,6,SCC
IL_1587748,1,BCC,BCC,8.261627112915448e-05,0.3612986675107095,0.08754275366663933,0.0014265731733758003,0.05628233356401324,0.4925704151391983,0.0003553857586666709,0.00044126382636022754,5,NV
IL_1592850,2,BKL,BKL,2.324860398061901e-05,4.3928915260949e-06,0.995868057012558,2.43668261763752e-05,0.0008939453384755325,0.0031558852351736277,2.741921900753508e-05,2.6608965180141553e-06,2,BKL
IL_1595494,2,BKL,BKL,0.014070969773456454,0.4527111053466797,0.0912755616591312,0.003391842772543896,0.0015344430503319018,0.022120445428299718,0.4132909250765806,0.0016046651981014293,1,BCC
IL_1595828,2,BKL,BKL,0.0007333500907407142,0.0005463933762257511,0.4319099625572562,1.5237306039139753e-05,0.4561764826165984,0.11055880226194859,5.723921255196274e-06,5.405882299491793e-05,4,MEL
IL_1601873,1,BCC,BCC,0.005532180381123908,0.5632185861468315,0.25759531930088997,0.021513587329536676,0.013025333289988339,0.008516567468177527,0.1294204480946064,0.0011779733231378486,1,BCC
IL_1606035,6,SCC,SCCKA,0.001236567972227931,0.0003809992576861987,0.0005030234601690609,0.0008848782631503127,0.0028113648113503587,0.00037413779824646554,0.9937966465950012,1.2390445576215825e-05,6,SCC
IL_1606661,5,NV,NV,2.2085075035427337e-07,0.0004190475716274733,0.005439204518950191,0.00014916405780240893,0.0049679536605253816,0.9890154004096985,2.0254855335188893e-06,7.0343893909807775e-06,5,NV
IL_1608004,0,AK,AKIEC,0.3634278790123062,0.62623131275177,0.00117567404959118,1.3577229310612893e-05,3.530204594426323e-05,0.0003364385681834392,0.008778360919677652,1.409705802757344e-06,1,BCC
IL_1608050,1,BCC,BCC,0.055358142824843526,0.4102947413921356,0.1681896336376667,0.04687788162846118,0.036680012475699186,0.13591301068663597,0.004524077172391117,0.14216250617755577,1,BCC
IL_1608100,5,NV,NV,2.9056175662844907e-05,0.00060922544071218,0.1313571073114872,3.990795448771678e-05,0.2129607398819644,0.6547407507896423,2.833409394042974e-05,0.00023495320237998385,5,NV
IL_1609531,1,BCC,BCC,0.001187503903565812,0.39330932457596646,0.17093227128498256,0.0005271536974760238,0.01879691178601206,0.41415559500455856,0.0009759671484061982,0.00011531941845532856,5,NV
IL_1609893,0,AK,AKIEC,0.05323179950937629,0.04478470215690322,0.22730283811688423,0.0007668161706533283,0.27746952697634697,0.28744928538799286,0.1072006598697044,0.0017943548155017197,5,NV
IL_1610839,1,BCC,BCC,0.04143631734314113,0.0003062729228986427,0.4268630491569638,0.00032927465508691967,0.2760899141430855,0.20288304472342134,0.05207130668713944,2.080156536976574e-05,2,BKL
IL_1611761,6,SCC,SCCKA,0.07388854213058949,0.3505352959036827,0.01505150692537427,0.002469173999884333,0.045476408675312996,0.4150787733960897,0.09225728827641433,0.005243005463853478,5,NV
IL_1612768,6,SCC,SCCKA,0.49976450472604483,0.0006614923768211156,0.00027428057001088746,1.1991994313120813e-06,0.002758885922958143,0.0008689420574228279,0.4956575972610153,1.30971002363367e-05,0,AK
IL_1615908,5,NV,NV,0.000238232416450046,0.5197552293539047,0.08392859529703856,0.08881279907654971,0.009796936996281147,0.21701477468013763,0.006184717643918702,0.07426874092197977,1,BCC
IL_1617304,1,BCC,BCC,0.00044346896720526274,0.4943929473665776,0.4997654315084219,5.123623864733418e-06,0.0003634370950749144,0.0023136389718274586,0.0027137849683640525,2.2047406673664227e-06,2,BKL
IL_1618054,5,NV,NV,0.018015565134902545,0.00041395146104150626,0.4534870469942689,0.00027522673008206766,0.02464399579912424,0.502056498080492,0.0006736825188653484,0.00043400083467304285,5,NV
IL_1618148,1,BCC,BCC,0.010176941519603133,0.49962325778324157,0.33525724686842295,0.00039019511120841344,0.03173380634689238,0.12105467433138983,0.0006283547554630786,0.0011355568625788237,1,BCC
IL_1618777,2,BKL,BKL,4.251948894307134e-05,0.0065916900527156486,0.5028592946473509,2.3095002120498975e-05,0.020056771364579618,0.4678940563608194,1.6306969129686877e-05,0.002516278839614472,2,BKL
IL_1621058,4,MEL,MEL,2.3480566142097814e-05,4.371848535811296e-05,0.22931481483828975,0.011488894582726061,0.471705153118819,0.28555052541196346,0.0018523740236560116,2.0991394194425084e-05,4,MEL
IL_1622119,4,MEL,MEL,0.0011190786872248282,0.05050800543358491,0.020964740309864283,0.08294214960187674,0.5006253644824028,0.3385235369205475,0.0016363037598239316,0.0036808454897254705,4,MEL
IL_1623050,2,BKL,BKL,0.09363486734218895,0.5866434425115585,0.004544128030829597,0.006944145291200243,0.00024049913008639123,0.0006676387565676123,0.30730893003419624,1.6314709036180375e-05,1,BCC
IL_1623260,1,BCC,BCC,0.001427112816600129,0.0032170374015549896,0.9047769606113434,0.0008765344246057793,0.0028153120329079684,0.0857337563065812,0.000975739982095547,0.00017752646817825735,2,BKL
IL_1623659,1,BCC,BCC,0.0026310085896454893,0.5257788989692926,0.39627549748729507,0.0048495019233454305,0.005158765273605148,0.055287817165663,0.009624848750632964,0.00039368511760740077,1,BCC
IL_1625931,1,BCC,BCC,0.002670376532478258,0.4995409057592042,0.43599803309189156,5.454432402984821e-05,0.04592609774954326,0.015361536425189115,0.00037825047911610454,7.027569154161029e-05,1,BCC
IL_1627026,4,MEL,MEL,8.664706066419114e-06,5.0724120455925004e-05,0.01299387076869607,0.00019407726583153817,0.29902405361644924,0.6876039803028107,2.7519103232620523e-05,9.706558111588492e-05,5,NV
IL_1629455,1,BCC,BCC,0.00016854725254233927,0.008712058886885643,0.844225287437439,0.0013500095301424153,0.007052679724438349,0.13822955451905727,0.00021728853607783094,4.454540066944901e-05,2,BKL
IL_1633502,1,BCC,BCC,0.006025142036378384,0.5406446605920792,0.002484331955201924,3.142062280403479e-05,0.006784180713111709,0.004341193241998553,0.4396637878890033,2.5225645799764607e-05,1,BCC
IL_1641012,5,NV,NV,4.302544311940437e-05,0.00011675462201310438,0.055588370334589854,0.00013134434630046599,0.20911065771360882,0.7343008369207382,0.00027699926522473106,0.0004320181324146688,5,NV
IL_1641908,1,BCC,BCC,0.054158284270670265,0.020730707328766584,0.45476484671235085,0.002423662575893104,0.0060412646271288395,0.0011937782692257315,0.4583621546626091,0.002325341751202359,6,SCC
IL_1644397,1,BCC,BCC,0.06724671460688114,0.4052809885033639,0.13601745758205652,0.00041777848309720866,0.025984949432313442,0.3283738575410098,0.03614691259281244,0.000531332390892203,1,BCC
IL_1647212,1,BCC,BCC,0.18441642774268985,0.2088804980739951,0.38960767537355423,0.00021945597165995423,0.016076725856692065,0.1617885511368513,0.033685140777379274,0.005325529590209044,2,BKL
IL_1647541,1,BCC,BCC,0.007948475715238601,0.397810235619545,0.2796907462179661,0.002189597167671309,0.0005667572950187605,0.3089655935764313,0.0024142450056388043,0.0004143466921959771,1,BCC
IL_1651344,3,DF,DF,0.046314237639307976,0.02065390395000577,0.0840792846865952,0.30898813903331757,0.09079725295305252,0.15226558595895767,0.29467179626226425,0.0022297731484286487,3,DF
IL_1653926,1,BCC,BCC,0.05239680397789925,0.10313356562983245,0.08003610745072365,0.13465126976370811,0.02229919470846653,0.4108727276325226,0.19600506126880646,0.0006051976088201627,5,NV
IL_1655178,1,BCC,BCC,6.724850982209318e-05,7.292572809092235e-05,0.2703102251980454,0.005548185668885708,0.3904552645981312,0.3332962542772293,0.0001418069878127426,0.00010812596519826911,4,MEL
IL_1655830,2,BKL,BKL,0.6304260641336441,0.04269359912723303,0.2785783688304946,0.00016109315583889838,0.01401076139882207,0.0269552452955395,0.0026078992523252964,0.004566965333651751,0,AK
IL_1657109,5,NV,NV,3.147837155381694e-07,5.72994724734599e-06,0.5331248454749584,1.2054047374476795e-05,0.09768842757330276,0.3691327143460512,1.5195525122635445e-06,3.43651120511268e-05,2,BKL
IL_1658282,1,BCC,BCC,0.0016914776642806828,0.6094370111823082,0.35086034394043963,0.00037957663175802736,0.001556604118377436,0.033064390903746244,0.0029772310226690024,3.336736256187578e-05,1,BCC
IL_1659172,2,BKL,BKL,0.009790927482754341,0.1534206747310236,0.141531091183424,0.02925500925630331,0.0002910125949711073,0.09034265950322151,0.5748384892940521,0.0005301409319145023,6,SCC
IL_1659933,0,AK,AKIEC,0.09732791579153854,0.004016247727122391,0.5994276627898216,0.0015170210423463004,0.0845692879486819,0.02569567858154187,0.1864296986022964,0.001016446003585969,2,BKL
IL_1660797,5,NV,NV,0.006131503789220005,0.3383956253528595,0.09646943584084511,0.0005764542966062436,0.03764855500776321,0.201813206076622,0.318815000297036,0.000150207968573568,1,BCC
IL_1662116,5,NV,NV,2.8455154790663073e-05,0.004809266165921144,0.004242133465595543,0.0011911115969125419,0.0013405198922882278,0.987032026052475,0.000406626993402881,0.0009499190507926691,5,NV
IL_1664257,5,NV,NV,0.00033702013843139866,0.0004206263256492093,0.15849857265129685,0.003252506663557142,0.06289062276482582,0.7736361622810364,0.0003000641372636892,0.0006644139502895996,5,NV
IL_1667522,1,BCC,BCC,0.007504395034629852,0.5251327902078629,0.38825025013647974,0.008865031417371938,0.0041115197527688,0.06451954343356192,0.0014503678976325318,0.00016610858619969804,1,BCC
IL_1669635,5,NV,NV,5.398731524053346e-06,9.631412240196369e-06,0.0016551096341572702,7.30778574506985e-05,0.017874314507935196,0.9802556335926056,8.778060873737559e-05,3.9042819878432056e-05,5,NV
IL_1670186,1,BCC,BCC,0.007471244956832379,0.13780604116618633,0.5969893038272858,0.034350084606558084,0.09454345889389515,0.014770779758691788,0.11323415488004684,0.0008349186355189886,2,BKL
IL_1671184,6,SCC,SCCKA,0.0009485032642260194,0.5000229887664318,0.025749652180820704,0.002434499412686364,0.0016644723655190319,0.0027671299048961373,0.46639051284000743,2.2299980571460765e-05,1,BCC
IL_1671392,5,NV,NV,0.0001023785680445144,0.000158499380631838,0.018367720302194357,0.00835066967374587,0.048396711237728596,0.9231438338756561,0.0010320760002286988,0.00044814358989242464,5,NV
IL_1672894,5,NV,NV,1.597327292657269e-08,2.6088452358408176e-06,0.00017063492532543023,6.65745105266069e-07,0.00034232962207170203,0.9994818866252899,1.3012910216048112e-07,1.62380927548611e-06,5,NV
IL_1673815,1,BCC,BCC,0.004265767754986882,0.13472879049368203,0.6923284381628036,0.0025206357384206513,0.0007743778733129147,0.003620560630224645,0.16172970081515814,3.169882430853477e-05,2,BKL
IL_1675253,1,BCC,BCC,0.2429037969559431,0.46910884883254766,0.0012829654260713141,1.8653641745913774e-05,0.09712713491171598,0.029197130352258682,0.16034249123185873,1.8971064491779543e-05,1,BCC
IL_1678341,1,BCC,BCC,0.1258358280028915,0.48869141284376383,0.027212551271077245,1.2102347113795986e-05,0.018723977584159,0.3385496586561203,0.0007513350992667256,0.00022316483955364674,1,BCC
IL_1680101,5,NV,NV,0.0003143103494949173,0.00013791136007057503,0.037807985208928585,4.714562373919762e-05,0.28052200749516487,0.6806712597608566,0.0003554487557266839,0.00014387134797289036,5,NV
IL_1682958,1,BCC,BCC,0.00014879723312333226,0.02906422968953848,0.057704975828528404,0.002846661998773925,0.21184580540284514,0.6980593502521515,0.00021678741177311167,0.00011341800563968718,5,NV
IL_1684898,1,BCC,BCC,0.13411423796787858,0.6152361631393433,0.18292138166725636,7.018285623416887e-05,0.00040863017966330517,0.004751593340188265,0.062484685659001116,1.311089309297131e-05,1,BCC
IL_1693296,7,VASC,VASC,2.297278965102123e-05,0.0001372577462461777,0.00047564257511112373,0.001598668665792502,0.007750499738904182,0.12092284570098855,1.2927231580306398e-05,0.869079202413559,7,VASC
IL_1693887,6,SCC,SCCKA,0.0002958852819574531,0.0017033276471920544,0.4960220489301719,9.920963904619384e-05,0.00022386528075912793,0.004230778258715873,0.4974165866333351,8.317439665006532e-06,6,SCC
IL_1694504,1,BCC,BCC,0.0018122261390089989,0.9773614704608917,0.014620705042034388,3.5890769254365296e-06,2.9045298106211703e-05,0.006030438933521509,0.00014180956145537493,7.081309831846738e-07,1,BCC
IL_1696405,5,NV,NV,4.303501427216361e-05,0.0007359766241279431,0.4761620294302702,0.0001270411376026459,0.003435681210248731,0.5193605273962021,8.717064247321105e-05,4.858099703142216e-05,5,NV
IL_1701401,6,SCC,SCCKA,0.023645401932299137,0.19594692811369896,0.1770874746143818,0.01002841698937118,0.029122946900315583,0.48427727073431015,0.07637185300700366,0.0035196898970752954,5,NV
IL_1703552,1,BCC,BCC,0.01733475737273693,0.46228055204846896,0.011282929684966803,9.226364113601448e-06,0.00015605719909217441,0.4901820312952623,0.01870264248168496,5.184371593713877e-05,5,NV
IL_1711238,4,MEL,MEL,0.0005840726907990756,0.0025115770386037184,0.05884222220629454,0.005064606490947199,0.7164833545684814,0.21458720974624157,0.001359963434765632,0.0005669989442367296,4,MEL
IL_1711365,2,BKL,BKL,0.004419671313371509,2.5325300839540432e-05,0.9793274998664856,2.5906263800834495e-07,0.00032456052394991275,0.015898088924586773,3.993297127635742e-06,5.279115171674675e-07,2,BKL
IL_1712969,1,BCC,BCC,0.24026657929061912,0.6641135364770889,0.034958288590132724,0.004737202427349985,0.018074387829983607,0.03130102006252855,0.006346344729536213,0.00020269352171453647,1,BCC
IL_1713775,1,BCC,BCC,4.872520548815373e-05,0.858701765537262,0.0031571310391882434,1.9180499748472357e-05,7.323021782212891e-05,0.1348576198797673,0.00313891502446495,3.447208314355521e-06,1,BCC
IL_1717004,2,BKL,BKL,0.007749937241896987,0.00786306499503553,0.2973416494205594,0.04770145285874605,0.12804674729704857,0.45516061782836914,0.05589622596744448,0.00024027609470067546,5,NV
IL_1717276,2,BKL,BKL,1.4916249710950069e-05,0.0002532540556785534,0.16944102197885513,4.773607770403032e-05,0.059584490954875946,0.7706309258937836,1.5396416074509034e-05,1.2202773746139428e-05,5,NV
IL_1718320,1,BCC,BCC,0.004822546531613625,0.8975753784179688,0.0017300880845141364,0.0014321672501864668,0.003028551349416375,0.08913422661134973,0.002271699733682908,5.3716405545856105e-06,1,BCC
IL_1720611,0,AK,AKIEC,0.0432492746040225,0.49138176537962863,0.03363166082999669,5.6970417745105806e-05,0.4283715617566486,0.002477329663634009,0.0005683321214746684,0.00026305864895448394,1,BCC
IL_1724111,1,BCC,BCC,0.007364449906162918,0.00010601790290820645,0.000913066403427365,1.4174311360193315e-05,0.013247271461295895,0.4801916523720138,0.4981563218742906,7.024879778327886e-06,6,SCC
IL_1724228,1,BCC,BCC,0.08823032057262026,0.49026978842448443,0.2954930707346648,0.0001645814436415094,0.026578709250316024,0.09150105228036409,0.007714339066296816,4.806062543138978e-05,1,BCC
IL_1726538,5,NV,NV,0.0003338289388921112,0.00400684135092888,0.12152501547825523,0.001700462817098014,0.021221380680799484,0.8495290279388428,0.0006897342973388731,0.0009937613504007459,5,NV
IL_1732835,6,SCC,SCCKA,0.24382274597883224,0.3154547912272392,0.16282462689559907,7.875262690504314e-05,0.016141927684657276,0.012427430832758546,0.24922663592224126,2.3065162622515345e-05,1,BCC
IL_1733952,6,SCC,SCCKA,0.023773509223246947,0.0360909947194159,0.4554178020916879,0.0011539360530150589,0.000266492130322149,0.03387914715062834,0.44934899266809225,6.912728963470727e-05,2,BKL
IL_1734179,4,MEL,MEL,0.1612344381865114,0.3265786408446729,0.4679089216515422,0.000841477420181036,0.004821859231014969,0.02676787239033729,0.01181046525016427,3.630258379416773e-05,2,BKL
IL_1735251,1,BCC,BCC,0.0004966658270859625,0.05082512926310301,0.5004042536020279,0.00023074114233168075,0.013697973103262484,0.43352403305470943,0.0007088380225468427,0.00011230952077312395,2,BKL
IL_1735486,1,BCC,BCC,0.03973856513039209,0.3604678427800536,0.40062015363946557,0.00042314029724366264,0.012258064438356087,0.08754556295752991,0.09821617478519329,0.0007304745013243519,2,BKL
IL_1739101,1,BCC,BCC,0.007621132652275264,0.5705733895301819,0.21849439968355,0.0011929979173146421,0.050707731395959854,0.035773005402006675,0.1146831139922142,0.0009542312836856581,1,BCC
IL_1739769,2,BKL,BKL,0.24291691422695294,0.001315695815719664,0.12412846344523132,0.0019015548605239019,0.002876839233067585,0.009115116205066442,0.6170472055673599,0.0006981506103329593,6,SCC
IL_1740059,7,VASC,VASC,1.5357538813987048e-06,0.003775435732677579,9.190194347752367e-06,6.57091044331537e-06,6.782857417420018e-05,0.03130046045407653,8.924307692836919e-08,0.9648388624191284,7,VASC
IL_1740748,5,NV,NV,1.2635639379254826e-07,0.0001232512773583494,7.072512380545959e-05,1.4692761283185973e-06,0.0009507016038696747,0.9988507032394409,4.0756036412403773e-07,2.524021240901675e-06,5,NV
IL_1741364,6,SCC,SCCKA,0.0023070183087838814,0.006945553934201598,0.2906693280892796,0.0008327875081590719,0.17803868262944889,0.010527827681400481,0.5106752347201109,3.5789909125227837e-06,6,SCC
IL_1741464,2,BKL,BKL,0.0008005648851394653,0.002662081562448293,0.6666349470615387,0.0032574829238001257,0.0006317192746791989,0.23994341772049665,0.08601814766370808,5.161514036444714e-05,2,BKL
IL_1741530,2,BKL,BKL,0.11933312937617302,0.39654245774727315,0.3600016525015235,0.00036852223274763674,0.09364233165979385,0.025080036371946335,0.004965305226505734,6.655074867012445e-05,1,BCC
IL_1743491,1,BCC,BCC,0.09240637927723583,0.7053099572658539,0.1473665754438116,0.002165798922851181,0.011100082947450574,0.03740531996209029,0.001758822658302961,0.002487041441558091,1,BCC
IL_1744023,0,AK,AKIEC,0.02540487565420335,0.012348069751169533,0.34601706406101584,0.0011366326652932912,0.08609553449059604,0.04419539023001562,0.4846131323138252,0.00018930462249500124,6,SCC
IL_1744975,1,BCC,BCC,0.00024453992227790877,0.498810689750826,0.13379333246848546,0.0015193559302133508,0.026373993285233155,0.33822239603614435,0.0009218065933964681,0.00011381473814253695,1,BCC
IL_1746833,1,BCC,BCC,0.01257053334848024,0.06396234035491943,0.77821284532547,0.003130771079668193,0.008064956942689605,0.020787316607311368,0.11285664800379891,0.0004146765293739918,2,BKL
IL_1748759,1,BCC,BCC,0.17270818836095714,0.32403549265291076,0.4955282467417419,8.275597565443604e-06,0.000398066443267453,0.006374508360750042,0.0009433681834991603,3.8110820241854526e-06,2,BKL
IL_1749163,1,BCC,BCC,0.01420278032310307,0.6330791562795639,0.23140300437808037,0.00480794080067426,0.004922073683701456,0.05509859835729003,0.05634854454547167,0.00013792399931844557,1,BCC
IL_1749756,2,BKL,BKL,0.000277639612704661,0.0015159932372625917,0.4851578250527382,0.0003091803337156307,0.016266371123492718,0.49621105566620827,3.430107972235419e-05,0.00022759706916986033,5,NV
IL_1752331,1,BCC,BCC,0.07711438369005919,0.221479051746428,0.6211460381746292,0.000766618260058749,0.0026207223563687876,0.07180494721978903,0.0034195148036815226,0.0016487407483509742,2,BKL
IL_1752453,1,BCC,BCC,0.00010876576629925694,0.9885115027427673,0.006015998078510165,1.0999342663353673e-06,0.0002857807412510738,0.0050237698160344735,4.749847903440241e-05,5.546373586184927e-06,1,BCC
IL_1752573,1,BCC,BCC,0.0008220084855565801,0.44649950601160526,0.5283294692635536,0.0012918639986310154,0.007698145578615367,0.010193384252488613,0.005011642584577203,0.00015400864504044876,2,BKL
IL_1753473,5,NV,NV,4.437230940013137e-06,8.64188475446781e-07,0.0007439742767019197,3.0023328314143782e-05,0.0028345941682346165,0.9961868524551392,5.240641789860945e-06,0.0001940259047330528,5,NV
IL_1756405,1,BCC,BCC,0.1514786030165851,0.5030522365123034,0.1494213786381806,0.000193454784485958,0.027430885822710138,0.16784279902316257,0.0004102924285689369,0.00017033325376880626,1,BCC
IL_1758628,2,BKL,BKL,0.003238093515392393,0.21447884779445303,0.339070413261652,0.004432382693266845,0.0796034245431656,0.11803087592124939,0.24105963110923767,8.632258595753228e-05,2,BKL
IL_1758673,1,BCC,BCC,0.033740909238986205,0.9232615232467651,0.019733868539333344,0.006382299320534912,0.002342166217886188,0.009109074017032981,0.005172465709620155,0.00025768087107280735,1,BCC
IL_1763474,1,BCC,BCC,0.002695013186894357,0.4915520092472434,0.46725760800472926,0.0011999781236227136,0.003972595121013001,0.025792508386075497,0.0075143929570913315,1.5858088772802148e-05,1,BCC
IL_1765810,0,AK,AKIEC,0.011691113526467234,0.4681492744712159,0.4554180830018595,0.00012175331676189671,0.003954728425014764,0.01221467946015764,0.048368899151682854,8.15361381683033e-05,1,BCC
IL_1766125,5,NV,NV,8.693863549069647e-07,5.7644111848276225e-06,0.040284112736117095,1.687756048340816e-05,0.007743157562799752,0.9519025683403015,1.3984416113999032e-06,4.522506696957862e-05,5,NV
IL_1770771,5,NV,NV,0.0007715747099155124,0.0029846637044101954,0.22977280151098967,0.0007441973345976294,0.037298377603292465,0.6674482077360153,0.000867877379505444,0.0601123315282166,5,NV
IL_1773483,1,BCC,BCC,2.822849728545407e-05,0.49924677720991895,0.0005292283385642804,0.00022456693132655303,0.017257870291359723,0.48227616160875186,5.189390492432722e-06,0.00043198615753681224,1,BCC
IL_1778367,1,BCC,BCC,0.05557354539632797,0.09718219190835953,0.006659452039457392,0.00593742394084984,0.09103076718747616,0.04563884995877743,0.005824570344884705,0.6921531856060028,7,VASC
IL_1779253,2,BKL,BKL,0.00821585115045309,0.002498419664334506,0.518707275390625,0.0006639946368522942,0.0005262821796350181,0.004844258117373101,0.4645297279348597,1.4170933241075545e-05,2,BKL
IL_1779696,2,BKL,BKL,5.4481878976275766e-05,2.9479020213329932e-05,0.9795321524143219,0.0001888396145659499,0.005997045082040131,0.013424895238131285,7.939258352962497e-05,0.0006937570180980401,2,BKL
IL_1779871,2,BKL,BKL,0.010366481335950084,6.894875559737557e-05,0.9863814413547516,2.8130505505430392e-05,0.0024799793754937127,0.00045675118735744036,0.00017686890805634903,4.136978931068569e-05,2,BKL
IL_1782345,4,MEL,MEL,0.000700201271683909,0.17616722732782364,0.04452757816761732,0.002681286830920726,0.24869870394468307,0.5021139234304428,0.0035199729027226567,0.021591124124825,5,NV
IL_1794572,1,BCC,BCC,0.05851898901164532,0.4502111648907885,0.21389333996921778,0.005119718685364205,0.07363563988417354,0.198008197316085,0.00047437458124477416,0.00013860686613043072,1,BCC
IL_1794752,1,BCC,BCC,0.0006203795928740874,0.9895969033241272,0.0033216988085769117,0.0006964315252844244,0.002333692929823883,0.0017763411742635071,0.001447307993657887,0.00020724865316879004,1,BCC
IL_1796652,1,BCC,BCC,0.005553986236918718,0.728193074464798,0.03351529355859384,0.00026223734130326193,0.0003604775556595996,0.23114174478541827,0.0009204274629155407,5.277603668218944e-05,1,BCC
IL_1797280,2,BKL,BKL,0.7698900997638702,0.012707934789432329,0.018535620882175863,0.04270754790013598,0.0017989759508054703,0.13353832764551044,0.020007430110126734,0.0008140996678775991,0,AK
IL_1799297,4,MEL,MEL,0.0001678499111221754,0.0013110817526467144,0.3967542154059629,0.00014165195716486778,0.4630119134671986,0.10678371973335743,0.031814027432119474,1.551947525513242e-05,4,MEL
IL_1801069,5,NV,NV,0.00022960418573347852,0.0001581058704687166,0.22086163610219955,0.004746675083879381,0.1846931204199791,0.5885607302188873,6.160505472507793e-05,0.0006884992180857807,5,NV
IL_1801204,1,BCC,BCC,0.18915311604905582,0.34682825207710266,0.11040810868144035,0.010560198279563338,0.13418783340603113,0.12520877475617453,0.08320849243318662,0.0004452225402928889,1,BCC
IL_1801280,6,SCC,SCCKA,0.4748445264995098,0.23338177835103124,0.23702681297436357,5.400864938565064e-05,0.025052003329619765,0.02921791048720479,0.0003488152360660024,7.416634616674855e-05,0,AK
IL_1804750,0,AK,AKIEC,0.4767940227205827,3.177998252112957e-06,0.4992887992411852,1.0349266148068637e-05,0.0072502149268984795,0.016637720386825094,1.4887398265273077e-05,8.511899380891919e-07,2,BKL
IL_1804830,1,BCC,BCC,0.04028679640032351,0.5974280387163162,0.1640955346811097,0.03779475577175617,0.007249379821587354,0.1396308494731784,0.012615101179108024,0.0008995235548354685,1,BCC
IL_1808002,1,BCC,BCC,0.06720417272299528,0.5017386320978403,0.4173047305375803,4.945381766319201e-05,0.00577381429138768,0.004789502592757344,0.003123829155981639,1.5811996263437322e-05,1,BCC
IL_1812353,2,BKL,BKL,0.001862938412159565,0.010688960002880776,0.8941075205802917,0.0001010987208331926,0.00021269540707180568,0.0820419741794467,0.010898665634158533,8.619806368415084e-05,2,BKL
IL_1813183,1,BCC,BCC,0.0011949001782340929,0.0016270189807983115,0.875,0.0006045194541002274,0.013713549593376229,0.0937898401170969,0.013991291241836734,7.89032993679939e-05,2,BKL
IL_1815141,5,NV,NV,1.7052778275683522e-05,0.12583529658877524,0.0076689544366672635,0.002006259252084419,0.0023097821976989508,0.8619324862957001,0.0001281849231418164,0.00010201093391515315,5,NV
IL_1817922,4,MEL,MEL,0.010908364708484442,0.011588399764150381,0.6294343769550323,0.019041844325556667,0.19451921619474888,0.12617473676800728,0.0057821731934382115,0.002550916495238198,2,BKL
IL_1818431,1,BCC,BCC,0.08545151746511692,0.035592103777162265,0.486108910292387,4.715122213383438e-05,0.0048904267605394125,0.02681232470786199,0.3609336595982313,0.00016397125909861643,2,BKL
IL_1821378,1,BCC,BCC,0.008494037901982665,0.27936412510462105,0.6956001669168472,0.0009716946333355736,0.0016212637710850686,0.012299481662921607,0.0012235972681082785,0.00042565273179206997,2,BKL
IL_1824943,6,SCC,SCCKA,0.6645089536905289,0.0010493746572137752,0.26229684909048956,0.007109982289762229,0.0010048496616263947,0.04902323309943313,0.014298015739768744,0.0007087353438635091,0,AK
IL_1827145,7,VASC,VASC,0.0022010351310655096,0.007090091530699283,0.003489790506463919,4.0851110227890786e-05,0.004995446453449404,0.029576149445347255,3.126819624554855e-06,0.9526034891605377,7,VASC
IL_1831903,1,BCC,BCC,0.0024226100999840128,0.036640386904764455,0.4363718202403106,0.00018992154946317896,0.0014828334678895772,0.060008236701833084,0.46287546544044744,8.643519919360187e-06,6,SCC
IL_1833955,4,MEL,MEL,5.674462215665699e-06,1.0454352604938322e-05,0.00018784682106343098,0.0027073458004451822,0.3967944700270891,0.6002684906125069,3.3939905534907666e-06,2.2252105281950207e-05,5,NV
IL_1836211,6,SCC,SCCKA,0.014890192876919173,0.1708310917019844,0.00039546915650134906,0.0003854747046716511,0.00042498465336393565,0.028662708442425355,0.41895600767747965,0.36545411432598485,6,SCC
IL_1839563,1,BCC,BCC,0.18852627566097624,0.16582981869578362,0.5296176262199879,0.030566759820935374,0.007839758471618552,0.058355317916721106,0.01751158260867669,0.0017528715470405132,2,BKL
IL_1840884,1,BCC,BCC,0.026805627159774303,0.5101053416728973,0.3176470994949341,0.0037585532991215587,0.007547388784587383,0.12790294364094734,0.0019143868703395128,0.004318674502428621,1,BCC
IL_1843719,1,BCC,BCC,0.18772355197870638,0.08881277218461037,0.20429560961201787,0.0012259233044460416,0.009913260902976617,0.027505904901772738,0.06565385140129365,0.41486911312676966,7,VASC
IL_1843945,1,BCC,BCC,0.05852212628815323,0.17902374255936593,0.6489578932523727,0.019017550883688727,0.005661189391503285,0.006539394846186042,0.08179026339985285,0.00048786315686299986,2,BKL
IL_1844435,4,MEL,MEL,2.9935113474266473e-05,9.451155347051099e-05,0.2384722363203764,9.894027971313335e-05,0.7199842929840088,0.04122556000947952,7.640435796929523e-06,8.688025627634488e-05,4,MEL
IL_1845648,5,NV,NV,8.401791473211517e-06,0.00031407532259919435,0.39809063137823486,0.0009980836586782615,0.002143389778211713,0.5983822271227837,5.413868188597348e-05,9.021556738986192e-06,5,NV
IL_1846045,1,BCC,BCC,0.9796617031097412,0.0016169521768460982,0.005826149725180585,1.0594651882911421e-05,0.008121601305902004,0.000612073343290831,0.004140153789194301,1.076009232292563e-05,0,AK
IL_1846294,1,BCC,BCC,0.00025242083211196586,0.8554373383522034,0.052318639267468825,5.9711382164095994e-05,0.06398337287828326,0.0262738149613142,0.0011340743549226318,0.0005406012060120702,1,BCC
IL_1848591,6,SCC,SCCKA,0.11302045607180844,0.6382333189249039,0.10602042503887787,0.006409180106402346,0.0005440749891931773,0.12950708623975515,0.0029771757702974355,0.0032882925098078886,1,BCC
IL_1848853,4,MEL,MEL,6.819918837663863e-06,1.3720472367140246e-06,0.4845376071295675,3.3079040182570907e-06,0.48958109598606825,0.025865628384053707,2.8834098628749416e-06,1.3042776956240232e-06,4,MEL
IL_1849535,1,BCC,BCC,0.007912401109933853,0.7258051931858063,0.027057640254497528,0.003201001512934454,0.023405449464917183,0.021331113181076944,0.18958517163991928,0.0017020594968926162,1,BCC
IL_1857472,4,MEL,MEL,0.0001518390495220956,0.0003854639799101278,0.03036518913540931,3.950438866695549e-05,0.7961577773094177,0.17137290118262172,1.076904800356715e-05,0.0015165735385380685,4,MEL
IL_1858376,6,SCC,SCCKA,0.019876220263540745,0.0028256364166736603,0.3676583948545158,0.016129718903584944,0.05846219041268341,0.03285286101163365,0.4976708050817251,0.004524247309745988,6,SCC
IL_1858396,5,NV,NV,0.00044835570588475093,0.26936869136989117,0.2064163126051426,0.00041988318617569576,0.06491678321117433,0.4580715298652649,0.0002015373574977275,0.0001569020694205392,5,NV
IL_1858834,1,BCC,BCC,0.0005654600354318973,0.036638923615100794,0.9069890677928925,0.0002685322397155687,0.001925493445014581,0.03371206298470497,0.01982767715526279,7.278593329829164e-05,2,BKL
IL_1858842,7,VASC,VASC,7.18318402185697e-05,0.021636656997003456,0.0002946623261022019,7.049797088209964e-05,0.004268162546395615,0.14567380957359433,4.026912812191141e-06,0.8279803097248077,7,VASC
IL_1860378,1,BCC,BCC,0.16927166283130646,0.46681429632008076,0.3007839471101761,0.0001731999807361717,0.005579133197898045,0.055482708383351564,0.0013326709195098374,0.0005623130491585471,1,BCC
IL_1861078,1,BCC,BCC,0.0016636784566799179,0.4810683674659231,0.5015594324795529,9.10847796831149e-06,0.0001361040358460741,0.0037670440651709214,0.01179371796479245,2.5626683282098384e-06,2,BKL
IL_1861400,1,BCC,BCC,0.006144957384094596,0.06233016950136516,0.44453321024775505,0.0020787892572116107,0.06220873445272446,0.12029723823070526,0.2999490548390895,0.0024578006705269217,2,BKL
IL_1861760,3,DF,DF,0.09875454987680143,0.00032335657870419254,0.7113404721021652,0.029157651422792696,0.0066338516771793365,0.008240230148658156,0.14543176186772655,0.00011806664070945772,2,BKL
IL_1866416,1,BCC,BCC,0.36324847952710115,0.023408396635204554,0.09466206282377243,6.508845945063513e-05,0.0033250321866944432,0.017293110257014632,0.49796469509601593,3.3163688613058184e-05,6,SCC
IL_1866823,1,BCC,BCC,0.10098326625302434,0.4044453295280164,0.26721347449347377,0.0002811662986346164,0.14387347663523542,0.08262299125999562,0.0005511163276423758,2.919580310845049e-05,1,BCC
IL_1871141,0,AK,AKIEC,0.08867323398590088,0.04623300023376942,0.24704409204423428,0.00256764599384951,0.013219823071267456,0.04994791268836707,0.5503858178853989,0.0019284811097577403,6,SCC
IL_1873116,1,BCC,BCC,0.3797428528778255,0.44654781371355057,0.028907244559377432,0.008448694599792361,0.006940803956240416,0.06502593075856566,0.028410821687430143,0.035975826904177666,1,BCC
IL_1873727,2,BKL,BKL,0.28160927444696426,0.1005617012269795,0.02743114484474063,0.0023925927858385876,0.07014378532767296,0.01378643955104053,0.43418899923563004,0.06988607015591697,6,SCC
IL_1873832,5,NV,NV,1.5990377590924254e-06,7.972540879563894e-05,0.0024672325107530924,2.3707628429292527e-06,0.00784876267425716,0.9895457625389099,3.4239594697282882e-06,5.118665194459027e-05,5,NV
IL_1874719,2,BKL,BKL,0.13414418648608262,0.02687746100127697,0.6357597261667252,0.0002202454998041503,0.1506649204529822,0.030106200836598873,0.0003568975953385234,0.021870319615118206,2,BKL
IL_1874896,1,BCC,BCC,0.07447564415633678,0.12076704949140549,0.8011213541030884,9.223446102168964e-05,0.0013954752794234082,0.0016541996883461252,0.0003957603494200157,9.830094950302737e-05,2,BKL
IL_1877456,6,SCC,SCCKA,0.0016326611093973042,0.002132553236833701,0.503156803548336,0.0001581567265702688,0.0014276506917667575,0.005486507114255801,0.48584027311881073,0.0001654009765665876,2,BKL
IL_1879101,0,AK,AKIEC,0.011064037804317195,0.018140502739697695,0.10760864615440369,0.001205371201649541,0.1769281104207039,0.6774904429912567,0.0021285542752593756,0.0054343544179573655,5,NV
IL_1880052,1,BCC,BCC,0.009020417870488018,0.6013118401169777,0.07488748874493467,0.026008422395108255,0.05830501867535531,0.21200707863317803,0.0007320925208205153,0.017727663344260236,1,BCC
IL_1882056,4,MEL,MEL,5.877655212316313e-05,0.00018723699679412675,0.11873321718303487,0.0006421022117137909,0.5638258755207062,0.31605034990934655,0.0004696942196460441,3.271723841180574e-05,4,MEL
IL_1882623,1,BCC,BCC,0.09861065819859505,0.36625450022984296,0.5036761909723282,0.0035355668999841328,0.0005368461015677894,0.023847519420087337,0.0031584914668201236,0.0003802389946230278,2,BKL
IL_1886112,4,MEL,MEL,1.992580536125388e-05,0.010027122232713737,0.30153765506111085,0.00027985096676275134,0.6578583419322968,0.030197523534297943,4.9485139697935665e-05,3.0119619623292238e-05,4,MEL
IL_1888715,2,BKL,BKL,0.11108507961034775,0.2490296346368268,0.08029810339212418,0.0017873886972665787,0.0020982807618565857,0.16431241971440613,0.3913295982638374,5.9539023823163006e-05,6,SCC
IL_1891015,6,SCC,SCCKA,2.5134907900792314e-05,0.00011287999950582162,0.40260166631196626,0.006923114246092155,0.0016072454818640836,0.004042305517032219,0.5846870467066765,6.426974543671804e-07,6,SCC
IL_1891845,1,BCC,BCC,0.011957572773098946,0.8038188219070435,0.006074605043977499,0.001891664996946929,0.00020249958470230922,0.1643055104650557,0.01165006717928918,9.9320022854954e-05,1,BCC
IL_1894858,1,BCC,BCC,0.1288422501529567,0.8455791175365448,0.006159518845379353,0.0005292701025609858,0.007474533515051007,0.003600850235670805,0.007737310428638011,7.713962804700714e-05,1,BCC
IL_1898208,2,BKL,BKL,2.417775218788165e-05,4.800180111119712e-05,0.6013895273208618,3.953738694406628e-05,0.018883122143961373,0.3795421265967889,4.031987730002129e-05,3.3268876158842886e-05,2,BKL
IL_1900541,1,BCC,BCC,0.000114241762958045,0.5051042134873569,0.45787912860930646,6.656342756627964e-05,0.01886395494602766,0.016066530262833112,0.0018966526495205471,8.662117288338322e-06,1,BCC
IL_1902090,2,BKL,BKL,0.216672543063396,0.5383963510394096,0.10000654926989228,0.00041746554779820144,0.052777914970647544,0.09043673821724951,0.0011791398865170777,0.00011319418899802258,1,BCC
IL_1904975,5,NV,NV,0.0033394125357517623,0.01557625299767551,0.04550812300294638,0.0077700804813503055,0.2577297165989876,0.6673359572887421,0.0020772077382389398,0.0006633055618294748,5,NV
IL_1906171,5,NV,NV,0.001767435809597373,0.0015365084109362215,0.009217262733727694,0.00022273033391684294,0.004714734968729317,0.9804363548755646,9.466069968766533e-05,0.002010343363508582,5,NV
IL_1907886,5,NV,NV,9.55027849158796e-06,0.0003982741618528962,0.011235479032620788,0.00024050916226769914,0.002752665081061423,0.9852904379367828,3.168953026033705e-05,4.1344730561831966e-05,5,NV
IL_1911635,1,BCC,BCC,0.0015083780672284774,0.5505781769752502,0.12160040401795413,0.019623137524789058,0.2766973561156192,0.026477515501710513,0.0031033280247356743,0.00041173005055483713,1,BCC
IL_1916880,5,NV,NV,9.742375141286175e-06,6.676831890217727e-05,0.13934009219519794,5.8373351407681184e-05,0.16673677248763852,0.6936682015657425,4.994560146087679e-05,7.006362568517943e-05,5,NV
IL_1918190,1,BCC,BCC,0.2760391420451924,0.18487529421690851,0.42474496364593506,0.0009954281704267487,0.015668126405216753,0.07938667759299278,0.017890228889882565,0.00040016906496020965,2,BKL
IL_1918702,1,BCC,BCC,0.030462303533568047,0.8247641623020172,0.004660072037950158,0.000429444668668566,0.003888391559939919,0.13231300259940326,0.0006076871736695466,0.0028749452633007877,1,BCC
IL_1921779,1,BCC,BCC,0.0045050097978673875,0.4814922194927931,0.06736521981656551,0.0022786202025599778,0.03422369807958603,0.3624111022800207,0.04719684459269047,0.0005273245988064446,1,BCC
IL_1925186,1,BCC,BCC,0.0005268835229799151,0.6488427668809891,0.303603714381552,0.001261861532839248,0.007285061044967733,0.029262685333378613,0.0008351550495717674,0.008381866005947813,1,BCC
IL_1927976,2,BKL,BKL,0.49977062037214637,0.04968038690276444,0.10617862385697663,0.00021255165529510123,0.0027917054831050336,0.32877193397143856,0.012575889297295362,1.822927424655063e-05,0,AK
IL_1928434,1,BCC,BCC,8.42886947793886e-05,0.48110515624284744,0.09396355406352086,8.146485629367817e-05,0.008828495755778931,0.4156147185713053,0.00031456062470169854,7.731414143563597e-06,1,BCC
IL_1930653,1,BCC,BCC,0.026695982000092044,0.7556179165840149,0.1326182298362255,0.002292821638548048,0.015933863891405053,0.05746542103588581,0.00768699636682868,0.0016888006357476115,1,BCC
IL_1930968,5,NV,NV,0.0006797512469347566,0.0006929415976628661,0.16050738841295242,0.005068791389930993,0.009280306287109852,0.8206448256969452,0.0012227166444063187,0.001903265598230064,5,NV
IL_1933864,1,BCC,BCC,0.012148053407145198,0.5299056842923164,0.26291367335943505,0.08416665415279567,0.05873710485684569,0.046168321277946234,0.0055501110618934035,0.00041046174737857655,1,BCC
IL_1936294,1,BCC,BCC,0.023194906767457724,0.7086540162563324,0.016933052393142134,0.003088624009336627,0.009784952950212755,0.21581594031886198,0.021484804921783507,0.0010437312776900853,1,BCC
IL_1938646,1,BCC,BCC,0.007188543910160661,0.015625171362444235,0.5143783316016197,0.07132530161538853,0.0007799159648129717,0.016264437697827816,0.374090049356937,0.0003482116234181376,2,BKL
IL_1943405,1,BCC,BCC,0.14058453355755773,0.20915381047234405,0.5535058155655861,0.00013869758731743786,0.0009607328101992607,0.09386206325143576,0.0012164887582457595,0.0005779210025593784,2,BKL
IL_1943704,4,MEL,MEL,0.0007529906251875218,0.47879939153790474,0.2753678569570184,0.002658551835338585,0.0007413733110297471,0.23505462892353535,0.00027420665355748497,0.006350999559799675,1,BCC
IL_1948146,1,BCC,BCC,0.03905098309041932,0.45816317434218945,0.2397642433643341,0.00018962194371852092,0.11152941721229581,0.1497609848738648,0.0014076987572479993,0.00013391204083745833,1,BCC
IL_1950813,1,BCC,BCC,0.16348406333418097,0.8229707777500153,0.004108148321392946,1.3510973261077197e-05,8.101302546492661e-05,0.008870500139892101,0.00044935112236998975,2.2631577088816357e-05,1,BCC
IL_1958887,1,BCC,BCC,0.010818607173860073,0.003739597392268479,0.621214970946312,0.007470748321793508,0.10168969875667244,0.19574798876419663,0.001647114782826975,0.057671264235978015,2,BKL
IL_1962759,5,NV,NV,3.2530405405850615e-05,9.37310583992712e-05,0.005821070219099056,8.453571990685305e-05,0.049453381448984146,0.9443860948085785,2.8990384635108057e-05,9.973808118957095e-05,5,NV
IL_1962885,4,MEL,MEL,0.2667927382826747,0.0002405321538105909,0.08599240693729371,7.747296285742777e-05,0.4940173402428627,0.15262378379702568,0.00020957413994437957,4.614176077666343e-05,4,MEL
IL_1963304,6,SCC,SCCKA,0.14167283341521397,0.08393538184463978,0.27862103981897235,0.0007693793195358012,0.005190902738831937,0.014006133540533483,0.47556479647755623,0.00023952759443091054,6,SCC
IL_1965425,1,BCC,BCC,0.005130733246915042,0.3110417500138283,0.5252153277397156,0.0593419763026759,0.03418926754966378,0.04251900874078274,0.014940026216208935,0.00762194930575788,2,BKL
IL_1966288,1,BCC,BCC,0.00018305864068679512,0.0002179929579142481,0.4887444868509192,2.4446366193586755e-05,0.0003682679687244672,0.5104460697621107,1.393320235365536e-05,1.7715179296828865e-06,5,NV
IL_1967474,7,VASC,VASC,0.00011863402994616301,0.00011358954134266241,0.0002464811095030939,0.0001810878784738179,0.0003356395500304643,0.01160252939826023,5.063676278282969e-07,0.9874015152454376,7,VASC
IL_1969159,1,BCC,BCC,0.004041059651896717,0.004278527580027003,0.32896022186355367,0.06973415618702461,0.017495754171250155,0.06541270355062068,0.5091717559844255,0.0009057776583822341,6,SCC
IL_1970176,4,MEL,MEL,1.0050916444015456e-05,0.0006375175112225406,0.13907335605472326,8.78310402185889e-05,0.5172950141131878,0.3428360177204013,3.2142651889444096e-05,2.8099981136620045e-05,4,MEL
IL_1975374,4,MEL,MEL,0.009494735393673182,0.04484915907960385,0.7242518663406372,0.006425973726436496,0.010729391127824783,0.1956707239151001,0.0019104696839349344,0.006667705252766609,2,BKL
IL_1981700,1,BCC,BCC,0.4166751354932785,0.13393393938895315,0.18479361178469844,0.0016792064852779731,0.18582755234092474,0.044779905350878835,0.03183033689856529,0.0004803412448382005,0,AK
IL_1987842,1,BCC,BCC,0.24494264367967844,0.11617675790330395,0.10711200861260295,0.0018696443585213274,0.07007184810936451,0.31000660359859467,0.1491929441690445,0.0006275678897509351,5,NV
IL_1989864,1,BCC,BCC,0.34863142715767026,0.23144757002592087,0.0181330208433792,0.0008775079176643885,0.00016459992730233353,0.40001095831394196,0.0004579730959903827,0.0002769210975657188,5,NV
IL_1993303,1,BCC,BCC,0.09118114225566387,0.4220290184020996,0.15894445031881332,0.0001643623982090503,0.009857402968918905,0.009025000967085361,0.3086758889257908,0.00012273456013645045,1,BCC
IL_1994258,1,BCC,BCC,0.00540621520485729,0.2358478531241417,0.19949944224208593,0.00010643096720741596,0.0001973585895029828,0.5572057068347931,0.0013966247934149578,0.00034033095835184213,5,NV
IL_1994469,1,BCC,BCC,0.05839592561824247,0.2761218883097172,0.2514723096974194,0.00031111202406464145,0.0005029233579989523,0.4128839373588562,0.0002141364420822356,9.782866982277483e-05,5,NV
IL_1997703,5,NV,NV,1.7051618504737576e-05,0.004331705885633141,0.0003484119874883618,0.0001009497713653218,0.1448720246553421,0.8459309935569763,3.908734314617135e-05,0.004359803106126492,5,NV
IL_2004753,1,BCC,BCC,0.2259486149996519,0.3495321720838547,0.10307696275413036,4.3505382564035244e-05,0.010338170555769466,0.03151401784271002,0.2793723251670599,0.00017427385046175914,1,BCC
IL_2006449,1,BCC,BCC,0.005317737843142822,0.10701432824134827,0.08259711833670735,0.4120002223062329,0.011984068900346756,0.06283662840723991,0.0023818088811822236,0.31586808641441166,3,DF
IL_2012452,5,NV,NV,1.2833955423730004e-05,4.6783610741840675e-05,0.005539523692277726,0.0002469016981194727,0.10408301654388197,0.8899301886558533,1.1475448502551444e-05,0.00012922122868985753,5,NV
IL_2014821,3,DF,DF,0.23183893132954836,0.39405735954642296,0.0742040853947401,0.06839504279196262,0.003048100945306942,0.0864594541490078,0.10583890601992607,0.03615810943301767,1,BCC
IL_2015219,2,BKL,BKL,0.015213186532491818,0.029571792809292674,0.012956148479133844,6.329201823973563e-05,0.08644794300198555,0.8555847108364105,0.00010027025200542994,6.270553967624437e-05,5,NV
IL_2027967,1,BCC,BCC,0.4318708233331563,0.01923813292523846,0.4836402339860797,0.0006744092315784656,0.044307210511760786,0.01536877965554595,0.004736416492960416,0.0001640250502532581,2,BKL
IL_2031934,1,BCC,BCC,0.4522742776898667,0.09917521709576249,0.28422491787932813,0.0015048984932946041,0.011035354080377147,0.06382854096591473,0.08762403856962919,0.00033280504430877045,0,AK
IL_2032936,1,BCC,BCC,0.00549887923989445,0.4702167925424874,0.11433541215956211,0.013503933456377126,0.013670749787706882,0.013162203948013484,0.3691860662656836,0.00042606938222888857,1,BCC
IL_2033265,2,BKL,BKL,0.0005710235855076462,0.07555128866806626,0.5548608973622322,0.0003611440770328045,0.013018517900491133,0.027091589756309986,0.32846648996928707,7.900710988906212e-05,2,BKL
IL_2040419,1,BCC,BCC,0.22549656017781672,0.5493209846317768,0.21583697735331953,0.00023873575264587998,0.0005441938410513103,0.003250837486120872,0.005260138335870579,5.1621171451188275e-05,1,BCC
IL_2040993,1,BCC,BCC,0.0015802308917045593,0.0010842074934771517,0.48651543632149696,0.0011837534134429006,0.08122567953250837,0.0442082267254591,0.38419186048486154,1.0642371307767462e-05,2,BKL
IL_2041854,1,BCC,BCC,0.05456133931875229,0.3479200529400259,0.3670962145552039,0.002413024369161576,0.0277291398961097,0.08088385795417707,0.11909557296894491,0.0003007910927408375,2,BKL
IL_2045312,2,BKL,BKL,0.30532338097691536,0.08214311115443707,0.5614542216062546,0.0008225582132581621,0.011195028200745583,0.03156112227588892,0.007370439721853472,0.00013008530913793948,2,BKL
IL_2048295,5,NV,NV,1.2928605599427101e-05,2.264720205857884e-05,0.04478033818304539,7.470746294302444e-05,0.02199516724795103,0.9329766631126404,6.96584913271181e-05,6.783288654332864e-05,5,NV
IL_2048695,1,BCC,BCC,0.0037496398872463033,0.49639439722523093,0.00571950436278712,1.227068185016833e-05,0.001961575420864392,0.0001436779130017385,0.49129178444854915,0.0007271418608070235,1,BCC
IL_2048772,1,BCC,BCC,0.08528536325320601,0.8479462265968323,0.02534476760774851,0.0009137733167108308,0.007029573522345345,0.03075604105833918,0.0018677296175155789,0.0008565639109292533,1,BCC
IL_2049093,1,BCC,BCC,0.005426249037554953,0.09049030975438654,0.10330208577215672,0.002181483411732188,0.06722331402124837,0.32234579988289624,0.4089588005444966,7.193756783863137e-05,6,SCC
IL_2053741,6,SCC,SCCKA,0.9685533046722412,0.003688902477733791,0.002322508138604462,1.305853905364529e-05,0.0004240988346282393,0.0014094763064349536,0.023579865310239256,8.8444820676159e-06,0,AK
IL_2055704,5,NV,NV,5.008326795064022e-06,0.0002406964540568879,0.3345366735011339,5.842847201620316e-07,0.013937570853158832,0.6512746661901474,4.5472056342532596e-07,4.323208230516684e-06,5,NV
IL_2055749,4,MEL,MEL,6.209630737430416e-05,0.0003089501115027815,0.021750134881585836,0.0017750539022927114,0.6856994926929474,0.2881501466035843,0.00026663850712793646,0.0019875240977853537,4,MEL
IL_2057238,6,SCC,SCCKA,0.00026991987078872626,1.562392571941018e-05,0.0013778920956610818,6.708161299684434e-05,0.0004138518270337954,0.00046128668327583,0.9973925650119781,1.7496204236522317e-06,6,SCC
IL_2058691,1,BCC,BCC,0.056772471871227026,0.2609286643564701,0.005171171389520168,0.004040349922433961,0.0020850308355875313,0.0017515377840027213,0.6683588624000549,0.0008918889725464396,6,SCC
IL_2066626,1,BCC,BCC,0.09634636078772019,0.5008806604892015,0.17351818946190178,2.0132044483034406e-05,0.0002545129523241485,0.22840846329927444,0.000525894280144712,4.5833117383153876e-05,1,BCC
IL_2067413,2,BKL,BKL,0.04009100154507905,0.0028498539268184686,0.4932720363140106,0.000816433955606044,0.1628830791596556,0.1437044683843851,0.15610283632122446,0.00028023720369674265,2,BKL
IL_2072035,1,BCC,BCC,0.012344638584181666,0.4861468402668834,0.34396974835544825,0.0033762211678549647,0.025727382919285446,0.11680078424979001,0.010982150211930275,0.0006522718467749655,1,BCC
IL_2080493,1,BCC,BCC,0.002151382592273876,0.3969922922551632,0.025756969582289457,0.005423784896265715,0.001269439235329628,0.017525348346680403,0.0010531576754146954,0.5498276278376579,7,VASC
IL_2082500,1,BCC,BCC,0.0032613930525258183,0.4622449204325676,0.07250753790140152,0.0026733513368526474,0.1091117481701076,0.3274491582997143,0.021867072326131165,0.0008847895660437644,1,BCC
IL_2086126,1,BCC,BCC,0.002292785095050931,0.47610062500461936,0.0009196810569847003,0.0006254685140447691,0.005043377168476582,0.5022235959768295,0.012691107986029238,0.00010326203118893318,5,NV
IL_2087483,3,DF,DF,0.00021298156207194552,0.49272511899471283,0.0179194756783545,0.0004859127329837065,0.001373866165522486,0.009359551593661308,0.4778572482828167,6.581786510651e-05,1,BCC
IL_2088373,5,NV,NV,1.1772901373774403e-06,1.8729104667158936e-07,0.0005789309070678428,4.618039142201269e-06,0.04188663704189821,0.957486629486084,1.0512306434229401e-06,4.078902816218033e-05,5,NV
IL_2088463,1,BCC,BCC,0.1831570443464443,0.6948080956935883,0.11006759665906429,0.00016973807282738562,0.00032814464157127077,0.0030568704969482496,0.008334397221915424,7.80987137432021e-05,1,BCC
IL_2090783,2,BKL,BKL,0.00015943131074891426,0.000146528471759666,0.48977559024933726,0.4921096447505988,0.003038428141735494,0.011376476264558733,0.0033753898005670635,1.8481697225070093e-05,3,DF
IL_2093270,5,NV,NV,2.957453853014158e-05,4.325354962020356e-05,0.00797057687304914,0.00037763452564831823,0.1349988542497158,0.8563028872013092,0.00012438134581316262,0.00015280523439287208,5,NV
IL_2094234,4,MEL,MEL,0.023202974523428566,0.36405465705252027,0.04350917931878939,1.1379108173059649e-05,0.4365435035670089,0.13265157490968704,1.33687919969816e-05,1.3332944490684895e-05,4,MEL
IL_2095785,1,BCC,BCC,0.022246990702115,0.035331386417965405,0.9259390532970428,0.00015557933238596888,0.001916340654133819,0.014320098329335451,5.7424087572144344e-05,3.313746492494829e-05,2,BKL
IL_2096357,1,BCC,BCC,0.009553605010296451,0.006065479923563544,0.7465919256210327,0.017884189684991725,0.0071084999945014715,0.19784698635339737,0.014922495045993855,2.6789034109242493e-05,2,BKL
IL_2096474,6,SCC,SCCKA,0.2706720260903239,0.17585562728345394,0.535125695168972,3.410226963751484e-05,0.0005592730303760618,0.001997448969632387,0.01573580567492172,2.0044712982780766e-05,2,BKL
IL_2101385,5,NV,NV,0.036956434487365186,0.014732989482581615,0.7883138656616211,0.0008483884207635128,0.0015316917560994625,0.15429395716637373,0.001679148175753653,0.0016435244281183259,2,BKL
IL_2103836,3,DF,DF,0.11374615994282067,0.22622588276863098,0.00891045993193984,0.08655799608095549,0.0028637625509873033,0.0028191463425173424,0.5577749460935593,0.0011015696854883572,6,SCC
IL_2104146,1,BCC,BCC,0.0002552495207055472,0.006662664090981707,0.515019416809082,0.0021240995738480706,0.08712225058116019,0.18077673390507698,0.20788964949315414,0.0001498542660556268,2,BKL
IL_2104820,5,NV,NV,4.872056696969551e-08,6.669610468179599e-05,0.0009105330691454583,7.331395718068734e-06,0.01007184712216258,0.9889361262321472,6.643258805283381e-07,6.798074196012749e-06,5,NV
IL_2107598,2,BKL,BKL,0.1781436891760677,0.16608114168047905,0.4149220511317253,0.0036397659714566544,0.003351051884237677,0.21176554262638092,0.021625714958645403,0.000471058941911906,2,BKL
IL_2109163,0,AK,AKIEC,0.0690839122980833,3.2432219541078666e-05,0.2391056790947914,2.3030394325829207e-05,0.3302361647847647,0.3614842277020216,2.659436071894561e-05,7.945880412307815e-06,5,NV
IL_2110181,1,BCC,BCC,0.021512243896722794,0.4335963875055313,0.20133397728204727,0.017701256088912487,0.04050486092455685,0.12670711055397987,0.023566754069179296,0.13507738709449768,1,BCC
IL_2111173,1,BCC,BCC,0.3475745767354965,0.3465389162302017,0.16619184333831072,0.011027856344298925,0.02244183892617002,0.04011714877560735,0.04854951491870452,0.017558268817083444,0,AK
IL_2113413,2,BKL,BKL,0.0015306732675526291,4.437438269633276e-05,0.8652691841125488,0.0008897407683434722,0.00204289416433312,0.09647150291129947,0.033508931286633015,0.000242724501504199,2,BKL
IL_2124181,6,SCC,SCCKA,0.48484734686957154,0.0036228668229796313,0.0012081004970241338,1.343764125749658e-05,0.007402940689189563,0.0012292205822177493,0.5016754905227572,5.950590216130536e-07,6,SCC
IL_2128198,3,DF,DF,0.0011375492258594022,0.0015664798313537176,0.985336422920227,0.00034846325434045866,0.002021780221184599,0.009496449958533049,8.56020997161977e-05,7.239454134833068e-06,2,BKL
IL_2131051,1,BCC,BCC,0.17551223162809038,0.23529092837270582,0.260601045563817,0.004534885098109953,0.013105895952321589,0.25885240640491247,0.05206774246653367,3.488720813038526e-05,2,BKL
IL_2134316,1,BCC,BCC,0.0002733447563514346,0.5734192058444023,0.00812595896422863,1.688877409833367e-05,0.0014257878647185862,0.004187910701148212,0.41250029729053495,5.0610535112127764e-05,1,BCC
IL_2135126,2,BKL,BKL,0.009766442468389869,0.0002266934207000304,0.4852398643270135,0.0005119992983964039,0.003177738755766768,0.007535437442129478,0.4933984491508454,0.0001433367992831336,6,SCC
IL_2139485,1,BCC,BCC,0.31969467494491255,0.2328446582541801,0.430955246090889,0.00026458090201231244,0.00040211940358858556,0.015258229221217334,0.0005614059045910835,1.9094348317594267e-05,2,BKL
IL_2141966,1,BCC,BCC,0.03873962541092624,0.013907530810683966,0.7750456929206848,0.0003918216406191277,0.0028719684487441555,0.168453648686409,0.0004901575521216728,9.958501004803111e-05,2,BKL
IL_2152679,1,BCC,BCC,0.00030014275132650425,2.279260797877214e-05,0.5685720443725586,0.0003477411986665402,0.0015098461224312132,0.42920765501912683,2.3426723164021723e-05,1.6310084994586305e-05,2,BKL
IL_2154531,4,MEL,MEL,1.2194223472761223e-05,1.7359364392177667e-05,0.016352615493815392,0.00207235140260309,0.4452976733446121,0.5358326286077499,0.0003782313215197064,3.6951025776943425e-05,5,NV
IL_2156585,6,SCC,SCCKA,0.050634565530344844,0.030551303178071976,0.409518969245255,0.043800449813716114,0.008537956746295094,0.004343895197962411,0.4515611529350281,0.0010517078917473555,6,SCC
IL_2160413,7,VASC,VASC,1.1957233101433928e-06,0.000676262665365357,0.00011683422690111911,1.26305798175963e-06,0.00022143828391563147,0.5026066086720675,7.650607800613329e-07,0.4963756880754602,5,NV
IL_2163482,1,BCC,BCC,7.311086665140465e-05,0.03503376762091648,0.5900619626045227,0.01445469752070494,0.1442257952876389,0.21327278763055801,0.002544060946092941,0.00033382362744305283,2,BKL
IL_2166765,2,BKL,BKL,4.711253609457344e-06,0.0005352008806864816,0.7176072299480438,0.00273232263627321,0.00010181887897431352,0.2788391523063183,7.630684479525973e-05,0.00010325046040193797,2,BKL
IL_2167276,1,BCC,BCC,0.1180989658460021,0.5477531626820564,0.308751767335707,1.8090383264279808e-05,0.00390654116836231,0.01957542623858899,0.001888616987343994,7.422845783366938e-06,1,BCC
IL_2167719,2,BKL,BKL,0.2953654071316123,0.5381864830851555,0.13575287996718544,0.00012329426897395024,0.024071409810858313,0.006199781022587558,0.00026358482136856765,3.7183790482231416e-05,1,BCC
IL_2170674,6,SCC,SCCKA,0.03031844851510357,3.855297728705409e-05,0.3663981959746252,9.142654236171666e-05,0.002061092675682552,0.0033547782593565945,0.5977315232157707,5.9686849234971175e-06,6,SCC
IL_2171810,6,SCC,SCCKA,0.14588245606319106,0.011018094137398293,0.0021980499077471904,0.005173767349333502,0.0035685129569174023,0.00020254396986274514,0.8319384753704071,1.8021925988875864e-05,6,SCC
IL_2172033,1,BCC,BCC,0.2420716341584921,0.5277387499809265,0.13737953081727028,0.003412927534100163,0.013827653601765633,0.018920613219961524,0.04673194829615568,0.009916959265865444,1,BCC
IL_2175729,6,SCC,SCCKA,0.006068233633413911,0.2825846814084798,0.11403201147913933,0.007205687972600572,0.01252595178084448,0.032243876601569355,0.5445757061243057,0.0007637701783096418,6,SCC
IL_2176807,1,BCC,BCC,5.404639523476362e-05,0.9869880378246307,0.0029271782841533422,5.4282454584608786e-05,0.0015929914234220632,0.005486872454639524,0.0028750237142958213,2.1561941593972733e-05,1,BCC
IL_2177210,6,SCC,SCCKA,0.021779188613436418,0.5058142663910985,0.050366194860544056,0.00039672308480476204,0.0012982193948118947,0.003624993303674273,0.4161253909696825,0.0005950350123384851,1,BCC
IL_2178122,1,BCC,BCC,0.004296257859095931,0.4819117422448471,0.45472326793242246,0.001587346509040799,0.014147905923891813,0.035247050691396,0.007481573731638491,0.000604829860094469,1,BCC
IL_2185095,2,BKL,BKL,4.620572187974403e-06,1.2159048417004215e-06,0.9688967168331146,1.3439932899927953e-06,1.9341101506142877e-05,0.03107549692504108,1.119521148229552e-06,7.418736913678003e-08,2,BKL
IL_2185825,2,BKL,BKL,0.009755623759701848,0.002268716227263212,0.49779075384140015,4.271482202966581e-05,0.1457024561259459,0.343715550377965,0.0004261541871528607,0.0002980334302264964,2,BKL
IL_2187730,0,AK,AKIEC,0.013422344345599413,0.534482017159462,0.31038648704998195,0.0008194698070838058,0.0698738294559007,0.04019113723188639,0.030428330814856963,0.00039631882702906296,1,BCC
IL_2190163,2,BKL,BKL,0.35336552234366536,0.0012750657624565065,0.09186447832325939,0.00380087795201689,0.020824840117711574,0.027246490237303078,0.5014279931783676,0.00019481651179376058,6,SCC
IL_2190354,1,BCC,BCC,0.01038006034650607,0.47582241892814636,0.002577601175289601,0.0001817328065953916,0.002414135728031397,0.0038204520315048285,0.5047536306083202,4.992514459445374e-05,6,SCC
IL_2191352,5,NV,NV,0.0033395933205611072,0.025772568536922336,0.007769636809825897,0.32820989936590195,0.020783728454262018,0.49110618233680725,0.12222097627818584,0.0007974328364070971,5,NV
IL_2194640,1,BCC,BCC,0.07056157661001095,0.5619722083210945,0.0004388941979414085,2.653796521201457e-06,1.6038917237892747e-05,0.3668608134612441,3.738887016879744e-06,0.00014407497769752808,1,BCC
IL_2196510,5,NV,NV,6.11836185271386e-05,0.00031416030833497643,0.3577825103420764,0.00013686020975001156,0.011171104619279504,0.6304473429918289,1.66151104679102e-05,7.016637368906231e-05,5,NV
IL_2197335,6,SCC,SCCKA,0.01786496490240097,0.4097230713814497,0.07100078742951155,3.1446789762412664e-05,0.008153947535902262,0.10124105494469404,0.3919158552889712,6.891023440402932e-05,1,BCC
IL_2198915,6,SCC,SCCKA,0.009601353900507092,0.4514402970671654,0.08353172987699509,0.0012623124493984506,0.03921888954937458,0.014558384660631418,0.40017525863368064,0.0002117922813340556,1,BCC
IL_2200466,4,MEL,MEL,2.9835325221938547e-05,3.8463519899778476e-05,0.17578571662306786,3.3814224480011035e-05,0.671182855963707,0.15277493558824062,0.0001437448117940221,1.064048274201923e-05,4,MEL
IL_2201077,5,NV,NV,3.7010703692885727e-06,3.4850638144234836e-05,0.42904792486035603,0.0017298989959044775,0.0014670917589683086,0.567651554942131,3.204036736459415e-05,3.2995001873814545e-05,5,NV
IL_2201458,5,NV,NV,4.451360823054529e-06,2.8103385602662456e-05,0.4523249720223248,0.0002832207355822902,0.008776585338637233,0.5385439656674862,3.0945640986601575e-05,7.707300028414465e-06,5,NV
IL_2201530,4,MEL,MEL,0.0015759703237563372,0.003934268483135384,0.9674094915390015,3.6915173041052185e-05,0.020845078863203526,0.005816564313136041,0.0002310568561370019,0.00015063473938425886,2,BKL
IL_2205080,5,NV,NV,0.00028276909824853647,0.00017147484913948574,0.01944441208615899,0.00029525976424338296,0.1907765418291092,0.784984827041626,0.003701855502640683,0.00034282717388123274,5,NV
IL_2206044,5,NV,NV,1.606478326721117e-05,0.00014494308278045764,0.02581299003213644,0.0005272211419651285,0.009433382663701195,0.9639509320259094,9.183345173369162e-05,2.2666855556963128e-05,5,NV
IL_2208727,1,BCC,BCC,0.005496407626196742,0.45774468034505844,0.09295638417825103,0.0007329351719818078,0.001176099554868415,0.4252646919339895,0.006662489400696359,0.009966349040041678,1,BCC
IL_2211333,1,BCC,BCC,0.003142123136058217,0.48580332729034126,0.4968618432758376,0.0006008080472383881,0.0013421444236882962,0.0019469693943392485,0.010240499024803285,6.232064151845407e-05,2,BKL
IL_2211543,1,BCC,BCC,0.008651099924463779,0.18965680240944494,0.2733785028103739,0.0016590477589488728,0.08538856310769916,0.14075387643970316,0.3001611438157852,0.0003509562825456669,6,SCC
IL_2211559,1,BCC,BCC,0.07565208117011935,0.400731518289831,0.48011701316863764,0.0001404355634804233,0.0011399133918530424,0.042092250660061836,0.00012472517482819967,2.0261343252059305e-06,2,BKL
IL_2211999,1,BCC,BCC,1.8133570989675718e-05,0.9998056590557098,3.854367423627991e-05,1.0821195814969542e-06,5.5373471695929766e-05,6.81145756971091e-05,1.2205260190967238e-05,8.897252143924561e-07,1,BCC
IL_2215317,2,BKL,BKL,0.18281649947080592,1.843829112946338e-05,0.5004130965098739,5.734636005172433e-06,0.00012338011492829537,0.3165389415808022,8.338660518814045e-05,4.7410857595409084e-07,2,BKL
IL_2216444,1,BCC,BCC,0.004769449966261163,0.6732657104730606,0.09040273656137288,0.13555425245431252,0.006939033220987767,0.06001441105036065,0.026635561138391495,0.0024187976816847367,1,BCC
IL_2218203,1,BCC,BCC,8.771786951911054e-05,0.7253827005624771,0.256995680964792,3.3937783996407234e-06,0.00016822650059111766,0.017328744346741587,2.8228112114447867e-05,5.320698619470932e-06,1,BCC
IL_2218381,1,BCC,BCC,0.00011522056593094021,0.566836029291153,0.10621702903881669,0.013154578766261693,0.0027920567081309855,0.30922710156301036,0.0015943738399073482,6.356765516102314e-05,1,BCC
IL_2218575,1,BCC,BCC,0.14556628093123436,0.31212895134376595,0.057996416464447975,0.0025885399954859167,0.0542086522327736,0.3958688066340983,0.026868045970331877,0.004774303211888764,5,NV
IL_2221229,5,NV,NV,0.010532614030588028,0.016530954649488727,0.8423549830913544,0.0008079165760643825,0.0001731323809508467,0.12928776776243467,0.0003060256260999372,6.644763416080446e-06,2,BKL
IL_2222251,5,NV,NV,3.4390077630064297e-06,4.514770052566064e-05,0.0013518534378818003,0.00010171517992318968,0.12365826033055782,0.8747425377368927,1.2752087592105e-05,8.439438261120813e-05,5,NV
IL_2227380,5,NV,NV,0.33113500103354454,0.0035246934967290144,0.6397349089384079,0.00010657180700945901,0.0011490021606732626,0.014189707231707871,0.009632394649088383,0.0005277396561496062,2,BKL
IL_2227490,1,BCC,BCC,0.016544821206480265,0.4811942093074322,0.018022356554865837,1.577168677613372e-05,0.0007397178524115589,0.4732227879576385,0.010242448670396698,1.797036838979693e-05,1,BCC
IL_2228009,5,NV,NV,6.7199476916357526e-06,0.00015994490809134732,0.14023684658604907,0.0002837463252944872,0.00882832583738491,0.8503217697143555,4.353981830718112e-05,0.0001191954652313143,5,NV
IL_2228452,1,BCC,BCC,0.14883552864193916,0.3339371085166931,0.17430165130645037,0.006772376073058695,0.009544306676616543,0.3248905651271343,0.0014842016389593482,0.0002342631996725686,1,BCC
IL_2229268,4,MEL,MEL,1.3083835028737667e-06,0.00030624601276940666,0.2890015821903944,1.2464447763704811e-05,0.2551081560086459,0.4555520862340927,4.946166882291436e-06,1.3206339644966647e-05,5,NV
IL_2233251,7,VASC,VASC,1.3099682302786242e-07,6.947019361547291e-06,2.982805504814223e-07,4.095478988164203e-07,1.9414126199990278e-05,2.226550725481502e-05,2.6500547825950016e-07,0.9999502301216125,7,VASC
IL_2234007,1,BCC,BCC,0.00010701736391638406,0.4998241238499759,0.09108301335800206,0.00041146520379697904,0.010308569554581481,0.3981276355771115,3.7378300476120785e-05,0.00010076195189867576,1,BCC
IL_2234057,6,SCC,SCCKA,0.012383624406538729,0.01060075216810219,0.46957376158752595,9.798022145446339e-05,0.0005193057806991419,0.0031426336466182647,0.5036713790614158,1.055431035901222e-05,6,SCC
IL_2236716,5,NV,NV,0.0013512857080968388,0.011539812884677758,0.020559236407279968,0.004370170560832776,0.008169887936674058,0.9444317519664764,0.0002073019368253881,0.009370497780309961,5,NV
IL_2237412,5,NV,NV,0.00012876153053298367,4.0111092971528706e-06,0.0695419111289084,5.9860247404230904e-05,0.0005276598276395816,0.9295121133327484,2.585459719739447e-05,0.0001998920828896189,5,NV
IL_2237445,5,NV,NV,4.306144876409235e-05,0.0002212766266911359,0.2861187873208877,0.0002349543757986794,0.012199877644889057,0.700970932841301,0.00010559727394365837,0.00010552049297984922,5,NV
IL_2239570,1,BCC,BCC,0.31288900815616216,0.5006225249380805,0.16032948677275272,0.00037110819004304574,0.009171379543772673,0.013674066394742113,0.002905083906625805,3.739236302990889e-05,1,BCC
IL_2241538,4,MEL,MEL,1.235605338933965e-06,5.928385007791803e-06,0.934996485710144,6.48173568151833e-07,0.0011973501386819407,0.0637977251317352,4.787090963076501e-07,1.1018830359255105e-07,2,BKL
IL_2242136,4,MEL,MEL,0.00011428306106608943,0.00012298694491619244,0.37422630563378334,0.00025518382972222753,0.44870221614837646,0.16880707070231438,0.0001552621615701355,0.0076166980015841546,4,MEL
IL_2243565,0,AK,AKIEC,0.03467939980328083,0.00032746321812737733,0.7152246832847595,0.0005513519208761863,0.16889994964003563,0.06018836656585336,0.019804237177595496,0.00032454554457217455,2,BKL
IL_2247062,5,NV,NV,7.589922250872405e-05,6.042064978828421e-05,0.08733759773895144,0.00012133539348724298,0.32007006742060184,0.5908852070569992,0.00023302228646571166,0.0012164051295258105,5,NV
IL_2248531,1,BCC,BCC,0.013813921075779945,0.0827372632920742,0.5540230423212051,0.0032861362560652196,0.1442290220875293,0.2013016864657402,0.00033229441214643884,0.0002766352081380319,2,BKL
IL_2248965,1,BCC,BCC,0.0016844300953380298,0.43551892414689064,0.4510207325220108,0.001986377639696002,0.004594943718984723,0.1027422621846199,0.002187329198932275,0.00026503546359890606,2,BKL
IL_2251187,4,MEL,MEL,0.0020430690492503345,0.07036268216688768,0.0725018410012126,0.0001577738657942973,0.38105047098360956,0.46580609679222107,4.26651590714755e-05,0.008035407401621342,5,NV
IL_2251531,1,BCC,BCC,0.03548452777249622,0.9334627389907837,0.0228616761523881,0.00020455187319257107,0.0014687059228890575,0.001963584965778864,0.0035042763743149408,0.0010498634983377997,1,BCC
IL_2251689,5,NV,NV,9.395550609886394e-07,3.672003373367261e-06,0.4442400685851595,1.3144728283620566e-06,0.000684513601299841,0.5550691224634647,1.1559981771824823e-07,2.356705550710103e-07,5,NV
IL_2255727,2,BKL,BKL,0.013648140877876358,0.010043178295873645,0.04698425531387329,0.00011620678363399861,0.5110496683046222,0.4181231904949527,2.156442110390344e-05,1.3805568045199834e-05,4,MEL
IL_2257224,0,AK,AKIEC,0.4804744846878748,4.284655119590752e-06,0.4983474172622664,6.5103729411930544e-06,5.4705333241145127e-05,0.00024194690286094556,0.020869834115728736,7.84478917381648e-07,2,BKL
IL_2263451,1,BCC,BCC,0.1910784374922514,0.00687509635463357,0.07343369349837303,0.038878865248989314,0.03470016235951334,0.1060218345373869,0.5399713218212128,0.009040536155225709,6,SCC
IL_2265683,4,MEL,MEL,0.00036540403743856587,5.334498382580932e-06,0.5083683282136917,8.34935349303123e-06,0.4509762264788151,0.040237211622297764,1.3199307204558863e-05,2.5968753107008524e-05,2,BKL
IL_2272404,5,NV,NV,0.0031589357304255827,0.11377691384404898,0.34075993299484253,0.000594655075474293,0.000700533768394962,0.5330511182546616,0.0002648334266268648,0.007693109360161543,5,NV
IL_2273559,1,BCC,BCC,0.06665862642694265,0.11903345584869385,0.33741224370896816,0.0007744810136500746,0.04923146590590477,0.02340411752811633,0.40285752061754465,0.0006280827233240416,6,SCC
IL_2273712,4,MEL,MEL,1.7055609419003304e-05,1.3895367601435282e-05,0.02224075579397322,0.00026922336564894067,0.6907676160335541,0.2865701448172331,4.4713947318086866e-05,7.65866552683292e-05,4,MEL
IL_2274387,1,BCC,BCC,0.011881277896463871,0.2953124918276444,0.625952735543251,0.013185824966058135,0.024331987369805574,0.012821755837649107,0.009287718799896538,0.0072261972818523645,2,BKL
IL_2274698,1,BCC,BCC,0.0005052465203334577,0.9567190408706665,0.03734736633487046,6.687384393444518e-05,0.0005508649337571114,0.0027762532499764347,0.0019290024501970038,0.00010530961480981205,1,BCC
IL_2275218,1,BCC,BCC,9.565436812408734e-06,0.49950734923186246,0.4946214293013327,4.677154166188302e-07,0.0011521818109940796,0.004697188949648989,1.111121514441038e-05,7.743093775047782e-07,1,BCC
IL_2276592,1,BCC,BCC,0.48825273755937815,0.3746518276166171,0.07536427187733352,0.0003999043838120997,0.003409208005905384,0.05738740507513285,6.926802507223329e-05,0.00046534169814549387,0,AK
IL_2283112,1,BCC,BCC,0.04710739679285325,0.5020316627342254,0.1415135783322512,0.0018988734315126266,0.1504334313725053,0.14503347128629684,0.009987959960312764,0.001993663774738863,1,BCC
IL_2286275,1,BCC,BCC,0.4418056532740593,0.10436317278799834,0.3668636791408062,0.0005464204441523179,0.02031493825779762,0.02566992084030062,0.039933572290465236,0.0005026150029152632,0,AK
IL_2289243,2,BKL,BKL,0.1931847962550819,0.2559336793492548,0.25992704182863235,0.0008560059359297156,0.00026114560751011595,0.2718767751939595,0.017903205181937665,5.7345450841239654e-05,5,NV
IL_2291153,1,BCC,BCC,0.04183064264381642,0.044032405267898866,0.3859993467170284,0.0006332197094707226,0.008097624948362636,0.017491030742348812,0.5017680657329038,0.00014769752967952465,6,SCC
IL_2291194,2,BKL,BKL,0.0011698298758346937,0.004583191827663313,0.006591308629140258,0.012105872035443888,0.013299456253818676,0.5941978991031647,0.00024125045058021044,0.3678112361470558,5,NV
IL_2291869,2,BKL,BKL,0.00016151798627106473,0.0026764465728774667,0.4474577709333971,0.00031373341698781587,0.008122337476379471,0.536750290542841,5.3681085773860104e-05,0.00446416169774011,5,NV
IL_2292995,1,BCC,BCC,0.12120243720710278,0.464573732111603,0.006086088018491864,0.0009705029660835862,0.053586408103001304,0.33890854055061936,0.014512578723952174,0.00015967764556990005,1,BCC
IL_2293895,3,DF,DF,0.0018070219757646555,0.010313826449419139,0.000820237910374999,0.0004313944552052362,0.004434431170011521,0.4998800400644541,0.48102864004613366,0.001284383987860238,5,NV
IL_2295141,1,BCC,BCC,0.06021279376000166,0.4292858690023422,0.34082451835274696,0.0013621647376567125,0.028734689578413963,0.009228292619809508,0.1286315955221653,0.0017200969159603119,1,BCC
IL_2298931,5,NV,NV,7.807979613971838e-06,4.086171088601986e-06,1.9718665498658083e-05,3.137104613415431e-05,0.07276350259780884,0.9271126687526703,1.246933038601128e-05,4.832626291317865e-05,5,NV
IL_2300316,0,AK,AKIEC,0.4427583272336051,0.0005479836045196862,0.0033133511897176504,1.1726083116059272e-05,0.001506680142483674,0.00028898887103423476,0.5515620149672031,1.094259027922817e-05,6,SCC
IL_2301403,1,BCC,BCC,0.005536501076448985,0.8225845992565155,0.08267224351584446,0.0032232907691991386,0.021344464452340617,0.0617689178470755,0.0017210306250490248,0.0011490057890597427,1,BCC
IL_2304727,6,SCC,SCCKA,0.46919391583651304,0.029046196723356843,0.04577635508030653,0.0022664814605377614,0.0017619803256820887,0.004189054103335366,0.4474820915493183,0.00028390009902068414,0,AK
IL_2305001,1,BCC,BCC,0.0974623808870092,0.8117121160030365,0.06242111293977359,4.423281012577718e-07,4.318992563412394e-05,0.002824828843586147,0.02553546980016108,4.6880855109066033e-07,1,BCC
IL_2305768,2,BKL,BKL,0.0009365356945636449,0.006578063728198913,0.8514544665813446,0.004456787555497499,0.10993967154354323,0.014015888383255515,0.012260083377839237,0.0003584818244064536,2,BKL
IL_2307206,1,BCC,BCC,0.2907379160315031,0.028440620279070572,0.2163945958018303,0.0059492408396977225,0.0034137122565880418,0.4509258810430765,0.0030178678498060663,0.001120162933887059,5,NV
IL_2307468,4,MEL,MEL,1.7613258478377247e-05,0.0002704115759115666,0.3774324357509613,0.000133274023028207,0.39638248085975647,0.22537938691675663,0.0003382687864359468,4.616809201252181e-05,4,MEL
IL_2308802,1,BCC,BCC,0.0060148291231598705,0.5015839859843254,0.010565320029854774,0.19219338888069615,0.002601127343950793,0.2828928418457508,0.00344663840951398,0.000701810928148916,1,BCC
IL_2308976,1,BCC,BCC,0.00014383798406925052,0.804633378982544,0.0002810515434248373,0.00015031322982395068,0.0006382323772413656,0.1938517726957798,0.00018355245083512273,0.00011789396376116201,1,BCC
IL_2309123,5,NV,NV,3.3962213557003906e-06,0.00012206693508343136,0.184569705510512,0.00039039983130351175,0.01951694581657648,0.7953371405601501,1.28095792737426e-05,4.755286681756843e-05,5,NV
IL_2315075,1,BCC,BCC,0.0004935131000820547,0.1776932026259601,0.0630739130283473,0.00017837953237176407,0.004917231970466673,0.2621910497582576,0.49145022948505357,2.521892241702517e-06,6,SCC
IL_2315755,4,MEL,MEL,1.383134608090586e-05,2.2439330109591538e-05,0.028614798153284937,0.00014344447265557392,0.45280479080975056,0.5182556323707104,1.4041902247186044e-05,0.00013099404031891027,5,NV
IL_2317693,5,NV,NV,1.5121055412237183e-05,1.410617437613837e-05,0.08001764948676282,5.589084594248561e-05,0.06559953140094876,0.8541003465652466,1.668616027927783e-05,0.00018064446430798853,5,NV
IL_2320070,6,SCC,SCCKA,0.18815407750389568,0.01229209839948453,0.025705883587306744,0.0028606558914248126,0.06441870141111394,0.005611211344437095,0.7007994502782822,0.00015787226615282535,6,SCC
IL_2321044,0,AK,AKIEC,0.0031135665194597095,0.06227828544797376,0.27474440741934814,0.0007817631994839758,0.0008476983712171204,0.1583058350970532,0.49875707607134245,0.0011713648787008424,6,SCC
IL_2322719,1,BCC,BCC,0.059329407289624214,0.44290012642159127,0.4626148527022451,0.0007325022161239758,0.0035971577744930983,0.02367501985281706,0.00588897499255836,0.0012619152548722923,2,BKL
IL_2326241,1,BCC,BCC,0.0944421790773049,0.12396255636122078,0.7229527831077576,0.0027652584394672886,0.016494906041771173,0.005817117751576006,0.027238567534368485,0.006326579285087064,2,BKL
IL_2326581,1,BCC,BCC,0.00043162412475794554,0.5068090483546257,0.49061075132340193,1.0256650853079918e-06,1.478865397075424e-05,0.0020466654968913645,8.561808863305487e-05,4.917550242566904e-07,1,BCC
IL_2328375,1,BCC,BCC,0.1845833659172058,0.4936193451285362,0.09943666309118271,0.0008624954498372972,0.01070641609840095,0.20207563042640686,0.00816148828016594,0.0005546377506107092,1,BCC
IL_2328480,1,BCC,BCC,0.04777165688574314,0.30746999714756384,0.4762450656853616,0.0021373793560997,0.000995543203316629,0.006044059759005904,0.1585625276347855,0.0007737961032034946,2,BKL
IL_2328752,1,BCC,BCC,0.12993775680661201,0.39409251511096954,0.28639303892850876,0.0012198361800983548,0.008760147728025913,0.12383448809850961,0.05569961536093615,6.26316814305028e-05,1,BCC
IL_2329642,1,BCC,BCC,0.10977529800584307,0.6960076540708542,0.10761678405106068,0.00026668234932003543,0.0022949440754018724,0.08154845330864191,0.0024213037686422467,6.880762884975411e-05,1,BCC
IL_2330730,1,BCC,BCC,0.09451266471296549,0.1627593133598566,0.2529646116308868,0.00015764942509122193,0.036763044307008386,0.3919338583946228,0.05413689755368978,0.006771943997591734,5,NV
IL_2332411,4,MEL,MEL,1.9621986666606972e-05,0.00030706813595315907,0.06811077997554094,0.0002553949207140249,0.08528844639658928,0.8457370102405548,3.459283288975712e-05,0.0002470826875651255,5,NV
IL_2334074,1,BCC,BCC,0.005607071174836165,0.5009593325667083,0.1924788942109501,6.1191764242352065e-06,0.008781674598310474,0.2921053644622589,5.51550299228154e-05,6.416960403043959e-06,1,BCC
IL_2334846,4,MEL,MEL,4.255244634521205e-05,9.574462172423637e-06,0.4985803045274224,0.0001885902915716997,0.4656334699166109,0.033718061400577426,0.001726852434771331,0.00010062021736612081,2,BKL
IL_2335600,6,SCC,SCCKA,0.00125400230899686,0.8778381943702698,0.02060896175680682,0.0082884575240314,0.006688505527563393,0.0025169462896883488,0.08278095070272684,2.3927051188366022e-05,1,BCC
IL_2337974,1,BCC,BCC,0.2686376366909826,0.4762493072776124,0.04936589114367962,0.000382410355086904,0.004497442452702671,0.20001201494596899,0.0007110293954610825,0.0001443181133709004,1,BCC
IL_2338679,1,BCC,BCC,0.6121529042720795,0.3768190660048276,0.002395314753812272,1.39709851509906e-06,0.0002960635756608099,0.00010891403144341893,0.008215006266254932,1.1360860753484303e-05,0,AK
IL_2341353,4,MEL,MEL,0.0003146170638501644,2.7695175958797336e-05,0.6772332638502121,0.00010021064917964395,0.2753428357318626,0.0468783238902688,4.171191244495276e-05,6.136138017609483e-05,2,BKL
IL_2342693,4,MEL,MEL,0.22222073838929646,1.3556146313931094e-05,0.4851890206336975,3.3962293855438475e-05,0.2668123315088451,0.018297313945367932,0.007402377399557736,3.07060008708504e-05,2,BKL
IL_2344576,2,BKL,BKL,0.013867159344954416,0.4785984791815281,0.03306389320641756,0.015928986482322216,0.10234153369674459,0.3341585788875818,0.01689879922196269,0.005142659989360254,1,BCC
IL_2351136,1,BCC,BCC,0.04368909011827782,0.8223213851451874,0.005235000513494015,0.021749236508185277,0.005842158570885658,0.09944497188553214,0.0016054043007898144,0.00011273069401340763,1,BCC
IL_2352772,5,NV,NV,3.3591342400995927e-06,1.1324481874908088e-05,0.0012228980108375254,0.00010609190576360561,0.07893521338701248,0.9195200502872467,1.621355158931692e-05,0.0001848686224548146,5,NV
IL_2357169,2,BKL,BKL,0.001322587861068314,0.0026200776023870276,0.48929681768640876,0.45579152753634844,0.015443515731021762,0.00390637363307178,0.03152742590464186,9.164970151687157e-05,2,BKL
IL_2359351,2,BKL,BKL,0.0007571541962079209,2.91398052780778e-05,0.9224066436290741,9.388378430230659e-07,0.000254133887210628,0.07652581692673266,2.5887483761977137e-05,3.3579825853280454e-07,2,BKL
IL_2360320,1,BCC,BCC,0.013046490686548395,0.5035877395421267,0.19342976290499792,0.1020208148599977,0.07443418680122704,0.081926399609074,0.029388545372057706,0.0021660707926685063,1,BCC
IL_2367179,1,BCC,BCC,9.570916427037446e-05,0.8697793781757355,0.005271301954053342,1.5149218143051257e-05,0.0044014775776304305,0.1187231857329607,0.0017055741700460203,8.179725000445615e-06,1,BCC
IL_2369165,1,BCC,BCC,0.0011785519382101484,0.4984329460276058,0.1095131332258461,0.0020943422277923673,0.22589102492202073,0.15984642767216428,0.0027192564230063,0.0003242896345909685,1,BCC
IL_2369272,1,BCC,BCC,0.09378926269710064,0.45528746396303177,0.2150211117696017,0.10060555674135685,0.057519119611242786,0.05723123636562377,0.0189461512491107,0.0016001407348085195,1,BCC
IL_2371687,5,NV,NV,9.278973323034734e-07,9.524067309030215e-06,0.027335299033438787,8.496086024933902e-06,0.422602154314518,0.5499384552240372,5.589651891568792e-06,9.954634060704848e-05,5,NV
IL_2372422,5,NV,NV,5.006802211937611e-06,0.002793511819163541,0.007746599963866174,0.00048276617053488735,0.05076089134672657,0.8305155038833618,8.114388020885599e-05,0.10761456009640824,5,NV
IL_2373762,2,BKL,BKL,0.1536135459318757,0.006714498158544302,0.2853954706079094,0.0028343966841930524,0.03683308698236942,0.023210362531244755,0.4911387860774994,0.0002598425380710978,6,SCC
IL_2379441,5,NV,NV,0.0022534010545030014,0.0008733965150895528,0.005140853929333389,0.0006174635964271147,0.03020409680902958,0.9597857594490051,0.0004903246227456748,0.0006346776208374649,5,NV
IL_2381359,5,NV,NV,1.2584358955791686e-05,6.585261303371226e-06,0.20891928067430854,4.680505526266643e-05,0.02368336683139205,0.7672857046127319,2.4751741420914186e-05,2.0866622662651935e-05,5,NV
IL_2381875,5,NV,NV,3.1231690940103363e-06,4.6924074581511377e-07,0.0016690614284016192,2.8354948540254554e-06,0.4280019998550415,0.5703028440475464,2.985058529247908e-06,1.663522380113136e-05,5,NV
IL_2383580,0,AK,AKIEC,0.32196943450253457,0.50260358909145,0.13290758549555903,0.0011730359346984187,0.0011236641548748594,0.011985836259555072,0.027876336127519608,0.00036050354015060293,1,BCC
IL_2383953,1,BCC,BCC,0.08349256217479706,0.0012647464172914624,0.8472067415714264,0.0014025710406713188,0.008276503533124924,0.04269533697515726,0.01509781542699784,0.0005637134308926761,2,BKL
IL_2386676,5,NV,NV,0.00018946504496852867,0.0030454020120487257,0.22924146584409755,0.0001484585736761801,0.04813065531197935,0.7191404402256012,2.5300594188593095e-05,7.881987585278694e-05,5,NV
IL_2386719,5,NV,NV,0.014307298450148664,0.00031897652661427855,0.3106944144165027,8.77856946317479e-05,0.050312917679548264,0.6239222139120102,0.00019488393809297122,0.00016150195369846188,5,NV
IL_2390458,1,BCC,BCC,0.002663353232492227,0.972502738237381,0.0238497459795326,3.145912472746204e-07,9.104648029278906e-06,0.0009553504351060838,1.8486801764083793e-05,8.377669473702554e-07,1,BCC
IL_2397644,5,NV,NV,6.215667269771075e-07,5.3226935960992705e-05,0.20833445483003743,2.6487565264687873e-05,0.0027938606217503548,0.7887511551380157,6.861972607907774e-07,3.947722484554106e-05,5,NV
IL_2400114,1,BCC,BCC,0.058523993342532776,0.3391866523306817,0.5073718577623367,0.00016497894830536097,0.05172422481700778,0.04290906200185418,9.106335346587002e-05,2.82008631984354e-05,2,BKL
IL_2401021,6,SCC,SCCKA,0.1112879328429699,0.35769765824079514,0.3784589506685734,0.001894663437269628,0.044699777849018574,0.04376896657049656,0.05200361832976341,0.010188382235355675,2,BKL
IL_2401585,2,BKL,BKL,0.0009262832827516831,0.000388489686883986,0.9205372333526611,0.0011318747092445847,0.0006808338075643405,0.07509846054017544,0.0012270116421859711,9.784856956684962e-06,2,BKL
IL_2401627,1,BCC,BCC,0.0065883575298357755,0.3428836017847061,0.08143984153866768,0.0009027748455991969,0.016605648677796125,0.0017228452197741717,0.5468805283308029,0.00297638782649301,6,SCC
IL_2403428,1,BCC,BCC,0.15167108504101634,0.15019554644823074,0.34668515622615814,0.0005232889707258437,0.05195539572741836,0.27649325923994184,0.0006409255438484251,0.021835396819369635,2,BKL
IL_2404701,5,NV,NV,0.0030223894864320755,0.2576531656086445,0.007540808292105794,0.003543260507285595,0.00649450090713799,0.7141373157501221,0.004633857897715643,0.0029747026273980737,5,NV
IL_2405400,1,BCC,BCC,0.3045065635815263,0.3353731781244278,0.22566507011651993,0.0033899840600497555,0.002168079612602014,0.05723077617585659,0.07126453820455936,0.000401805569708813,1,BCC
IL_2406754,4,MEL,MEL,9.014500164994388e-06,0.017206586475367658,0.014630343997851014,3.557356285455171e-05,0.00013610822861664928,0.9677539169788361,4.326084763306426e-06,0.00022420379173127003,5,NV
IL_2407358,2,BKL,BKL,0.024255138603621162,0.008556387656426523,0.9144573509693146,0.00012872670367869432,0.0005805465207231464,0.0017587931506568566,0.050259849755093455,3.1865712912804156e-06,2,BKL
IL_2408766,0,AK,AKIEC,0.004608322974263501,1.0897879880289452e-05,0.4781828448176384,8.383647400478367e-05,0.4764246726408601,0.04025241022463888,0.0003859318694594549,5.106207555627407e-05,2,BKL
IL_2409650,1,BCC,BCC,0.00019665819127112627,0.996863454580307,0.001078110195521731,6.498679840483135e-06,0.00020471612242545234,0.0010834222775883973,0.0005607771181956878,6.334473939162422e-06,1,BCC
IL_2413319,1,BCC,BCC,0.10054996139297145,0.0021013414952903986,0.20575262233614922,0.00031505291553912684,0.12181093897379469,0.06953727406471444,0.4996086033061147,0.00032419977810604905,6,SCC
IL_2415353,2,BKL,BKL,0.24492180546803866,4.605594637041577e-05,0.7199014276266098,1.1063725651183631e-06,0.03319058111082995,0.0018994816346094012,3.8938601392146666e-05,6.15937928216681e-07,2,BKL
IL_2416806,6,SCC,SCCKA,0.01967386994510889,0.3294980530463363,0.010800804942846298,0.007811164588929387,0.08318091898763669,0.031317114217927156,0.516164518892765,0.0015535586823034464,6,SCC
IL_2423269,2,BKL,BKL,7.648851715202909e-05,0.00025942164666048484,0.7867607474327087,0.0017125298327300698,0.0008378355196327902,0.20395421981811523,0.006376311823260039,2.238567117274215e-05,2,BKL
IL_2426275,1,BCC,BCC,0.002395931980572641,0.37594885379076004,0.14357702108100057,0.005422408459708095,0.004767389706103131,0.09454422164708376,0.37185435043647885,0.001489856862463057,1,BCC
IL_2429008,4,MEL,MEL,2.4178351409887e-07,2.2247293074428853e-07,0.0013550190278692753,2.918070890700619e-06,0.5019919387996197,0.49663953110575676,1.0839593471700937e-06,9.084136081582983e-06,4,MEL
IL_2432555,1,BCC,BCC,0.007823328487575054,0.5024708304554224,0.41263166069984436,0.008730475790798664,0.005977273220196366,0.00599869922734797,0.05597239127382636,0.0003953179548261687,1,BCC
IL_2433161,4,MEL,MEL,0.004718510946986498,0.03687333129346371,0.3671356323757209,0.010683664702810347,0.03695265552960336,0.008441008889349177,0.5346540212631226,0.0005411307967619905,6,SCC
IL_2441603,1,BCC,BCC,0.011684395547490567,0.2187153957784176,0.5178156159818172,0.007924218914013181,0.1701376831624657,0.06764429109171033,0.003054841539778863,0.003023571629455546,2,BKL
IL_2442202,6,SCC,SCCKA,3.288873881501786e-05,0.006863656024506781,0.0020205559994792566,0.0001555006932676406,0.004489305050810799,0.9851632714271545,8.439925750280963e-06,0.0012663485220514303,5,NV
IL_2448175,5,NV,NV,6.9053375852945464e-06,8.369593751922366e-05,0.024235459975898266,5.878384217794519e-05,0.04876104276627302,0.9267508685588837,3.3272253631366766e-05,7.007669228187297e-05,5,NV
IL_2448837,1,BCC,BCC,4.603330239660863e-06,0.5011023045517504,0.4894752929999413,3.645468104103433e-05,0.0006342231854006286,0.0007515840452470002,0.00799452769149589,1.0002812288884e-06,1,BCC
IL_2450142,4,MEL,MEL,0.0016118566900331643,0.0020281154866097495,0.10562497493810952,0.0002450637002766598,0.30827778042294085,0.5820222795009613,7.50328599679051e-05,0.00011491428085719235,5,NV
IL_2450651,2,BKL,BKL,0.07271375460550189,0.0010863363111184299,0.3029756397008896,0.0006895779370097443,0.00975867693159671,0.2447595518315211,0.3676427789032459,0.00037368859364050877,6,SCC
IL_2451092,1,BCC,BCC,0.00019765139950322919,0.40958549827337265,0.5654155611991882,0.0003880331378240953,0.0026469614094821736,0.02024143747985363,0.0004501027724472806,0.0010747811302280752,2,BKL
IL_2454267,6,SCC,SCCKA,0.36743416637182236,0.39290620386600494,0.0013633428316097707,8.478470022055262e-05,7.217443635454401e-05,0.003331553714815527,0.23479389742715284,1.3922312064096332e-05,1,BCC
IL_2461087,5,NV,NV,0.0005315857724781381,0.00033676533348625526,0.4758153259754181,8.838856592774391e-05,0.06808163248933852,0.4542805328965187,6.570532332261791e-05,0.00080004063238448,2,BKL
IL_2463656,5,NV,NV,1.0226271683677624e-05,6.890437316542375e-05,0.09012336741761828,0.0002285126302012941,0.03973289951682091,0.8696849346160889,3.038671161448292e-05,0.00012071463788743131,5,NV
IL_2466178,1,BCC,BCC,0.00044361605250742286,0.5386911444365978,0.21863335615489632,0.04247511769989387,0.16767966029874515,0.004382557126518805,0.02754332427866757,0.0001513414827059023,1,BCC
IL_2466652,1,BCC,BCC,0.5060552060604095,0.3513627490028739,0.09558675647713244,0.0001410551437857066,0.006107781198807061,0.001077186047041323,0.03962779510766268,4.148074140175595e-05,0,AK
IL_2466872,1,BCC,BCC,0.018180904082640836,0.770963191986084,0.15997323723240697,9.291111015841125e-05,7.235032899188809e-05,0.049661749973893166,0.0010504106022821702,5.244823389816133e-06,1,BCC
IL_2467466,0,AK,AKIEC,0.3872509217908373,0.00016283920012938324,0.09375769674988987,9.537553689042966e-06,0.003291079656207785,0.011881095495937188,0.5035442477092147,0.000102567396585318,6,SCC
IL_2468895,1,BCC,BCC,0.039645399898290634,0.10132308956235647,0.727746307849884,0.00029010159050812945,0.11196867190301418,0.015052638249471784,0.001128275558585301,0.002845485716534313,2,BKL
IL_2470162,2,BKL,BKL,0.0022868919113534503,0.8509849607944489,0.008690701855812222,0.00044811763177676767,0.005935061533818953,0.11220412398688495,0.016373256454244256,0.0030769005358024515,1,BCC
IL_2471050,1,BCC,BCC,0.28186807595193386,0.19086954928934574,0.007013801019638777,0.0017214295803569257,0.009958061738871038,0.025076974416151643,0.483133165165782,0.0003588877589209005,6,SCC
IL_2473158,2,BKL,BKL,0.00017992580978898332,0.41184638481990987,0.06919070749427192,0.0004975033461960265,0.4876099250977859,0.027775149792432785,0.0025637295877913857,0.00033664732274019116,4,MEL
IL_2473715,6,SCC,SCCKA,0.004144458915106952,0.7400980889797211,0.0024618637980893254,0.03785307225189172,0.03333202447902295,0.001013423468975816,0.1809825897216797,0.00011448562804616813,1,BCC
IL_2473783,5,NV,NV,0.00031998583290260285,0.0011454560672063963,0.06649622848271974,0.0009073708206415176,0.03218040056526661,0.898081362247467,0.0005067151359980926,0.00036249306140234694,5,NV
IL_2474779,1,BCC,BCC,0.066803592373617,0.5679706931114197,0.3106826934963465,0.0013014301366638392,0.025148314030957408,0.02051233733072877,0.006920952349901199,0.0006599464977625757,1,BCC
IL_2476952,1,BCC,BCC,5.1700456879189005e-05,0.5066795134916902,0.3870658389714663,0.007765471718812478,0.00010773874646474724,0.09799623207072727,0.00021662266021849064,0.00011690275714215659,1,BCC
IL_2477407,1,BCC,BCC,0.01443440851289779,0.10710300505161285,0.14143040776252747,0.12971839134115726,0.0038047849011491053,0.30321056954562664,0.2998388549895026,0.0004595621539920103,5,NV
IL_2478742,1,BCC,BCC,0.0031168241384875728,0.4409667123109102,0.4579997379332781,0.0007146649113565218,0.03668838465819135,0.03421992063522339,0.02041462400211458,0.005879179225303233,2,BKL
IL_2480187,1,BCC,BCC,0.258560884045437,0.3742828294634819,0.17422105371952057,0.0003772137624764582,0.0023176986105681863,0.011282858693448361,0.17891390062868595,4.356846329756081e-05,1,BCC
IL_2482896,3,DF,DF,0.3965587434358895,0.04849940910935402,0.022730303928256035,0.4136625328101218,0.002232577360700816,0.11299341917037964,0.0029499155352823436,0.0003730687458300963,3,DF
IL_2483019,1,BCC,BCC,0.21105103008449078,0.46909307822352275,0.10547195794060826,0.0022386194323189557,0.008327198996994412,0.018195321899838746,0.18423002609051764,0.0013927539985161275,1,BCC
IL_2484689,2,BKL,BKL,0.43919583898968995,0.4767271354794502,0.004882301029283553,5.662455805577338e-05,0.004333634860813618,0.057413671747781336,0.017351981747196987,3.8871317883604206e-05,1,BCC
IL_2487876,1,BCC,BCC,0.009381627722177655,0.1431955920998007,0.8184285163879395,0.0005213352924329229,0.003120256500551477,0.023437207797542214,0.0016806164640001953,0.00023479459878217313,2,BKL
IL_2491792,4,MEL,MEL,0.024574897019192576,0.14349780604243279,0.3810232551768422,0.006729523651301861,0.01657795486971736,0.12503306567668915,0.2737359015736729,0.028827601665398106,2,BKL
IL_2493163,5,NV,NV,0.00287436053622514,0.005952141713351011,0.31005104817450047,0.11320266081020236,0.039410434663295746,0.30391377955675125,0.004803140880540013,0.21979239489883184,2,BKL
IL_2495327,1,BCC,BCC,0.030865826760418713,0.4981145216152072,0.28536964660088415,0.0015063059534696777,0.07078580052984762,0.11052378037084054,0.0023321991902776062,0.0005018960893039548,1,BCC
IL_2495796,1,BCC,BCC,0.004199737464659847,0.35086528956890106,0.5794486105442047,0.0006526370780193247,0.0006065368415875128,0.010916322353295982,0.03156006569042802,0.021750808185061032,2,BKL
IL_2497125,4,MEL,MEL,0.008270750195151777,0.00823546078754589,0.4897187352180481,0.00143489585025236,0.08707308024168015,0.4044047873467207,0.00046942873450461775,0.0003927899999780493,2,BKL
IL_2497453,6,SCC,SCCKA,0.5155985131859779,0.0003149018230033107,0.0019531904836185277,0.000383784116024799,0.00030287084791780217,0.0002136169387085829,0.48120191786438227,3.116764253263682e-05,0,AK
IL_2499143,2,BKL,BKL,0.10432924423366785,0.2811074729252141,0.40584853291511536,0.00013548400602303445,0.0007654775399714708,0.019496100023388863,0.18815737962722778,0.00016037435125326738,2,BKL
IL_2502000,1,BCC,BCC,0.17726415526703931,0.05842263391241431,0.7119708806276321,0.00043767120951088145,0.00012278410758881364,0.030648735351860523,0.021041036176029593,9.218536756350204e-05,2,BKL
IL_2503315,4,MEL,MEL,9.17088321727988e-06,0.0029256602429086342,0.47613873421869357,0.00012106779189480221,0.0016808296677481849,0.5191105678677559,6.426050790153681e-06,7.557688377346494e-06,5,NV
IL_2504113,1,BCC,BCC,0.046110880401101895,0.07641433691605926,0.5092259868979454,0.016405235321144573,0.3067282233387232,0.01654732972383499,0.026519861232372932,0.002048182039288804,2,BKL
IL_2504779,5,NV,NV,7.615612435074581e-05,3.0940197575546335e-05,0.0015054551831781282,0.00011208916112082079,0.0021177649759920314,0.9959980249404907,3.50250925293949e-05,0.00012452931878215168,5,NV
IL_2508861,0,AK,AKIEC,0.000652650254778564,0.6509257853031158,0.016126082511618733,0.0012745920903398655,0.0003194562541466439,0.22765492647886276,0.10298783711914439,5.8657373301684856e-05,1,BCC
IL_2511826,0,AK,AKIEC,0.0014614343838132982,4.462581068764848e-05,7.958321566547966e-05,1.154975475098352e-05,0.00027324027801611805,2.0414791354284034e-05,0.9981085956096649,5.041417166151349e-07,6,SCC
IL_2513710,1,BCC,BCC,0.0013395013156696223,0.8516520261764526,0.00011926178012799937,0.03761836886405945,0.0005340630887076259,0.10843415884301066,0.0002461564663462923,5.6450852753187064e-05,1,BCC
IL_2514915,2,BKL,BKL,0.39625316904857755,0.027184513419342693,0.535116396844387,0.0004416588089952711,0.00021761526295449585,0.020975901636120398,0.019754284716327675,5.6474450502719264e-05,2,BKL
IL_2517543,4,MEL,MEL,0.00017567079726177326,0.00036634321440942585,0.2645786851644516,0.002645286629558541,0.284330811817199,0.44068512693047523,0.007131737661381976,8.631557147964486e-05,5,NV
IL_2521173,5,NV,NV,0.006455757223307046,0.032831902644829825,0.080211590975523,0.00040315804471902084,5.7270570778200636e-05,0.8729655742645264,0.0012445394977476099,0.005830244350590874,5,NV
IL_2521408,1,BCC,BCC,0.012075681006535888,0.04017074686998967,0.4472946496680379,0.026869487366639078,0.011224045301787555,0.04803033593634609,0.41370127235131804,0.0006338070234050974,2,BKL
IL_2522638,5,NV,NV,8.01322107690794e-06,0.0010799317806231556,0.022523734718561172,0.00019263034846517257,0.07352221384644508,0.9024526476860046,4.222891584504396e-05,0.00017868247959995642,5,NV
IL_2522650,1,BCC,BCC,0.033977006110944785,0.44307930738432333,0.4583329204469919,0.0022185000561876222,0.0033617323642829433,0.05423374829115346,0.004672817362006754,0.00012395969679346308,2,BKL
IL_2526379,5,NV,NV,0.0002817846107063815,0.0031726000452181324,0.08676839992403984,0.01897817185090389,0.19263936346396804,0.6873705834150314,0.000500722886499716,0.010288355988450348,5,NV
IL_2527689,1,BCC,BCC,0.10898789511747964,0.546900536864996,0.3172511836164631,0.00014019316284930028,0.0006572060447069816,0.025975845521315932,7.460705091943964e-05,1.2488522429521254e-05,1,BCC
IL_2528197,0,AK,AKIEC,0.5989281386137009,0.2937179356813431,0.0013805664057144895,1.3091512130358751e-05,0.006857722211861983,0.01007476782251615,0.0890022274106741,2.55521417784621e-05,0,AK
IL_2528819,5,NV,NV,2.7275888925260006e-07,1.5335111697822867e-05,0.0005614344881905708,5.964655855450474e-06,0.007651284712665074,0.9917410016059875,9.379379974916446e-07,2.3702974630168683e-05,5,NV
IL_2529122,1,BCC,BCC,0.07765723109787359,0.09163109958171844,0.029824160461430438,0.19438598258420825,0.0067072296878905036,0.03709005797281861,0.5624526739120483,0.0002516118765925057,6,SCC
IL_2531194,5,NV,NV,2.9761437758679676e-06,0.000205448450287804,0.14284045551903546,0.0008304296716232784,0.05163995153270662,0.8044384121894836,1.024068842525594e-05,3.209519218216883e-05,5,NV
IL_2531198,1,BCC,BCC,0.026061026077513816,0.647850751876831,0.24298388519673608,0.014613205781643046,0.011124754386401037,0.04113527525259997,0.016023966060856765,0.0002070673453999916,1,BCC
IL_2531904,2,BKL,BKL,0.008035518578253686,0.18622005407814868,0.08735230099409819,0.019992760848253965,0.24040402894024737,0.1898284899070859,0.2679206160828471,0.00024624453362775967,6,SCC
IL_2533791,5,NV,NV,0.0003212100809264484,0.00015564539226176066,0.01766189236786886,0.0006163962389109656,0.040544952265918255,0.9398496448993683,0.0004395803057377634,0.0004106635860807728,5,NV
IL_2534024,1,BCC,BCC,0.006168543826788664,0.3282437830930576,0.291877958457917,0.00019366929700481705,0.20142181840492412,0.008625170521554537,0.16327508856193163,0.00019394764967728406,1,BCC
IL_2538278,2,BKL,BKL,0.00035848518473358126,0.004274664870308698,0.5003254491020925,0.00011525401547629599,0.31001568914507516,0.18482526086154394,3.8255708602719096e-05,4.693547573708656e-05,2,BKL
IL_2538872,1,BCC,BCC,0.010959696723148227,0.0926019586622715,0.7789016962051392,0.0050484443781897426,0.0020726837683469057,0.1075301538221538,0.0023556011146865785,0.0005297594325384125,2,BKL
IL_2540198,6,SCC,SCCKA,0.8119029104709625,0.025914480758274294,0.060640431946922035,0.0006116226876642372,0.0010236440986473028,0.007093756747281077,0.09280988917453215,3.3148742730748637e-06,0,AK
IL_2541447,1,BCC,BCC,0.36610709968954325,0.48752646255888976,0.12883151596179232,5.944085959441736e-06,0.00019273991110679844,0.017271685428568162,6.251505442378402e-05,2.0585114626214818e-06,1,BCC
IL_2543533,4,MEL,MEL,4.671185905635866e-06,8.068875558819855e-06,0.0002995283721247688,1.695634841780702e-05,0.29191870242357254,0.7077338695526123,1.1512048786244122e-05,6.691914222756168e-06,5,NV
IL_2545098,2,BKL,BKL,0.0005119177585584112,6.884725269173941e-05,0.9628814458847046,0.0011907152359071915,5.0987468398489e-05,0.024245839100331068,0.011046334424463566,3.886187542434527e-06,2,BKL
IL_2546543,1,BCC,BCC,0.19806264527142048,0.019118014257401228,0.16960920742712915,0.01316518452949822,0.03537692822283134,0.045665277633816004,0.5185935571789742,0.00040920508672570577,6,SCC
IL_2547108,1,BCC,BCC,0.0032748844937486865,0.9561023116111755,0.000284699103190178,0.00017647596493475248,0.00039298157378198084,0.03960360747169034,0.00011983379596358645,4.5156708157634284e-05,1,BCC
IL_2547187,1,BCC,BCC,0.008873695973306894,0.03086903045186773,0.30417105183005333,0.0006619090672757011,0.04561471473061829,0.17925176231074147,0.430023800523486,0.00053405892867886,6,SCC
IL_2547802,5,NV,NV,3.962134343282742e-06,0.000409656503052247,0.003995979088358581,0.00010838728485396132,0.008234667649958283,0.9872058928012848,7.362463009030762e-06,3.403624486963963e-05,5,NV
IL_2553098,1,BCC,BCC,6.140344521554653e-05,0.4801905044587329,0.011567269146325998,0.015626677311956882,0.017762764764484018,0.03241771087050438,0.001457168546039611,0.4409165006072726,1,BCC
IL_2557121,1,BCC,BCC,0.4899097543384414,0.010522517113713548,0.45318232687714044,6.67495475727975e-05,0.00013243521527783741,0.046058202751737554,5.442282781586982e-05,7.361807149663946e-05,0,AK
IL_2561893,1,BCC,BCC,0.005519375394214876,0.016968480659670604,0.5023034205660224,0.0004603732086252421,0.0033215283474419266,0.4699680954217911,0.0013001555671507958,0.000158569299287592,2,BKL
IL_2564973,1,BCC,BCC,0.0001267057414224837,0.11393004609271884,0.8521096706390381,6.563142596860416e-05,0.0029188187181716785,0.028259775368496776,0.0020435484002518933,0.0005458195664687082,2,BKL
IL_2566700,1,BCC,BCC,6.907122406119015e-05,0.00014822691258586929,0.9818383753299713,1.7531363937450806e-05,0.016304047487210482,0.0016055425512604415,1.2207847191803012e-05,5.001125657599914e-06,2,BKL
IL_2567516,5,NV,NV,7.484937486879062e-05,2.422660895717854e-05,0.026055146474391222,9.452270023757592e-05,0.046188734588213265,0.927294909954071,4.935538527206518e-05,0.00021831142657902092,5,NV
IL_2568881,1,BCC,BCC,0.1836303435266018,0.20936662331223488,0.4714656174182892,0.00032669532702911397,0.05558472266420722,0.026607420295476913,0.051530910190194845,0.0014876994082442252,2,BKL
IL_2574343,6,SCC,SCCKA,0.23667873709928244,0.012141996994614601,0.24903254889068194,0.0003797449899138883,0.0030085416801739484,0.002942045437521301,0.4956013865303248,0.00021497207308129873,6,SCC
IL_2577836,6,SCC,SCCKA,0.0009714503976283595,0.5886490046977997,0.3329527782043442,3.836135510937311e-05,0.0017968040774576366,0.001022187225316884,0.07455441914498806,1.5036208878882462e-05,1,BCC
IL_2582218,1,BCC,BCC,0.007991394348209724,0.49355312529951334,0.4412155514000915,0.00016114838786052132,0.0015103521808086384,0.04199162987060845,0.013433621048534405,0.0001431460974856691,1,BCC
IL_2582722,1,BCC,BCC,0.0006659105783910491,0.15708795083264704,0.8102728128433228,0.00021162542543606833,0.00294888555072248,0.01108490489423275,0.01770363631658256,2.4287114683829714e-05,2,BKL
IL_2585626,0,AK,AKIEC,0.05449587386101484,0.0334183344621124,0.27706773299723864,0.0008922319757402875,0.1692204843275249,0.026633224973920733,0.43744154716841877,0.0008305960491270525,6,SCC
IL_2587560,1,BCC,BCC,0.33025557087239577,0.18832425400614738,0.003671503043733537,0.00016894379950826988,0.00038102703729236964,0.001544672530144453,0.4756385705550201,1.5538519733127032e-05,6,SCC
IL_2587941,2,BKL,BKL,0.051221996545791626,0.14178811325109564,0.537175863981247,0.0014234394311642973,0.047805847570998594,0.13475053972797468,0.08493186347186565,0.0009022860515415232,2,BKL
IL_2588652,1,BCC,BCC,6.317164115898777e-05,0.5751385241746902,0.29172298312187195,0.001078346444046474,0.009092449414310977,0.11762675718637183,0.0011835750483442098,0.004094164258276578,1,BCC
IL_2590916,1,BCC,BCC,0.0020749131799675524,0.4844524147338234,0.494508957490325,0.0002285841455886839,0.0007004141807556152,0.012836240464821458,0.00515907965018414,3.940560964110773e-05,2,BKL
IL_2591280,1,BCC,BCC,0.0009645019636081997,0.37732169788796455,0.4827239662408829,0.0012600357877090573,0.056161065585911274,0.02379871252924204,0.011640528682619333,0.04612957077827673,2,BKL
IL_2591955,1,BCC,BCC,0.0016677946414347389,0.49708061572164297,0.384701190632768,0.0005243171617621556,0.012416251876857132,0.08321396913379431,0.020377616099722218,1.8227548139293503e-05,1,BCC
IL_2596452,6,SCC,SCCKA,0.8875143826007843,0.0002854907470464241,0.016183893083507428,0.001572895404024166,0.006423835759051144,0.00902760096869315,0.07892167514364701,7.015469600446522e-05,0,AK
IL_2598820,4,MEL,MEL,0.00016325347521828348,8.617470325589238e-05,0.4127249550074339,2.5637401449785102e-05,0.4020562442019582,0.1846759244799614,1.0869791822187835e-05,0.00025691809852901315,2,BKL
IL_2601200,1,BCC,BCC,0.254045732319355,0.45929422229528427,0.1326698672492057,0.004558351822197437,0.0813950930860301,0.0477517411345616,0.017853911413112655,0.0024311071247211657,1,BCC
IL_2609201,5,NV,NV,8.937042593970546e-06,9.795320920602535e-06,0.19460053069633432,0.00010206078513874672,0.3950119623914361,0.4101061150431633,0.00015252904267981648,8.123191378217598e-06,5,NV
IL_2610078,1,BCC,BCC,0.18247707653790712,0.15372366574592888,0.19480036030290648,0.028940885793417692,0.059447512874612585,0.030954107642173767,0.349235019646585,0.0004213510055706138,6,SCC
IL_2610875,1,BCC,BCC,0.005139763990882784,0.5614081919193268,0.40774067118763924,1.3597544693766395e-05,0.00041117187356576324,0.013670453510712832,0.011379870775272138,0.0002362075429118704,1,BCC
IL_2612192,1,BCC,BCC,0.0034614819710441225,0.5086802504956722,0.47526093974920514,1.2642923635564074e-05,0.0003718774014345172,0.01202417362947017,0.00016858021587751182,2.006117243524841e-05,1,BCC
IL_2621317,6,SCC,SCCKA,0.02136620134115219,0.020354387816041708,0.6212991774082184,0.014326417120173573,0.04880753858014941,0.21649250946938992,0.0481511767138727,0.009202632132655708,2,BKL
IL_2623248,1,BCC,BCC,0.0020225752232363448,0.3919154128234368,0.07872280772426166,0.04830632358789444,0.058525568107143044,0.3943679160438478,0.015325501422921661,0.010813899076310918,5,NV
IL_2632652,5,NV,NV,0.053619471779256855,0.0020767558680745424,0.5467500910162926,0.21260273249026795,0.01449458306797169,0.0635326486080885,0.10632215773057396,0.0006014807915732945,2,BKL
IL_2634520,1,BCC,BCC,0.002385753730777651,0.5019202250987291,0.40534364990890026,0.008672967087477446,0.01003952078463044,0.04891215218231082,0.02050661260727793,0.002219088091806043,1,BCC
IL_2634708,1,BCC,BCC,0.0001546239545859862,0.49761840060091345,0.43007044651312754,6.591917395049052e-05,0.0001795371725137329,0.07188533851876855,1.163993743613645e-05,1.403889183393403e-05,1,BCC
IL_2634842,1,BCC,BCC,0.4863966281991452,0.0252871154807508,0.0015488395001739264,4.142213066415934e-05,0.00015693760315116378,0.012284599972190335,0.4742835318083962,1.0389225622020604e-06,0,AK
IL_2634845,2,BKL,BKL,0.05008154921233654,0.000665726698571234,0.07962905988097191,1.6050140487777753e-06,0.4266136638707394,0.44298744667321444,1.5145508314162726e-05,5.816485597165411e-06,5,NV
IL_2638110,4,MEL,MEL,2.9998301215528045e-05,0.05892125645186752,0.32361275679431856,0.0010832379048224539,0.4518942926079035,0.16201583854854107,0.002423357014777139,1.9305913610878633e-05,4,MEL
IL_2643688,1,BCC,BCC,0.007662795018404722,0.02372931456193328,0.8959446549415588,0.0018860756608773954,0.009499185252934694,0.03388917539268732,0.027318617678247392,7.01897697581444e-05,2,BKL
IL_2647562,2,BKL,BKL,7.572847444237141e-06,0.0044359977348973345,0.9876911342144012,0.0005054278304819082,0.0018378722406282577,0.005376926030294271,0.00013623054896672038,8.8460304645821e-06,2,BKL
IL_2648810,1,BCC,BCC,0.0015999556635506451,0.3172290613874793,0.3332166075706482,0.00824581875349395,0.011261810082942247,0.3138785883784294,0.013141307746991515,0.0014268631257436937,2,BKL
IL_2649297,5,NV,NV,2.155857964680763e-05,0.0025310123501185444,0.21385126188397408,0.00024859417590050725,0.045592198832309805,0.7264763414859772,0.0002070926528858763,0.011071917535218745,5,NV
IL_2650729,6,SCC,SCCKA,0.00816503120586276,0.008825520492791838,0.013573203701525927,0.04429486224353241,0.33962150127626956,0.06003144758869894,0.5249306857585907,0.0005577131179421713,6,SCC
IL_2651247,4,MEL,MEL,0.23296805971767753,0.0011602266968111508,0.43583887815475464,0.07258655014447868,0.051385268568992615,0.1634826335357502,0.042002993170171976,0.0005752918368671089,2,BKL
IL_2652500,6,SCC,SCCKA,0.012842908967286348,0.0004912298754788935,0.052548656676663086,0.0001112135691982985,0.0018747525382423191,0.0002748889986037284,0.9318520426750183,4.281819798279685e-06,6,SCC
IL_2652788,7,VASC,VASC,1.335611443664675e-07,3.5379249311517924e-05,4.331560433001869e-06,3.651746148136681e-06,0.0015605074854647683,0.011988882578862103,7.306064819800895e-08,0.9864070415496826,7,VASC
IL_2653791,1,BCC,BCC,0.004127686668653041,0.4919501319527626,0.3007635575486347,0.0030051941866986454,0.0008518519753124565,0.1863113638246432,0.012871928629465401,0.00011828881906694733,1,BCC
IL_2658437,1,BCC,BCC,0.06625740899858101,0.4261776741018366,0.4785602097399533,8.507832035320462e-05,0.002790412774629658,0.025897964485920966,0.00022498730686493218,6.375572638717131e-06,2,BKL
IL_2658835,1,BCC,BCC,0.15799927711486816,0.7815695106983185,0.013824715802911669,0.00015202690701698884,0.0294957542209886,0.005073475651443005,0.011769842763897032,0.00011539290244400036,1,BCC
IL_2659393,1,BCC,BCC,0.009885000064969063,0.49883164931088686,0.08278284478001297,0.003130530462549075,0.058174167836114066,0.3437744634829869,0.0029398159714446592,0.00048147201705450726,1,BCC
IL_2659865,4,MEL,MEL,0.00030438596206749935,2.1421270162136352e-05,0.9896848499774933,3.1417292376545447e-06,0.00414228000863659,0.0047328007203759626,0.0011105602805798753,5.472351034541134e-07,2,BKL
IL_2660318,1,BCC,BCC,7.042162542347796e-05,0.5092664435505867,0.03100127214565873,0.00952910714771349,0.001638929476030171,0.002298217915722489,0.4461909262208792,4.615996658685617e-06,1,BCC
IL_2662922,1,BCC,BCC,0.004934872675221413,0.9460814595222473,0.004280889261281118,0.003257524920627475,0.030222603119909763,0.005143886595760705,0.0036571200471371412,0.002421663695713505,1,BCC
IL_2662966,1,BCC,BCC,0.0021857686224393547,0.41361482068896294,0.032323842868208885,0.00016173364747373853,0.016799495555460453,0.06942937709391117,0.46523137241092627,0.00025358115453855135,6,SCC
IL_2663790,6,SCC,SCCKA,0.04655603040009737,0.26895224675536156,0.06837388779968023,0.02902713365801901,0.1841064600739628,0.05206715874373913,0.3462221920490265,0.00469488934322726,6,SCC
IL_2663991,6,SCC,SCCKA,0.001037837933836272,0.1068539610132575,0.014670139411464334,0.20057166287733708,0.014035577536560595,0.0016230420842475723,0.6610703021287918,0.00013746385252488835,6,SCC
IL_2664581,1,BCC,BCC,0.20130986161530018,0.054434583988040686,0.19302115216851234,0.02435492219592561,0.009394349879585207,0.017051570175681263,0.4994078278541565,0.001025704174026032,6,SCC
IL_2664685,5,NV,NV,1.3290217168560048e-05,0.002269841730594635,0.47009058203548193,0.026771149146952666,0.0022594830370508134,0.4985293410718441,3.384389810889843e-05,3.251283624194912e-05,5,NV
IL_2670180,6,SCC,SCCKA,0.00024921071667449723,8.354805686394684e-05,0.49671307047537994,8.770147815084783e-05,0.00142653066177445,0.0010882388085065031,0.500297985621728,5.3705070891751916e-05,6,SCC
IL_2670603,1,BCC,BCC,0.0003324544359202264,0.0032414131273981184,0.13597656309138983,0.48005667826510035,0.014513105619698763,0.3559760432690382,0.0028018272132612765,0.00710188513767207,3,DF
IL_2671860,1,BCC,BCC,0.0012538536484498763,0.5851023197174072,0.21605614194777445,0.07914183672619401,0.008372637516004033,0.10577137021027738,0.0036121104931226,0.000689644646826082,1,BCC
IL_2674026,1,BCC,BCC,0.0006022745947120711,0.8590641915798187,0.04239440057426691,0.0002792068335111253,0.0006508562073577195,0.05417347885668278,0.04184720935882069,0.000988365602097474,1,BCC
IL_2674670,1,BCC,BCC,4.140283272136003e-05,0.9658432602882385,0.0003591500371840084,3.4757005096253124e-07,8.396838893531822e-06,0.033744677319191396,8.584684962897882e-07,1.928133855244596e-06,1,BCC
IL_2675475,1,BCC,BCC,0.002815212879795581,0.7885158658027649,0.009785473870579153,0.004548895871266723,0.003520012483932078,0.0029426138498820364,0.18644579499959946,0.0014261732576414943,1,BCC
IL_2679001,1,BCC,BCC,0.024948252830654383,0.47970604386136984,0.42732022795826197,0.001563095676829107,0.0134757295018062,0.0426595953758806,0.010087419243063778,0.00023962019622558728,1,BCC
IL_2682225,6,SCC,SCCKA,0.0903637339361012,0.002840571105480194,0.7483119666576385,0.0009411794716811528,0.016415046760812402,0.13169812690466642,0.008048403062730358,0.0013809733648031397,2,BKL
IL_2685280,2,BKL,BKL,9.16711513809787e-06,5.188925612742423e-06,0.9788309633731842,7.193930997573261e-07,0.00021868635303690098,0.02093391993548721,7.705658049417252e-07,5.925692505570623e-07,2,BKL
IL_2687877,1,BCC,BCC,0.058400635374709964,0.09519846551120281,0.7083540707826614,0.004014035628642887,0.07274120999500155,0.0330143291503191,0.011970519321039319,0.01630674721673131,2,BKL
IL_2689695,1,BCC,BCC,0.004483124997932464,0.4340357184410095,0.4543986916542053,0.0006521319155581295,0.026804938330315053,0.024764440953731537,0.04879034520126879,0.0060705848736688495,2,BKL
IL_2689946,2,BKL,BKL,0.060033794259652495,0.735785722732544,0.07629048079252243,0.05414186320558656,0.018216212280094624,0.021493137115612626,0.030098625225946307,0.003940138987672981,1,BCC
IL_2692923,4,MEL,MEL,0.25856225192546844,0.0013776701816823334,0.4770714621990919,0.0033260411582887173,0.19897619262337685,0.03889003209769726,0.020763847278431058,0.001032523883623071,2,BKL
IL_2694953,5,NV,NV,0.00022519715099633686,2.862644078049925e-05,0.1830591531470418,0.00012120572500862181,0.23717668233439326,0.5791181325912476,4.017803348688176e-05,0.00023085232305675163,5,NV
IL_2696717,1,BCC,BCC,0.050843444532802096,0.5254819467663765,0.05232851418986684,0.0016976585175143555,0.026966064437146997,0.34135084215085953,0.0007412450067931786,0.0005903564601226208,1,BCC
IL_2700480,1,BCC,BCC,0.08901028800755739,0.48672912642359734,0.34180902875959873,0.0004445842200766492,0.002481283892848296,0.05748496204614639,0.020737660874146968,0.0013031326761847595,1,BCC
IL_2702338,4,MEL,MEL,0.19259661994874477,0.03200457419734448,0.06351213622838259,0.004883727291598916,0.24682272970676422,0.33406053483486176,0.12153801310341805,0.004581652814522386,5,NV
IL_2703142,5,NV,NV,7.328865376621252e-05,3.790796654357109e-05,0.459056193503784,0.0007466728002327727,0.08504191506654024,0.454548891633749,0.00014588377530344587,0.00034925694376397587,2,BKL
IL_2704222,1,BCC,BCC,0.00028538711194414645,0.18521802872419357,0.4013685116660781,0.0003660905313154217,0.0011605559484451078,0.015477495500817895,0.3960292862757342,9.459560033064918e-05,2,BKL
IL_2707139,0,AK,AKIEC,0.002139167751010973,0.00043815671233460307,0.31975326174870133,0.0008401468803640455,0.2598022948950529,0.33463286608457565,0.08225798606872559,0.00013609763846034184,5,NV
IL_2707653,1,BCC,BCC,0.002339888480491936,0.9837367832660675,0.009268828143831342,9.546485401301652e-06,0.00014650540379079757,0.004327220620325534,4.2979203499271534e-05,0.00012815819995637412,1,BCC
IL_2707922,6,SCC,SCCKA,0.41800932586193085,0.11487408727407455,0.0294175447197631,2.7301718773742323e-05,0.050382225585053675,0.12232823720842134,0.2649012348847464,6.003834209877823e-05,0,AK
IL_2710890,5,NV,NV,2.744172718394111e-06,0.02771805430529639,0.00014197687414707616,0.00032505996875897836,0.0011602379963733256,0.4986609573534224,1.26507984532509e-06,0.47198967756958154,5,NV
IL_2711226,6,SCC,SCCKA,0.014295228685114125,0.00042195111721454737,0.5743245631456375,6.46077065091788e-06,0.3724053484329488,0.0003806006643571891,0.038132252238426645,3.366544081107037e-05,2,BKL
IL_2714840,1,BCC,BCC,0.004362896157545038,0.4830747302621603,0.3998888470232487,0.00011558181341797535,0.00012809813733838382,0.10927839484065771,0.003138472016871674,1.3024053941990132e-05,1,BCC
IL_2715544,2,BKL,BKL,1.3615354333751384e-05,1.8026951579486195e-05,0.9210510551929474,0.002172573734554817,5.9849991885130294e-05,0.07665172405540943,1.2360338608630173e-05,2.0774524195132926e-05,2,BKL
IL_2717072,0,AK,AKIEC,0.09309307801595423,1.1476483905425994e-05,0.5960483402013779,0.0001554507054757348,0.16467334655695254,0.003544325940310955,0.1424703034719812,3.706064843012058e-06,2,BKL
IL_2718165,0,AK,AKIEC,0.3421418312318565,2.582937668194063e-05,0.4593670745380223,3.6135973005002597e-06,0.001825786370318383,0.042683511857831036,0.1539515814220067,8.509896911590431e-07,2,BKL
IL_2718328,1,BCC,BCC,0.013826344104018062,0.5013976995833218,0.06132133203209378,0.0012870073219346523,0.15995308518904494,0.12867889186600223,0.0002662335828063078,0.1332694390002871,1,BCC
IL_2719236,1,BCC,BCC,0.007130776299163699,0.045318519230932,0.04769900068640709,2.9983548756717937e-05,0.07216846011579037,0.8018101453781128,0.02564019619399005,0.00020294005571486196,5,NV
IL_2719812,1,BCC,BCC,0.020613431464880705,0.35008666093926877,0.48411957174539566,0.002943668107036501,0.004192944266833365,0.13527152873575687,0.0013841917389072478,0.001388022385071963,2,BKL
IL_2720879,1,BCC,BCC,0.019707460422068834,0.35868778824806213,0.18185728788375854,0.003639798378571868,0.001945042284205556,0.03520619514165446,0.39822559081949294,0.0007308646236197092,6,SCC
IL_2721473,4,MEL,MEL,1.1642149729595985e-05,0.005276927255181363,0.0007100407674442977,4.630621424439596e-05,0.05377040198072791,0.9400565326213837,5.0390859541948885e-05,7.769024705339689e-05,5,NV
IL_2721693,1,BCC,BCC,0.0003768266615225002,0.9244551360607147,0.010210668377112597,1.1836946782750601e-05,8.645665275253123e-05,0.008682277606567368,0.056149763378925854,2.701180142139492e-05,1,BCC
IL_2722243,1,BCC,BCC,0.4080075404344825,0.5432378463447094,0.009196120197884738,2.4776378268143162e-05,0.0001602614065632224,0.038141271099448204,0.0011937191484321374,3.844680122710997e-05,1,BCC
IL_2722741,1,BCC,BCC,0.15753174829296768,0.4723685411736369,0.23542595724575222,0.0008258820162154734,0.0006819012342020869,0.10138581926003098,0.03163298006984405,0.00014718686361447908,1,BCC
IL_2725320,0,AK,AKIEC,0.007670386235076876,0.0030488268239423633,0.4910288527607918,4.047067022838746e-06,2.1763328277302207e-05,0.008984618296381086,0.4892342758757877,7.196907322537527e-06,2,BKL
IL_2729138,1,BCC,BCC,0.4441263834014535,0.08436208125203848,0.03186488998471759,0.0039484339649789035,0.004318853549193591,0.0025691557239042595,0.4287558061769232,5.4403550620918395e-05,0,AK
IL_2730356,1,BCC,BCC,0.04946594836656004,0.5151551105082035,0.2987994746072218,0.0030834262524876976,0.016515769064426422,0.11351501767057925,0.0013604760315502062,0.00210478429653449,1,BCC
IL_2733872,1,BCC,BCC,0.004690347156042662,0.516943097114563,0.42773848213255405,0.005498333783236831,0.018780744903779123,0.025789203238673508,0.0003592361172195524,0.00020054296663829518,1,BCC
IL_2734125,1,BCC,BCC,0.17826054219767684,0.5734353438019753,0.019153550776536576,0.002237408945802599,0.0008164828177541494,0.05444740829989314,0.17158102057874203,6.824966317253711e-05,1,BCC
IL_2734899,1,BCC,BCC,0.0010678412509150803,0.955133855342865,0.016018922440707684,0.00021348712471080944,0.0038073083305789623,0.01668995199725032,0.005180686595849693,0.001887848622573074,1,BCC
IL_2735586,2,BKL,BKL,0.00016777293785708025,0.0018331079263589345,0.4558465778827667,0.0004013605603176984,0.0001441639287804719,0.5216282457113266,0.019949308136574473,2.9448461646097712e-05,5,NV
IL_2739808,4,MEL,MEL,3.4347716564298025e-06,0.000890892750248895,0.19114040955901146,0.00013566001689468976,0.48684181371936575,0.32094215136021376,4.290820345431712e-05,2.772030484265997e-06,4,MEL
IL_2740956,1,BCC,BCC,0.1574316155165434,0.30808649957180023,0.26550499349832535,0.010084532957989722,0.0038134069181978703,0.2519912365823984,0.0025067516253329813,0.0005810044385725632,1,BCC
IL_2740967,4,MEL,MEL,0.04161427652130101,0.0010190940301981755,0.018178479228026845,0.3275431989783577,0.5001303199678659,0.10738454703823663,0.002114053499497004,0.002016034908592701,4,MEL
IL_2742965,2,BKL,BKL,0.002495466596087681,0.0007584293489344418,0.8493449985980988,0.016316391653198536,0.05747498106211424,0.043498891609488055,0.0284471046179533,0.001663709271017666,2,BKL
IL_2744874,1,BCC,BCC,0.0040855298429960385,0.15757089061662555,0.2802833914756775,0.02379114634823054,0.017154265427961946,0.4778983145952225,0.0015627376269549131,0.03765377093805,5,NV
IL_2745193,5,NV,NV,2.343420561601306e-06,0.00025472323002873054,0.035311846528202295,0.000362502225470962,0.2947540758177638,0.6692126095294952,5.359191072784597e-05,4.8286190121871186e-05,5,NV
IL_2747674,4,MEL,MEL,0.0007545908374595456,0.0020055537461303174,0.008911420940421522,0.010910580875133746,0.08721361123025417,0.612561970949173,0.0018417001701891422,0.275800507151871,5,NV
IL_2748244,1,BCC,BCC,0.008665308807394467,0.740209311246872,0.019495285365337622,0.0018134724974743222,0.13880951283499599,0.05545682448428124,0.023869673430453986,0.011680603318382055,1,BCC
IL_2750081,5,NV,NV,4.0079958125716075e-06,9.500181761268323e-07,0.00744671790744178,4.0192692722484935e-05,0.003915442313882522,0.9885753989219666,4.610117343872844e-06,1.2724464795610402e-05,5,NV
IL_2750641,1,BCC,BCC,0.6457483172416687,0.04817021545022726,0.0724103320389986,0.000754716824303614,0.018068941310048103,0.16378556145355105,0.048595791847219516,0.0024661165953148156,0,AK
IL_2751671,1,BCC,BCC,2.1215480785485852e-05,0.6434206366539001,0.34414987452328205,0.0001432107781056402,0.005105475051095709,0.00581280245387461,0.0013339316680003321,1.2882947089565278e-05,1,BCC
IL_2751796,1,BCC,BCC,0.030180802568793297,0.6277983486652374,0.15994547307491302,0.0002603323955554515,0.012073912223058869,0.017243081820197403,0.1523657664656639,0.0001322922562394524,1,BCC
IL_2752948,1,BCC,BCC,0.0022895995498402044,0.06396759767085314,0.00582874845713377,0.00011945563528570347,0.05983556970022619,0.0008164380851667374,0.867107093334198,3.546755215211306e-05,6,SCC
IL_2753111,6,SCC,SCCKA,0.29731106013059616,0.023305647118831985,0.42492251191288233,0.005861939716851339,0.003700103065057192,0.004165432241279632,0.23945241421461105,0.0012809037471015472,2,BKL
IL_2755803,1,BCC,BCC,0.0028607839485630393,0.41122467815876007,0.017479341244325042,0.004613639379385859,0.010514194145798683,0.05681561306118965,0.4961840808391571,0.0003076638749917038,6,SCC
IL_2759218,4,MEL,MEL,0.054996687918901443,0.0017052734574463102,0.8997580409049988,1.9282137145637535e-05,0.014543707045959309,0.025742376688867807,0.0032276379643008113,6.985091204114724e-06,2,BKL
IL_2759260,2,BKL,BKL,0.33399699069559574,0.017791098726320342,0.35376302618533373,0.0009973648700452031,0.002322712552995654,0.005156550323590636,0.28579162061214447,0.00018063330378481623,2,BKL
IL_2759554,5,NV,NV,9.157008889815188e-06,8.943179093279241e-05,0.25707495550159365,3.1496682709075685e-05,0.003613537293858826,0.7390876263380051,7.11088172096197e-05,2.270953427796485e-05,5,NV
IL_2760690,1,BCC,BCC,0.013020258229062165,0.49816188495606184,0.002191879437305033,0.008211035540270473,0.13332519082177896,0.21567508531734347,0.004433809372130781,0.12498084712569835,1,BCC
IL_2770986,4,MEL,MEL,0.017141446216555778,0.14803872257471085,0.384709081845358,0.0007246048899105517,0.0058017577102873474,0.4297250057570636,0.013514474907424301,0.00034500302717788145,5,NV
IL_2771122,2,BKL,BKL,0.0009308000153396279,0.4942055941792205,0.40140176797285676,9.224655883599553e-08,2.5703010578581598e-05,0.10343251601443626,2.9851980229977926e-06,5.329027459310964e-07,1,BCC
IL_2771933,1,BCC,BCC,0.01960583310574293,0.6131574213504791,0.2959469032357447,0.001526716452644905,0.002044737135292962,0.01947801490314305,0.047741400529048406,0.0004989492663298734,1,BCC
IL_2772530,6,SCC,SCCKA,0.31745801840816057,0.02020728400339067,0.16122119996725814,4.826943778368786e-05,0.010141400183783844,0.49008670602052007,0.0005703219814563454,0.00026682097450247966,5,NV
IL_2775597,1,BCC,BCC,0.005506671089278825,0.9653763175010681,0.005030375032220036,0.0025686635051442863,0.0018493709490030596,0.018643012270331383,0.0009688639829619206,5.6762474983429456e-05,1,BCC
IL_2778594,1,BCC,BCC,0.0939217426976029,0.5893572717905045,0.1566915569237608,0.007899508924765541,0.03218434006703319,0.1163252069381997,0.0022890131804160774,0.0013313204061660144,1,BCC
IL_2779064,1,BCC,BCC,0.00036645125510403886,0.9594562351703644,0.038898493454325944,0.000469810590857378,0.0003625172612373717,0.0002820081735990243,0.00014585375720344018,1.8687094751612676e-05,1,BCC
IL_2779245,1,BCC,BCC,0.000783924861025298,0.3946818554395577,0.5689129903912544,0.0001404738322889898,0.0017821175788412802,0.033467862755060196,0.00013211782561484142,9.874748457150417e-05,2,BKL
IL_2783925,1,BCC,BCC,0.0005188059731153771,0.0012527183280326426,0.9102856516838074,0.0014733607531525195,0.03472633706405759,0.04978025332093239,0.0012716775781882461,0.0006912565404491033,2,BKL
IL_2786216,5,NV,NV,0.00016761607685111812,0.0018882169388234615,0.05195816024206579,0.00029077621366013773,0.08333921246230602,0.8611816465854645,0.0003384128349352977,0.0008359236235264689,5,NV
IL_2788163,5,NV,NV,0.0001050480566391343,0.0005188200157135725,0.00015304426051443443,0.00038741973003197927,0.004786272998899221,0.9911809265613556,0.0002175265423716155,0.002650900889420882,5,NV
IL_2788353,1,BCC,BCC,0.012725472952297423,0.02372969884891063,0.2629886958748102,0.08910985197871923,0.2864740639925003,0.2478354498744011,0.07032216814695857,0.0068146311095915735,4,MEL
IL_2791658,1,BCC,BCC,0.029544325079768896,0.43427086621522903,0.1149248001165688,0.08793195895850658,0.18777424335712567,0.051485713687725365,0.09387052059173584,0.00019754187451326288,1,BCC
IL_2791717,5,NV,NV,3.852173449558904e-06,0.0003263393518864177,0.006518244801554829,7.421097416226985e-05,0.0023954998409863038,0.9900432527065277,4.00013823309564e-06,0.0006346035606838996,5,NV
IL_2791803,2,BKL,BKL,0.4978339729423169,0.0015487573546124622,0.010723417250119383,7.275122925420874e-06,0.000980048207566142,0.0008436327480012551,0.48805967590305954,3.2151707500815974e-06,0,AK
IL_2794961,1,BCC,BCC,0.00011711682640225263,0.5006318339146674,0.043808059625007445,0.39721718784130644,0.017809630400734022,0.02962233942525927,0.003706263023104839,0.0070875177916605026,1,BCC
IL_2797593,5,NV,NV,0.00021086140762349714,0.00011910256580449641,0.00047340711716969963,0.0010799423507705797,0.16731894058466423,0.8298476338386536,0.0006397455070441538,0.0003103543772340345,5,NV
IL_2797829,2,BKL,BKL,0.0011236453810852254,0.07735577540370286,0.7506547570228577,0.00019729333143914118,0.000171206546610847,0.024962549985502847,0.14547635960116168,5.842535821898309e-05,2,BKL
IL_2802715,1,BCC,BCC,0.009186307970594498,0.05307184856428648,0.6059238165616989,0.00032929101200807054,0.2761985845863819,0.05403738282620907,0.000963978971412871,0.0002887407699745381,2,BKL
IL_2803011,2,BKL,BKL,0.017835744307376444,0.02773853810504079,0.34592725709080696,0.004016654216684401,0.12132023647427559,0.15820034220814705,0.32413004501722753,0.0008311806595884264,2,BKL
IL_2806266,1,BCC,BCC,0.035639329347759485,0.09284533886238933,0.12009150721132755,0.07242969097569585,0.27199968695640564,0.3220467045903206,0.0794336274266243,0.0055141005432233214,5,NV
IL_2808102,4,MEL,MEL,7.793671045419615e-06,3.635477327179615e-06,0.00014618461239024327,0.00011670150627196563,0.15285706520080566,0.8467256724834442,6.677363103335665e-06,0.00013628231226903154,5,NV
IL_2808273,1,BCC,BCC,0.15057529881596565,0.3429259806871414,0.4259311258792877,0.0008351238138857298,0.002920266764704138,0.06216713227331638,0.013753274353803135,0.0008918126368371304,2,BKL
IL_2810751,7,VASC,VASC,0.0002926283791726547,9.527963538857875e-05,0.40200960263803154,0.00018614343025546987,0.00038134329952299595,0.0968536297295941,0.0001334640530838982,0.500047911569709,7,VASC
IL_2811473,4,MEL,MEL,0.0018442694074565225,0.0003891509841196239,0.04044084818451665,0.009792074216420588,0.6604575514793396,0.2851491776818875,0.0002457953091834497,0.001681085632299073,4,MEL
IL_2812139,1,BCC,BCC,0.17531086457893252,0.49721281963866204,0.281245002115611,0.00033780352077883435,0.01193727896315977,0.005864782520802692,0.028071039102542272,2.0480600710470753e-05,1,BCC
IL_2815736,6,SCC,SCCKA,0.3415835052728653,1.629759242405271e-05,0.15655293816962512,1.3522496196571865e-05,0.00015471107326447964,0.0007331946326303296,0.5009423168376088,3.4335111465111368e-06,6,SCC
IL_2816298,1,BCC,BCC,0.4777071459684521,0.49535427314185654,0.005002199875889346,2.1500207392222137e-07,0.0005360032891985611,0.021352621261030436,4.743241530036357e-05,9.606449324905952e-08,1,BCC
IL_2821398,1,BCC,BCC,0.003756622551009059,0.0010892590147477677,0.0017302136402577162,9.252552445104811e-06,5.505655826709699e-05,2.3488070382882142e-05,0.9933350682258606,1.0900077516140527e-06,6,SCC
IL_2821734,1,BCC,BCC,0.004861681722104549,0.49859608148108236,0.49104079202697903,6.263316493004822e-06,0.0005848900127602974,0.0045719509944319725,0.0003137216863251524,2.4614581889181864e-05,1,BCC
IL_2826378,6,SCC,SCCKA,0.001953192288056016,0.4566494260216132,0.0130224849563092,0.2546382639557123,0.003063119715079665,0.004878742853179574,0.2657549884170294,3.973645834776107e-05,1,BCC
IL_2830385,6,SCC,SCCKA,0.029759665951132774,0.09329661168158054,0.2309209257364273,0.004402019665576518,0.12120353430509567,0.4249468445777893,0.00750579428859055,0.08796459657605737,5,NV
IL_2831969,0,AK,AKIEC,0.49268113283324055,0.0006340109484881395,0.4986549527384341,9.536379934615979e-07,2.709597742978076e-05,0.0020647067576646805,0.005937013153015869,1.4572325213180193e-07,2,BKL
IL_2832342,2,BKL,BKL,0.016071325801021885,0.8217890560626984,0.15218551731595653,4.230506874591811e-06,7.066334262617602e-05,0.009829848706431221,4.784983593708603e-05,1.5111322539951288e-06,1,BCC
IL_2833309,5,NV,NV,0.0021483278833329678,0.27022332325577736,0.5840359479188919,1.2969116937711078e-05,0.0683241281658411,0.07374690286815166,0.0012445947504602373,0.00026380925919511355,2,BKL
IL_2834231,1,BCC,BCC,0.04553650253001251,0.11557543625531252,0.04977894970215857,0.00464083152985495,0.0012846350418840302,0.0016216034227909404,0.7804103791713715,0.0011516605461565632,6,SCC
IL_2836148,2,BKL,BKL,0.001180801569717005,0.1329788714647293,0.010044200986158103,0.03900448624335695,0.022931218147277832,0.00432463112520054,0.7870775461196899,0.002458222981658764,6,SCC
IL_2840030,1,BCC,BCC,0.07969785993918777,0.5125986039638519,0.013659219723194838,0.003313222201541066,0.19583282129315194,0.10417810315266252,0.015219357796013355,0.07550076791085303,1,BCC
IL_2849550,1,BCC,BCC,0.00012414210323186126,0.49597879225621,0.013636766001582146,0.00012648518168134615,0.008841189555823803,0.4810519623570144,0.00015033218915050384,9.032558591570705e-05,1,BCC
IL_2851891,5,NV,NV,0.002673266645601302,0.00011594580550422506,0.5956251621246338,0.006071609859645832,0.006137021213362459,0.38095809519290924,0.007462324466246173,0.0009565841401411035,2,BKL
IL_2852064,1,BCC,BCC,0.057598119135946035,0.14547617442440242,0.738395631313324,0.001562221223139204,0.009299551253207028,0.043888822197914124,0.0030290361028164625,0.0007504225359298289,2,BKL
IL_2854884,5,NV,NV,6.9698787470429124e-06,0.0019373117374925641,0.06884004548192024,3.4341995842623874e-06,0.4179974440485239,0.5111733227968216,1.3218399224967925e-05,2.8297925496190146e-05,5,NV
IL_2860298,1,BCC,BCC,0.0025968531263060868,0.45720384489686694,0.5125987604260445,0.0009378937065775972,0.000554889760678634,0.01930570974946022,0.005862507357960567,0.0009395739998581121,2,BKL
IL_2867550,4,MEL,MEL,4.8222561304100964e-05,0.23561355035658949,0.07034049319190672,0.0001207845507451566,0.4754456654191017,0.21754693239927292,0.0007015014449791579,0.00018282402831459876,4,MEL
IL_2868524,1,BCC,BCC,0.0006010828947182745,0.19719462096691132,0.5262990444898605,8.785917555087508e-05,0.00022840607363150411,0.2754722088575363,0.00010473225808027564,1.1990147072538093e-05,2,BKL
IL_2868879,6,SCC,SCCKA,0.01728657679632306,0.0017240766901522875,0.3517080190067645,0.004356525867478922,0.09109410400196793,0.01947380546698696,0.5129329171031713,0.001423961990440148,6,SCC
IL_2869334,2,BKL,BKL,0.006374284857884049,0.15205311437603086,0.2989775165915489,0.011001036036759615,0.021355945384129882,0.2545881613914389,0.2551278150640428,0.0005221823421379668,2,BKL
IL_2870960,5,NV,NV,0.0009299757348344428,0.0005393310420913622,0.022386574186384678,0.0013987614220241085,0.0073980995584861375,0.8067305088043213,0.00013752493759966455,0.16047928482294083,5,NV
IL_2875724,1,BCC,BCC,0.0015699355280958116,0.19543715845793486,0.010085895541124046,0.06959669711068273,0.053029683767817914,0.4860837161540985,0.18407176597975194,0.00012510409760579932,5,NV
IL_2875964,1,BCC,BCC,0.07911997236078605,0.0353651444602292,0.6847690641880035,0.012784637292497791,0.07606512308120728,0.05931383837014437,0.03235595153819304,0.020226211650879122,2,BKL
IL_2879625,0,AK,AKIEC,0.04278561734827235,0.0038667319458909333,0.0122886837743863,0.000875833565260109,0.02012461603862903,0.0044776756687952,0.9155018627643585,7.902414717264605e-05,6,SCC
IL_2880261,1,BCC,BCC,0.26913640229031444,0.5070673008449376,0.003998690692242235,1.2823732927991216e-05,0.06563772566899218,0.15403908515577314,4.107398035557708e-05,6.685178621723686e-05,1,BCC
IL_2881037,1,BCC,BCC,0.06899513490498066,0.43758175522089005,0.3679482106817886,9.984608323065913e-05,0.012863664895121474,0.015968126470397692,0.09642274118959904,0.00012047326481479104,1,BCC
IL_2885420,4,MEL,MEL,0.11485603637993336,4.2301044061332504e-05,0.5025105057284236,1.1690385690599214e-05,0.38023175578564405,0.001485577755374834,0.0008313198632095009,3.07855134451529e-05,2,BKL
IL_2888041,0,AK,AKIEC,0.04848325907369144,7.09078594809398e-05,0.13964955421397462,7.819408097020641e-06,0.4557981793768704,0.3556688021199079,0.0003193744778400287,2.1108608621034364e-06,4,MEL
IL_2888238,1,BCC,BCC,0.0375912906602025,0.47620527260005474,0.28262928884942085,0.011010906906449236,0.01955508068203926,0.14560126140713692,0.022918515605852008,0.004488399034016766,1,BCC
IL_2889999,2,BKL,BKL,0.033913291059434414,0.09375398045267502,0.7706605792045593,0.001255980875782825,0.02742071182001382,0.07022461341693997,0.0022917634050827473,0.0004791103259975671,2,BKL
IL_2894575,0,AK,AKIEC,0.12559539824724197,0.17764962278306484,0.5146831572055817,0.0021657288089045323,0.01392849045805633,0.023752628825604916,0.13717503286898136,0.005049948609666899,2,BKL
IL_2895594,7,VASC,VASC,0.0008560128660208832,0.003421875899675797,4.94628263840724e-05,0.0008093520118144237,0.0009051924862433225,0.0036843483985649073,0.00034577909085420355,0.9899279773235321,7,VASC
IL_2897531,1,BCC,BCC,0.0002931880735559389,0.49778367919498123,0.4950347082922235,6.893250292705488e-05,0.00010862556928259437,0.006661180697847158,4.0711079236643855e-05,8.945957574724162e-06,1,BCC
IL_2899704,1,BCC,BCC,0.18039770796895027,0.1262030452489853,0.29698555916547775,0.042956211254931986,0.006895757745951414,0.11246153432875872,0.2158266003971221,0.018273620335094165,2,BKL
IL_2900528,1,BCC,BCC,0.0053984133828635095,0.1615622264216654,0.5488652437925339,0.0012963450280949473,0.0014458040241152048,0.09813084080815315,0.1826876075938344,0.0006135217699920759,2,BKL
IL_2902752,1,BCC,BCC,0.01952967883516976,0.015946062398143113,0.18447383225429803,0.00034358579432591796,0.04798460470101418,0.2334543149008823,0.4981497105327435,0.00011820315848254381,6,SCC
IL_2908166,2,BKL,BKL,0.0002538481458032038,0.4641799474484287,0.5303765945136547,7.768827643417353e-07,6.95179605827434e-05,0.005116683896631002,1.3930679756413156e-06,1.218270313074754e-06,2,BKL
IL_2915335,6,SCC,SCCKA,0.012215484181069769,0.15847264724288834,0.014035904547199607,0.00026346192134951707,0.4191879238933325,0.38736122101545334,0.0065161956154042855,0.0019471381237963215,4,MEL
IL_2918180,1,BCC,BCC,0.014334768534354225,0.5562940202653408,0.3399906033882871,0.025556366578712186,0.002404853603366064,0.0548103362089023,0.004122657599509694,0.0024864093837777546,1,BCC
IL_2918897,1,BCC,BCC,0.0005603522149613127,0.45166873237030813,0.5022359862923622,0.0030573465046472847,0.0049487934447824955,0.03178017865866423,0.0030780187662458047,0.0026706878834374947,2,BKL
IL_2921214,2,BKL,BKL,0.0007071996955403392,0.47526296739383156,0.47915766830556095,6.098011681388016e-05,0.01324320153798908,0.030885673128068447,0.0006462481711366763,3.615594513917131e-05,2,BKL
IL_2922462,1,BCC,BCC,0.022500149381812662,0.46741189644671977,0.39508151169866323,0.001405471826728899,0.060827388922916725,0.03207560605369508,0.020337927155196667,0.0003600867057684809,1,BCC
IL_2925087,0,AK,AKIEC,0.010958011991760941,0.05866136775284758,0.11558125631927396,0.015597747898723924,0.14410725323261886,0.09234066749957037,0.5497995838522911,0.012954079913600092,6,SCC
IL_2926353,1,BCC,BCC,0.006610167576582171,0.5299316514283419,0.21804962470196187,5.127417210815111e-07,0.0007018615954166307,0.24467353278305382,2.778622865662328e-05,4.803631100003258e-06,1,BCC
IL_2929786,6,SCC,SCCKA,0.002682159174582921,0.19323943555355072,0.02735412446781993,0.00048174941184697673,0.17086243256926537,0.012747296132147312,0.5925496220588684,8.318618529301602e-05,6,SCC
IL_2935658,5,NV,NV,0.001239254343090579,0.05846666835688552,0.4817180037498474,0.0012223717594679329,0.008044740301556885,0.44799044728279114,0.000780274800490588,0.0005382525050663389,2,BKL
IL_2943646,1,BCC,BCC,0.0005601734446827322,0.010607976466417313,0.4833055483177304,0.008344562607817352,0.0006178176154207904,0.4927034415304661,0.003672132210340351,0.00018833035210263915,5,NV
IL_2951837,5,NV,NV,7.94319618080408e-07,2.1926979265174396e-05,0.0013177078508306295,8.430185062024975e-06,0.0643770557071548,0.9342643320560455,2.5518273787383805e-06,7.1856049999041716e-06,5,NV
IL_2955250,1,BCC,BCC,0.00020198228230583481,0.72922483086586,0.10509787862247322,0.0014446813035675632,0.0031538326875306666,0.0014642177848145366,0.15932488394901156,8.766769337853475e-05,1,BCC
IL_2956411,4,MEL,MEL,2.5009691739796835e-06,2.3601686052643345e-05,0.003051501582376659,5.077388777863234e-06,0.20635703578591347,0.7905073761940002,9.057889428731869e-06,4.387662102089962e-05,5,NV
IL_2958247,1,BCC,BCC,0.17668776051141322,0.46930306660942733,0.29192037880420685,0.00011835989425890148,0.004449130268767476,0.00640393840149045,0.05069697042927146,0.00042042667337227613,1,BCC
IL_2958818,1,BCC,BCC,2.5328452807116264e-05,0.5071430029347539,0.07086177164819674,0.1694224954553647,0.007034178270259872,0.24522057798094465,0.00022929426995688118,6.340822238826149e-05,1,BCC
IL_2962175,7,VASC,VASC,4.9037998205004804e-05,0.0006363663495498884,5.0840139150354346e-05,0.004525300494580609,0.009529464964202816,0.06258304874175735,9.611257341682333e-06,0.9226163923740387,7,VASC
IL_2962292,1,BCC,BCC,0.16333762979411404,0.5898040533065796,0.010392838012194261,0.0002852731522580143,0.1485621152969543,0.02537419064901769,0.06204867921769619,0.00019521122430887772,1,BCC
IL_2965012,1,BCC,BCC,0.012533733555102344,0.5025312341749668,0.46570243254535626,0.00037653133180981513,0.001417011521027689,0.015431440522661433,0.0019113061870079662,9.634808151304242e-05,1,BCC
IL_2968556,0,AK,AKIEC,0.3166105598793365,0.1645430587232113,0.12559352163225412,0.0001990730404486385,0.3204634892754257,0.05073285847902298,0.021836241794517264,2.11671142551495e-05,4,MEL
IL_2972185,4,MEL,MEL,0.00013779065193375573,0.23382821306586266,0.030350944958627224,0.006639193219598383,0.5829683542251587,0.1341250166296959,0.007982904200616758,0.003967642784118652,4,MEL
IL_2972569,3,DF,DF,0.002282551722601056,0.009931348846293986,0.17186763847712427,0.4656394924968481,0.028011231101118028,0.29732896387577057,0.019528804579749703,0.005410021141869947,3,DF
IL_2974900,1,BCC,BCC,0.037203397769189905,0.1754267681390047,0.24926118226721883,0.0002099552730214782,0.0005385046388255432,0.06388473966217134,0.47297608078224584,0.0004993932716388372,6,SCC
IL_2980838,2,BKL,BKL,0.0003494226230031927,0.006216878304257989,0.5138540342450142,2.7539956136024557e-05,0.0013410239334916696,0.4771410091780126,0.0010587201977614313,1.1448276381997857e-05,2,BKL
IL_2982870,1,BCC,BCC,0.4407200322020799,0.03792144451290369,0.00320427177939564,7.680145608901512e-05,0.006171526270918548,0.03229319983620371,0.47959495559189236,1.779865147000237e-05,6,SCC
IL_2983051,1,BCC,BCC,0.0010031018464360386,0.367806538939476,0.24534158688038588,0.3087372114532627,0.010733044822700322,0.048028988763689995,0.005990675650537014,0.0123588175047189,1,BCC
IL_2983188,1,BCC,BCC,0.0012555631539044043,0.5000126662453113,0.3621774260257098,0.0003610151681172624,0.0006238552089570248,0.13513935687296907,0.00027305092737606174,0.00015714435876734711,1,BCC
IL_2986546,1,BCC,BCC,2.576109727669973e-05,0.2730730166658759,0.5070014074444771,0.00013607287382910727,0.004078682781255338,0.21235709637403488,0.0032593081414233893,6.863069199880556e-05,2,BKL
IL_2987017,1,BCC,BCC,0.0737028585281223,0.40321510285139084,0.1685674546752125,0.002413491136394441,0.10078030079603195,0.07132401294074953,0.1758047230541706,0.004192076448816806,1,BCC
IL_2988489,1,BCC,BCC,0.1473225113004446,0.21677897777408361,0.22353517822921276,0.08068894408643246,0.051500179804861546,0.2307003028690815,0.03108680702280253,0.018387097166851163,5,NV
IL_2988717,2,BKL,BKL,0.04516135714948177,0.4829391539096832,0.16655819490551949,0.09259712902576211,0.00414097976499761,0.06076006405055523,0.14636840093589853,0.0014747207447882715,1,BCC
IL_2989326,4,MEL,MEL,0.00012460095786082093,0.1382621497323271,0.08595054596662521,0.13494033180177212,0.0695915233809501,0.24916301318444312,0.32191833667457104,4.9494112317916006e-05,6,SCC
IL_2991025,1,BCC,BCC,0.0005255549403955229,0.37014788296073675,0.5579231455922127,0.002993020199937746,0.0023288879601750523,0.05675793089903891,0.009156973857898265,0.00016658514869050123,2,BKL
IL_2992485,0,AK,AKIEC,0.009352376764582004,0.4964104099199176,0.3858544068534684,0.000348143610722218,0.05592638038797304,0.04093118921809946,0.010944569949060678,0.00023248309074119788,1,BCC
IL_2994581,1,BCC,BCC,0.052544946782290936,0.35680314525961876,0.06831459887325764,0.053342368453741074,0.004422102298121899,0.3821215517818928,0.04401237834827043,0.03843893902376294,5,NV
IL_2995561,1,BCC,BCC,0.27940070629119873,0.675426185131073,0.004887018236331642,0.0003514553391141817,0.001982192392461002,0.00568818819738226,0.031624638475477695,0.000639650046650786,1,BCC
IL_2996950,6,SCC,SCCKA,0.9980511963367462,1.1458713387035857e-05,0.0005673921625657385,1.6888911932078088e-05,0.00010985152832176936,0.00025802125969676126,0.0009787221206352115,6.453817902762893e-06,0,AK
IL_2998977,1,BCC,BCC,0.0003059834780287929,0.957718700170517,0.03928264684509486,2.0585437070508306e-06,0.00029443130779327475,0.0010530346753512276,0.0013417891168501228,1.2875048298610636e-06,1,BCC
IL_3003587,4,MEL,MEL,4.0292468838742934e-05,0.0010246129531878978,0.34435694344392687,0.0014834369430900551,0.3124815234914422,0.33877065777778625,0.00020453730940062087,0.0016379722219426185,2,BKL
IL_3006053,4,MEL,MEL,3.559973447408993e-05,0.0007157462550821947,0.03865818935446441,0.0002058687459793873,0.3396475551126059,0.6204673945903778,7.460464257746935e-05,0.00019498880647006445,5,NV
IL_3007295,1,BCC,BCC,0.04116647643968463,0.2978122763161082,0.21315003838390112,0.0003308491227471677,0.22429472731528222,0.027729120454750955,0.1953173934307415,0.00019915936024972325,1,BCC
IL_3009838,2,BKL,BKL,2.7940922109337407e-06,4.000230381606684e-06,0.9204974174499512,1.0607387412875369e-07,0.01621489649932073,0.06328068021684885,3.930150516140429e-08,4.178729007264792e-08,2,BKL
IL_3013731,0,AK,AKIEC,0.00013063439837424085,0.0013715999684791313,0.49635911301993474,1.1347560842978055e-05,0.001050317266106049,0.0025719566078805656,0.4985046259628234,3.960481880227462e-07,6,SCC
IL_3017961,1,BCC,BCC,0.41018468380207196,0.5181622337549925,0.05084037368942518,4.320836003657291e-06,0.0013274231596369646,0.01941469489429437,5.267640881356783e-05,1.3625187875732081e-05,1,BCC
IL_3019343,1,BCC,BCC,0.010150439764402108,0.27170904679223895,0.22383538726717234,8.380217786907451e-05,0.05223052157089114,0.4251241832971573,0.016610738872486763,0.0002559109780122526,5,NV
IL_3020012,4,MEL,MEL,0.0004298899111176979,0.004983726652426412,0.0001607616650289856,0.06595434658811428,0.203649193077581,0.22226969432085752,0.00012805493770429166,0.5024243842344731,7,VASC
IL_3020505,1,BCC,BCC,0.010650636861100793,0.4842549779568799,0.09099008794873953,0.0013208312229835428,0.026197462808340788,0.38099008379504085,0.005052857915870845,0.000542979041711078,1,BCC
IL_3023010,4,MEL,MEL,0.00013231770981292357,0.11644287702984002,0.11391694819758413,6.614771754698268e-05,0.6025981903076172,0.16676309873218997,1.2297392913751537e-05,6.814912558184005e-05,4,MEL
IL_3026387,1,BCC,BCC,0.017423557583242655,0.3245967132970691,0.5047411005944014,0.001680987887084484,0.005222142324782908,0.002354487660340965,0.141040142334532,0.0029408599075395614,2,BKL
IL_3032174,3,DF,DF,0.00026589194385451265,7.983788236742839e-05,0.47045810718555003,0.5026562898419797,0.0034737974783638492,0.018647221819264814,0.0044139593874206184,4.83074808244055e-06,3,DF
IL_3034019,1,BCC,BCC,0.00131726549443556,0.08346562210499542,0.6709678620100021,0.0023070816750987433,0.00310513204021845,0.0637329500168562,0.17501162958797067,9.243754902854562e-05,2,BKL
IL_3035506,5,NV,NV,1.3002708172393795e-06,1.3750669779710734e-05,0.1663088359637186,9.981109315049252e-06,0.0711000356823206,0.7625614404678345,5.26530143929449e-07,4.134714004067064e-06,5,NV
IL_3037585,1,BCC,BCC,0.030666594706417527,0.4945362223079428,0.36409130797255784,0.0009707343124318868,0.02228956345061306,0.0791938126203604,0.007839573547244072,0.0004121936326555442,1,BCC
IL_3038127,1,BCC,BCC,0.0004680732513406838,0.2957606865093112,0.389044389128685,0.00010892813224927522,0.04413376562297344,0.2677686749957502,0.0021877209646845586,0.0005277536256471649,2,BKL
IL_3039363,1,BCC,BCC,0.009311338333645836,0.12135106953792274,0.8262439668178558,0.00011842622177482554,0.024635181296616793,0.016862228978425264,0.0013412372209131718,0.00013656826104124775,2,BKL
IL_3044771,1,BCC,BCC,0.03081361269971694,0.20880258828401566,0.43126660608686507,0.03376490507486096,0.003012076012964826,0.010487576480954885,0.05438295563834572,0.22746969544186868,2,BKL
IL_3044887,5,NV,NV,0.0011126755429131663,0.00047426434230146697,0.00569887668825686,0.002153527804694022,0.21603232994675636,0.7707838118076324,0.0011296233301436587,0.0026148887554882094,5,NV
IL_3046914,1,BCC,BCC,0.00022594213078264147,0.498058412456885,0.3001560706179589,0.0005960211128694937,0.00014244082922232337,0.20057769515551627,0.00023347426031250507,9.97411621028732e-06,1,BCC
IL_3048168,1,BCC,BCC,0.02489710063673556,0.35574031714349985,0.42203118465840816,0.0017431716332794167,0.014868667494738474,0.0398165755905211,0.14040019549429417,0.0005027402457926655,2,BKL
IL_3052148,1,BCC,BCC,0.4950212324038148,0.005837921242346056,0.13170295639429241,1.520498997820141e-06,0.02688842487987131,0.34030207439082005,0.0002037577269220492,4.2058371946041007e-05,0,AK
IL_3052885,2,BKL,BKL,0.025366881163790822,0.46668747067451477,0.23979066126048565,0.00027916972612729296,0.1115092197433114,0.15025052893906832,0.005958470399491489,0.00015755018648633268,1,BCC
IL_3057922,1,BCC,BCC,0.00781394843943417,0.23843616992235184,0.4041554145514965,0.0026290672249160707,0.012165751308202744,0.010053111938759685,0.32380357664078474,0.0009429338970221579,2,BKL
IL_3058425,4,MEL,MEL,0.0006419047495000996,0.00042384482981105975,0.07823476567864418,0.00020003180816274835,0.4278242802247405,0.4924143925309181,0.0001519663965154905,0.0001088222943508299,5,NV
IL_3060691,1,BCC,BCC,0.023867892799898982,0.6685145795345306,0.11259066127240658,0.0015112163091544062,0.0024292499729199335,0.1268551624380052,0.06281568889971823,0.0014154869786580093,1,BCC
IL_3060929,5,NV,NV,0.009417405914064148,0.003763485321542248,0.016182853374630213,0.010701921230065636,0.02558235637843609,0.9305408000946045,0.0006630669740843587,0.003148179268464446,5,NV
IL_3061699,4,MEL,MEL,6.746137842128519e-06,3.0025839350855676e-05,0.49344726116396487,7.674241714994423e-05,0.4515221744950395,0.05489985551685095,1.022964192998188e-05,6.954006892101461e-06,2,BKL
IL_3065098,1,BCC,BCC,0.0007017948460088519,0.4994811654132718,0.4602283688727766,5.339772003054577e-05,0.006569626124814931,0.0329262352315709,3.393826864339644e-05,5.578516294235669e-06,1,BCC
IL_3065371,1,BCC,BCC,0.032614292576909065,0.019191906008927617,0.7604259550571442,3.636636847659247e-05,0.051060430763754994,0.11761419684626162,0.019034327261579165,2.2561339392268565e-05,2,BKL
IL_3065400,4,MEL,MEL,7.793442637193948e-05,5.727073357775225e-05,0.0761383100762032,0.001057826477335766,0.5522862896323204,0.36986183747649193,0.00021407630265457556,0.0003064298362005502,4,MEL
IL_3065625,5,NV,NV,0.0030518386920448393,0.36971905268728733,0.4155628252774477,0.0009811416239244863,0.0005313140136422589,0.20370414853096008,0.006043666391633451,0.0004060235478391405,2,BKL
IL_3067885,7,VASC,VASC,0.0005267354501383714,0.00017940826364792883,0.0008871164810244636,4.949641740026323e-06,0.0006078462397454132,0.4978799057298602,3.9792179284958706e-07,0.499913626081252,7,VASC
IL_3069196,1,BCC,BCC,0.014942491543479264,0.8469902873039246,0.06693465186981484,0.0005633354994643014,0.007824844538845355,0.018201289836724754,0.01118951418902725,0.033353570188808135,1,BCC
IL_3069330,1,BCC,BCC,0.010229268271359615,0.46890102711040527,0.382859930745326,0.0004955214462825097,0.01132492977194488,0.12149599101394415,0.004237928360453225,0.00045538209451478906,1,BCC
IL_3069610,1,BCC,BCC,0.008074931683950126,0.5170632936060429,0.28274805936962366,0.0002617623013065895,0.002571215611169464,0.18823977187275887,0.0003983047790825367,0.0006426946783903986,1,BCC
IL_3070568,1,BCC,BCC,0.0067352111436775886,0.7520712614059448,0.03010027762502432,0.055919654143508524,0.004756416426971555,0.02956034243106842,0.12065848661586642,0.0001983929582820565,1,BCC
IL_3070749,1,BCC,BCC,0.0013185540738049895,0.9734147191047668,0.0022765914909541607,0.006392328767105937,0.0005508180474862456,0.009700070717372,0.006279724999330938,6.718045733578037e-05,1,BCC
IL_3077425,5,NV,NV,2.9713086064475647e-05,0.0032676257126809105,0.00014586281395168044,2.2132227854854136e-06,0.05962498110284287,0.9369036257266998,5.142607491848139e-06,2.087477071199828e-05,5,NV
IL_3082465,2,BKL,BKL,1.2730126659477037e-06,1.310001053966836e-06,0.9855577349662781,4.919558434429705e-06,0.0004385097582826347,0.013995524277561344,2.419382502255596e-07,5.544726102701958e-07,2,BKL
IL_3082764,5,NV,NV,1.278215000866112e-05,4.7077804538275814e-05,0.06273534323554486,2.0454498553590383e-05,0.0763612745795399,0.8607509136199951,6.243123152671615e-06,6.589090480701998e-05,5,NV
IL_3085250,5,NV,NV,0.0012321160444273005,5.36926272616256e-05,0.7779116034507751,0.002248869159014788,0.03533810673980042,0.18133564293384552,0.0003844722253063537,0.001495494553125809,2,BKL
IL_3087149,2,BKL,BKL,0.0037556439638137817,0.15254325757268816,0.5119882524013519,0.006446411338401958,0.02449273271486163,0.07837553322315216,0.07685507499263622,0.14554305946512613,2,BKL
IL_3087558,1,BCC,BCC,0.006518704716654611,0.4784730654209852,0.18053546431474388,3.6180392271489836e-05,0.03226792742498219,0.30209420155733824,2.5199083211191464e-05,4.926627480017487e-05,1,BCC
IL_3088374,4,MEL,MEL,2.678453654425539e-07,3.898947709402023e-05,0.0007005473389654071,2.990526263602078e-05,0.10602534480858594,0.893182247877121,4.109640343585852e-07,2.22696717173676e-05,5,NV
IL_3089993,2,BKL,BKL,0.011814687626610976,0.15412535263749305,0.2535861690994352,0.0022712958743795753,0.052069029421545565,0.023285251467314083,0.502321407198906,0.0005268547716354988,6,SCC
IL_3092019,1,BCC,BCC,0.000281356304185465,0.3467466145630169,0.15656223241239786,0.001714717953291256,0.005576099501922727,0.35242172237485647,0.13629586289698636,0.000401388615500764,5,NV
IL_3096857,1,BCC,BCC,0.005011806417314801,0.49223631763015874,0.466939170146361,0.0017429656581953168,0.006114790332503617,0.023237446672283113,0.0043661188101395965,0.00035142975684721023,1,BCC
IL_3098678,1,BCC,BCC,0.04134049406275153,0.03629511781036854,0.4745942950248718,8.949202310759574e-05,0.08856147900223732,0.3003941476345062,0.0586064057376916,0.0001185439668915933,2,BKL
IL_3099616,1,BCC,BCC,0.1843201455194503,0.30482999235391617,0.2729874588549137,0.005750413169153035,0.007861476100515574,0.06847739731892943,0.14315836288733408,0.01261465554125607,1,BCC
IL_3102698,6,SCC,SCCKA,0.4846087559494663,0.0004909777837838192,0.00025147788710455643,7.92975959029718e-06,0.013025988527260779,0.0005873727662901729,0.5010144439293072,1.3011599726775458e-05,6,SCC
IL_3102768,1,BCC,BCC,0.3532832881974173,0.04133541246119421,0.5211561378091574,8.026811792660737e-05,0.0011794666716014035,0.08256429922766984,0.00037700416578445584,2.4124954506987706e-05,2,BKL
IL_3104013,1,BCC,BCC,0.0002999838652613107,0.598947286605835,0.33805758878588676,0.0002223764456630306,0.021175129630137235,0.03291194629855454,0.00044211703061591834,0.00794360105578562,1,BCC
IL_3104790,1,BCC,BCC,0.015742067989776842,0.5264148339629173,0.2559350037481636,0.015229932876536623,0.0542940644081682,0.08877577344537713,0.0426575418387074,0.0009507495801699406,1,BCC
IL_3115470,6,SCC,SCCKA,0.004483667784370482,0.14813977060839534,0.11934808362275362,0.015013875905424356,0.18041324988007545,0.02879619743907824,0.5029955059289932,0.0008096217788988724,6,SCC
IL_3117847,5,NV,NV,3.855541535813245e-06,0.00018043831403247168,0.00011514242032717448,3.388390689451626e-05,0.0001488642278673069,0.9994408786296844,3.9420584414529e-06,7.29934931769094e-05,5,NV
IL_3122481,1,BCC,BCC,1.6113592209876515e-05,0.5498746745288372,0.039954668121936265,1.235225363416248e-05,0.14726210760136382,0.23019827612097288,0.00012565372162498534,0.03255611049266349,1,BCC
IL_3124756,7,VASC,VASC,0.0001833301648730412,0.00011493945021356922,0.013773931830655783,4.7233334043994546e-05,0.11234661331400275,0.4865944783668965,2.9701851644858834e-06,0.3869364732527174,5,NV
IL_3133685,2,BKL,BKL,0.0901769355405122,0.10937655965972226,0.40959594026207924,9.172336513074697e-05,0.34586437325924635,0.04235583171248436,0.0024444021328235976,9.417210821993649e-05,2,BKL
IL_3134757,1,BCC,BCC,0.033673135563731194,0.2454892098903656,0.30566100077703595,0.04523080005310476,0.013377660128753632,0.06951640236366075,0.2860018480569124,0.0010499682102818042,2,BKL
IL_3137166,0,AK,AKIEC,0.02885499130934477,0.002599032362923026,0.15232230658875778,7.863846423372678e-06,0.02946732845157385,0.517617316916585,0.26906793770959325,6.325444621779752e-05,5,NV
IL_3138805,6,SCC,SCCKA,0.36556920409202576,0.00807281187735498,0.5203411877155304,0.0026373081091151107,0.001168892726127524,0.01101565663702786,0.0891833696514368,0.0020115784891459043,2,BKL
IL_3141578,5,NV,NV,0.00042393467083456926,0.0006198582013894338,0.631607323884964,8.333916321134893e-05,0.028696058434434235,0.338144987821579,0.00019611568882282882,0.00022839056782686384,2,BKL
IL_3143674,1,BCC,BCC,0.03186745138373226,0.4585961978718842,0.4363486710935831,0.00045265615403877746,0.040462054254021496,0.03172576567158103,0.0005309877899435378,1.6183047364393133e-05,1,BCC
IL_3144170,5,NV,NV,0.0003668640822525049,0.01730051567182045,0.0413309670984745,0.002254143934806052,0.030563400126993656,0.8006976544857025,7.328490428903933e-05,0.10741318893269636,5,NV
IL_3146700,1,BCC,BCC,0.0008171960653271526,0.49287690842174925,0.48667798726819456,0.0010485710445209406,0.006203171540619223,0.008926378330215812,0.002288983960170299,0.0011607856959017226,1,BCC
IL_3146930,1,BCC,BCC,0.2747814357280731,0.2607287922874093,0.059363280422985554,0.0014002366515342146,0.09493035660125315,0.07093663373962045,0.23563455394469202,0.002224716721684672,0,AK
IL_3147043,4,MEL,MEL,0.0028828486683778465,0.13633885979652405,0.2946234159171581,0.0627203704866588,0.05176336690783501,0.3981093540787697,0.04613417419932375,0.007427579257637262,5,NV
IL_3148585,2,BKL,BKL,0.0007868070861150045,9.168695959260731e-05,0.5731012672185898,3.299578177973217e-05,0.0015806018782313913,0.4243478993885219,5.555365201814766e-05,3.1602310457401472e-06,2,BKL
IL_3148978,1,BCC,BCC,0.10222926549613476,0.5343354195356369,0.21665608510375023,0.006677842000499368,0.000741057054256089,0.12870875000953674,0.008578064851462841,0.002073518233373761,1,BCC
IL_3150331,1,BCC,BCC,0.005069485050626099,0.2835297076962888,0.2678021490573883,0.00012386438947942224,0.323504401370883,0.10536457737907767,0.014559577852196526,4.625560063686862e-05,4,MEL
IL_3151358,2,BKL,BKL,0.0003587406281440053,0.1165754630601441,0.8664511144161224,0.0004382853376228013,0.0005086769742774777,0.013940926699433476,0.001705160531855654,2.1562158828203337e-05,2,BKL
IL_3151519,4,MEL,MEL,2.3134816728997976e-06,2.6172345997110824e-06,0.46916613727808,9.065605013347522e-07,0.5187694132328033,0.012048453092575073,2.895710892403258e-06,7.2153057999457815e-06,4,MEL
IL_3154103,5,NV,NV,0.00016141806190717034,4.471575800835126e-05,0.007245647953823209,0.00011266953981703409,0.04887502361088991,0.9428680539131165,2.828687880196412e-05,0.0006641556519753067,5,NV
IL_3154330,6,SCC,SCCKA,0.014803158526774496,0.0007886405801400542,0.3314397888025269,0.0011693421092786593,0.09415127869760909,0.05767434815334127,0.4999090707860887,6.428328470065026e-05,6,SCC
IL_3154497,1,BCC,BCC,0.00014983409892010968,0.9609184265136719,0.0033642972848610952,0.00026645320701845776,0.0018449401686666533,0.0312691971712411,0.0021749481529695913,1.1864619921198027e-05,1,BCC
IL_3154586,1,BCC,BCC,0.0029867971898056567,0.9849256873130798,0.009635422844439745,2.105296107401955e-05,0.0002652377488630009,0.0012522829201770946,0.0008853964172885753,2.8219068838097883e-05,1,BCC
IL_3154962,4,MEL,MEL,0.004970001529727597,0.0009366974700242281,0.3023648374946788,0.001102403268305352,0.12278599827550352,0.06748136354144663,0.5002694125287235,8.933430865454284e-05,6,SCC
IL_3156059,4,MEL,MEL,0.00044563589835888706,0.0001481356466683792,0.06781095266342163,7.80889458837919e-05,0.7445617616176605,0.18670411966741085,0.00013400416901276913,0.00011730655023711734,4,MEL
IL_3156209,1,BCC,BCC,0.00011170943253091536,0.921252429485321,0.07443458214402199,6.1387731875584e-07,4.309630821808241e-05,0.003971418249420822,0.00015375644045434456,3.241931608499726e-05,1,BCC
IL_3157570,1,BCC,BCC,0.005174380181415472,0.49772557336837053,0.291590886816266,9.834552429310861e-06,0.0003652188524938538,0.2050426579080522,8.462566347589018e-05,6.7986575231770985e-06,1,BCC
IL_3157584,4,MEL,MEL,0.00047209771582856774,0.1243227906525135,0.03452477278187871,0.0021046384354121983,0.3621771496254951,0.04470437130657956,0.4313010089099407,0.0003931992905563675,6,SCC
IL_3160431,5,NV,NV,0.006987475309870206,0.10554040223360062,0.09795873853727244,0.00040565615927334875,0.0044183554127812386,0.7596170604228973,0.00016347537166438997,0.024908788371249102,5,NV
IL_3161525,1,BCC,BCC,0.0019092101138085127,0.9474088251590729,0.012163689825683832,0.0005647532234434038,0.0023238227295223624,0.010942652748781256,0.02464986071572639,3.714548051902966e-05,1,BCC
IL_3162928,5,NV,NV,4.3427262141904066e-07,6.389942868167964e-06,0.00038886446418473497,7.12850578565849e-06,0.0020891947206109762,0.9974631369113922,2.271065341119538e-06,4.261652452441922e-05,5,NV
IL_3165237,1,BCC,BCC,0.007561827897006879,0.4974453169852495,0.0900501740979962,0.05289812917544623,0.26905578039077227,0.03628892917186022,0.04610075801610947,0.0005990506906528026,1,BCC
IL_3170694,6,SCC,SCCKA,0.07388188189361244,0.01685592986177653,0.35918283089995384,0.00315763580147177,0.03247157111763954,0.47701815236359835,0.037171897769439965,0.0002600712832645513,5,NV
IL_3172829,2,BKL,BKL,0.005686172613422968,3.2934364753600676e-05,0.987033486366272,7.25213038919037e-05,7.629478022863623e-05,0.007022597706964007,7.579384327982552e-05,1.6254817936101063e-07,2,BKL
IL_3176703,1,BCC,BCC,0.01029309630393982,0.33926624059677124,0.2722950205206871,0.007947166566736996,0.053436923772096634,0.13447542488574982,0.17991333547979593,0.0023727864245302044,1,BCC
IL_3179452,2,BKL,BKL,0.0802499707788229,0.20096524246037006,0.6870274543762207,0.00010259990085614845,0.025492703134659678,0.0035364400828257203,0.0026077042402903317,1.792628563634935e-05,2,BKL
IL_3180618,3,DF,DF,4.407784123472425e-06,0.003011194072428225,0.00043326053355485783,0.6063520163297653,0.3671354547990404,0.023000452946916994,1.1611780731612953e-05,5.1569356209313355e-05,3,DF
IL_3181728,0,AK,AKIEC,0.002860378590412438,0.49916871124878526,0.45856136310612783,0.00013378016592469066,0.0048541201872467354,0.03130118690296513,0.0029302637558430433,0.0001901829563166757,1,BCC
IL_3183232,1,BCC,BCC,0.0013230043432486127,0.09476088674273342,0.0004890468017038074,0.0012421088777045952,0.017020513841998763,0.014497901589493267,0.0026638459428340866,0.8680026531219482,7,VASC
IL_3186878,5,NV,NV,5.5497747780464124e-05,0.47886991361156106,0.4505343111231923,0.0004129665735774779,0.008067073998972774,0.06200604327023029,4.433726098795887e-05,9.928844519890845e-06,1,BCC
IL_3196710,1,BCC,BCC,0.008586868207203224,0.5056443056091666,0.04816235089674592,0.38999859063187614,0.006827175049693324,0.027689049253240228,0.01298758905613795,0.00010402236512163654,1,BCC
IL_3199260,2,BKL,BKL,0.0012255400069989264,0.006500928953755647,0.6351731568574905,0.00027049966956838034,0.00014076605657464825,0.3562317341566086,0.00044384632201399654,1.3538873758989212e-05,2,BKL
IL_3201374,1,BCC,BCC,0.01831792527809739,0.8519512712955475,0.12627634721866343,3.7313398024707567e-06,0.0006585470609934418,0.002588509876659373,0.00016111782679217868,4.26022286319494e-05,1,BCC
IL_3203349,1,BCC,BCC,0.00379739379422972,0.06287629925645888,0.32698334753513336,0.03710195072926581,0.298522524535656,0.2567761167883873,0.013308953726664186,0.00063343346118927,2,BKL
IL_3204310,4,MEL,MEL,0.00022411317854675872,3.788635785895167e-05,0.008748114109039307,0.042926953465212137,0.4973501227796078,0.448806120082736,4.9235990445595235e-05,0.0018574046205799277,4,MEL
IL_3205474,4,MEL,MEL,5.184077735975734e-06,3.447034282544337e-05,0.3132677273824811,0.00046786902817075315,0.49595453310757875,0.19025568570941687,3.097153125963814e-06,1.1398601145629073e-05,4,MEL
IL_3205547,2,BKL,BKL,0.0003415404680708889,0.5029312679544091,0.03370731137692928,0.010183662512645242,0.0767895468743518,0.3723956362809986,0.0011930166510865092,0.0024580529334343737,1,BCC
IL_3211477,1,BCC,BCC,0.0007421552436426282,0.32832708809291944,0.348793760582339,0.0003671645955449776,0.000664879844407551,0.32054804265499115,0.0005047819940955378,5.2109017360635335e-05,2,BKL
IL_3212052,5,NV,NV,0.1295237451200819,0.0020270278910174966,0.15655415412038565,0.0001667623454295608,0.043181968678254634,0.6511652767658234,0.01686196898754133,0.0005191172078866657,5,NV
IL_3214039,4,MEL,MEL,0.01513225699090981,0.00011965740816322068,0.7244478613138199,0.00021536716471359796,0.21246247881208546,0.013001447077840567,0.03457327233599017,4.7669023693686086e-05,2,BKL
IL_3216305,1,BCC,BCC,0.02823225548490882,0.07942974753677845,0.11327672936022282,0.005773771554231644,0.2794502032920718,0.47959303110837936,0.010402894724393263,0.00384133810075582,5,NV
IL_3221884,1,BCC,BCC,0.013102676763082854,0.8319810032844543,0.11810785630950704,0.00038232111273828195,0.008944982211687602,0.006781509227948845,0.02006020140106557,0.0006394434604430899,1,BCC
IL_3222317,1,BCC,BCC,1.8192186871601734e-05,0.015297651058062911,0.29058276795967686,0.0030227401439333335,0.00322416058043018,0.1911542527814163,0.4966942956089042,5.957185969407419e-06,6,SCC
IL_3224912,1,BCC,BCC,0.18458425167591486,0.6237879991531372,0.14737706817686558,0.005259409546852112,0.014510320615954697,0.014844199758954346,0.003976524021709338,0.005660191393417335,1,BCC
IL_3225155,5,NV,NV,0.00021770461353298742,0.0008474950191157404,0.26094233710318804,2.2532872208103072e-05,0.17655075155198574,0.5613721162080765,1.2559569768200163e-05,3.450689382589189e-05,5,NV
IL_3226127,1,BCC,BCC,0.04955252748914063,0.8911038935184479,0.023676117283685016,7.443993945344118e-05,0.007153198836022057,0.022281954232312273,0.001114521102863364,0.005043411569204181,1,BCC
IL_3228956,1,BCC,BCC,0.004352992604253814,0.5122785624116659,0.12117785960435867,0.00656080138287507,0.023593515594257042,0.33164290338754654,0.00024332237080670893,0.000150064799527172,1,BCC
IL_3230932,1,BCC,BCC,0.19486503209918737,0.6568064838647842,0.020437215454876423,0.0038557308434974402,0.0169637450017035,0.0049559964099898934,0.10178866423666477,0.00032715398810978513,1,BCC
IL_3231660,4,MEL,MEL,7.221431923198907e-05,1.367469877777694e-06,0.06826139564509504,1.631152395020763e-05,0.2560743484646082,0.6755555272102356,1.9040418806071102e-06,1.6894486634555506e-05,5,NV
IL_3233038,4,MEL,MEL,0.0028895919676870108,0.21427118789870292,0.08708396181464195,0.006761049851775169,0.45966722443699837,0.21777521073818207,0.010031991638243198,0.001519730343716219,4,MEL
IL_3236143,1,BCC,BCC,0.03101151346345432,0.4561245557270013,0.500819894252345,0.0019831019139928685,0.0007346264756051823,0.004069527494721115,0.005057006108472706,0.0001997458366531646,2,BKL
IL_3236486,4,MEL,MEL,0.0009452888261876069,0.016693769990524743,0.039235442149220034,0.03862911066971719,0.3046800568699837,0.4474700540304184,0.0008424052648479119,0.15150385274318978,5,NV
IL_3237666,1,BCC,BCC,0.005609855492366478,0.8553861677646637,0.12871811306104064,0.0002595341866253875,0.0014153630690998398,0.005755117977969348,0.0026012806920334697,0.0002545031420595478,1,BCC
IL_3237726,4,MEL,MEL,0.07706842798506841,0.006140019046142697,0.08744956320151687,0.0028603181708604097,0.4969084169715643,0.21125071682035923,0.11657025013118982,0.0017522741600259906,4,MEL
IL_3239005,6,SCC,SCCKA,0.04583223257213831,0.004996757837943733,0.5466127395629883,0.04212897038087249,0.004855177365243435,0.016181868501007557,0.3392680734395981,0.00012417144171195105,2,BKL
IL_3239259,0,AK,AKIEC,0.005798517959192395,0.001962969590749708,0.008575781947001815,0.006967371366044972,0.5208983346819878,0.08200883632525802,0.3731304368120618,0.000657803233480081,4,MEL
IL_3240124,2,BKL,BKL,0.001906831079395488,0.05391935212537646,0.830983430147171,0.0003413943268242292,0.003170023439452052,0.10216927155852318,0.007272488655871712,0.00023716253781458363,2,BKL
IL_3242715,1,BCC,BCC,0.00523606434398971,0.5678128078579903,0.23531510255998,0.05591338789668043,0.045952256841701455,0.06995205883868039,0.004974340437911451,0.014844000590073847,1,BCC
IL_3244016,1,BCC,BCC,0.00351209711516276,0.26086847484111786,0.21914691326674074,0.0012577290508488659,0.002806192249408923,0.14969852473586798,0.36205962020903826,0.0006504697121272329,6,SCC
IL_3245331,0,AK,AKIEC,0.03766702598659322,0.04318909567882656,0.6749414652585983,0.0005352759180823341,0.08051902783336118,0.1586376391351223,0.0022118165315987426,0.0022986197463978897,2,BKL
IL_3248471,1,BCC,BCC,0.12367129581980407,0.10201264917850494,0.44840215146541595,0.0033863930657389574,0.01632367307320237,0.18571380153298378,0.11844850610941648,0.002041516185272485,2,BKL
IL_3248533,1,BCC,BCC,0.000128296967687902,0.01148712013673503,0.6996912956237793,0.00013919730054112733,0.0005161135486559942,0.2878669669153169,0.0001492572105838974,2.1715783418585488e-05,2,BKL
IL_3249139,4,MEL,MEL,0.0012950538230143138,0.011034018592908978,0.08557882253080606,0.008354428689926863,0.07813238474773243,0.8120836615562439,0.0031855961642577313,0.00033608946250751615,5,NV
IL_3252153,7,VASC,VASC,0.00030174029810947633,0.0012398358812788501,0.0013439845423022234,0.0034660281619096622,0.013634240779310858,0.030355739990454822,3.814814734037775e-05,0.9496203660964966,7,VASC
IL_3252703,4,MEL,MEL,0.0015058956280995517,0.0029769099822942735,0.9289709031581879,0.0031015706590551417,0.01086093629419338,0.048255120404064655,0.003870881006946547,0.0004577802440621781,2,BKL
IL_3253177,5,NV,NV,0.00011753615217457991,0.00934486894402653,0.44511233270168304,9.807770402403548e-05,0.007677391171455383,0.5373390093445778,7.479056876036339e-05,0.00023600666554557392,5,NV
IL_3256681,1,BCC,BCC,0.06942068885587105,0.04741229861974716,0.3149092407147691,0.0006588280359665077,0.01677924208343029,0.07731862901709974,0.4718445634644013,0.0016565145657096991,6,SCC
IL_3256866,6,SCC,SCCKA,0.20050196736701764,0.40091048926115036,0.012356137856841087,1.9717651866812957e-05,0.00398007791955024,0.2551851327298209,0.126688361633569,0.00035817286516248714,1,BCC
IL_3257772,1,BCC,BCC,0.04006814595901176,0.06254287669435143,0.49726729071699083,0.00025869776436593384,0.0025312958750873804,0.003689610632136464,0.39356566241258406,7.64215955086911e-05,2,BKL
IL_3259984,1,BCC,BCC,0.7729684114456177,0.15007390454411507,0.05445487471297383,1.2342086023409138e-05,0.004249709178111516,0.018029445032880176,0.00017913296869664919,3.2219065730032526e-05,0,AK
IL_3260331,0,AK,AKIEC,0.3783990568117588,0.005455511747044284,0.5833600163459778,1.7245005210497766e-06,0.013332335949399976,0.019267522438894957,0.00018285311784893565,9.798676749994684e-07,2,BKL
IL_3262094,2,BKL,BKL,0.0038733520647724617,0.0012178594479337335,0.44090594339650124,0.004682214009335439,0.05506944457010832,0.06857280526310205,0.4256462421599281,3.2119918898843025e-05,2,BKL
IL_3263811,1,BCC,BCC,0.004837207379750907,0.42506828904151917,0.20044774934649467,0.001675631483522011,0.011756357736885548,0.006919373292475939,0.3455329805292422,0.0037623729731421918,1,BCC
IL_3268494,1,BCC,BCC,0.00042323305387981236,0.48724396945908666,0.5067132543772459,8.589127578062516e-07,3.7624982269335305e-05,0.00434172130189836,0.0012390715419314802,2.502678313476281e-07,2,BKL
IL_3269289,1,BCC,BCC,0.4752949903086119,0.014125705638434738,0.4764681328088045,0.0009153102737400332,0.004303153051296249,0.028803148539736867,7.99901936261449e-05,9.569065241521457e-06,2,BKL
IL_3271676,1,BCC,BCC,0.030392472632229328,0.1321759530728741,0.4945007562637329,0.00017036873032338917,0.004457957460545003,0.333142404560931,0.00498062956467038,0.00017945116996997967,2,BKL
IL_3278541,1,BCC,BCC,0.03921964392066002,0.0847385753877461,0.7841105759143829,0.004522038449067622,0.04765725531615317,0.026179910986684263,0.011101245414465666,0.0024707650300115347,2,BKL
IL_3285087,6,SCC,SCCKA,0.3904106691479683,0.17463019280694425,0.030702932737767696,0.12700977292843163,0.011696050816681236,0.017242234549485147,0.2440185397863388,0.004289605007215869,0,AK
IL_3286495,1,BCC,BCC,0.0035814908005704638,0.523689292371273,0.15897681820206344,0.01214254490332678,0.0008694140415173024,0.03486077580600977,0.2648817775771022,0.0009979267265407543,1,BCC
IL_3288060,1,BCC,BCC,2.5788687935346388e-05,0.15709660574793816,0.5416046679019928,0.0007567890352220275,0.009762869682163,0.2902805646881461,0.00041437704931013286,5.833807881572284e-05,2,BKL
IL_3288757,5,NV,NV,0.0006915363994721702,8.603507603766047e-05,0.03943731635808945,0.00010836017190740677,0.02047040162142366,0.9374339878559113,0.0001276267835805811,0.001644719791784155,5,NV
IL_3289221,0,AK,AKIEC,0.0056590011809021235,0.005488619906827807,0.49106705479789525,0.0016091835568659008,0.000804010167485103,0.006062230793759227,0.4889552236709278,0.00035470187140163034,2,BKL
IL_3290322,1,BCC,BCC,0.07645256200976291,0.6722729653120041,0.041417225351324305,2.3006932678981684e-06,1.4720326362294145e-05,0.20982547069434077,3.281153652778812e-06,1.1452651961008087e-05,1,BCC
IL_3292594,2,BKL,BKL,0.19329292979091406,4.081342672179744e-05,0.4975490402430296,0.0001967147418326931,0.2834916167339543,0.020763463573530316,0.004660909162339522,4.48110472461849e-06,2,BKL
IL_3293751,1,BCC,BCC,0.050440507704934134,0.5067202276550233,0.32903472043108195,5.464667555088454e-05,0.0081705062839319,0.10535487989000103,0.00011665275087580085,0.00010793165586164832,1,BCC
IL_3293897,1,BCC,BCC,0.0006956027282285504,0.9511567652225494,0.002763542899629101,0.0004408884124131873,0.005367361751268618,0.007869058277719887,0.03169418964534998,1.2537439033621922e-05,1,BCC
IL_3295228,5,NV,NV,1.6027514107008756e-06,4.1509653556204285e-05,0.0012765567807946354,2.74055616955593e-05,0.005739355576224625,0.9928840398788452,5.387653004618187e-06,2.4088127702270867e-05,5,NV
IL_3295356,1,BCC,BCC,0.10446100683475379,0.5125344283878803,0.3068440207862295,8.168862223101314e-05,0.00012355630497040693,0.07588221202604473,6.692927127005532e-05,6.175625685500563e-06,1,BCC
IL_3295486,5,NV,NV,1.0803835493788938e-05,0.05446391738951206,0.20036510636145977,8.481222394607357e-06,0.0023809411068214104,0.7427680790424347,1.6276889596156252e-06,1.034423576129484e-06,5,NV
IL_3295826,2,BKL,BKL,0.49550468889356125,0.0003619080252974527,0.3837646382598905,0.0002788361323950994,0.0013986561680212617,0.11200599814765155,0.0066773462676792406,7.984154834161927e-06,0,AK
IL_3296162,6,SCC,SCCKA,0.007895852080764598,0.5073968823999166,0.32432259782217443,0.0010597827589862163,0.05764207159518264,0.09007061963257001,0.011467942385934293,0.0001442328535716797,1,BCC
IL_3297767,1,BCC,BCC,0.023188507300801575,0.2882299944758415,0.298861563205719,0.005460418980874238,0.026626915632732562,0.28518762526800856,0.07232218525314238,0.0001228115704634547,2,BKL
IL_3299607,1,BCC,BCC,0.05082512320950627,0.029548778431490064,0.8844643533229828,0.005299108801409602,0.0018004548619501293,0.014885665033943951,0.012546484358608723,0.000630083231953904,2,BKL
IL_3300322,1,BCC,BCC,0.0015297697245841846,0.515698378905654,0.20047467869881075,0.0005009915447029556,1.9274149487102932e-05,0.2798154423071537,0.0019450405885663713,1.64016853858584e-05,1,BCC
IL_3301980,1,BCC,BCC,0.3742094412446022,0.46687082141579594,0.008857566339429468,0.00012086019160051364,0.0373450854094699,0.11157284076034557,0.0009827988542383537,4.0564262235420756e-05,1,BCC
IL_3303536,0,AK,AKIEC,0.21909120678901672,0.37922029380570166,0.12941376119852066,0.00012989827155251987,0.06291691734804772,0.1733207652141573,0.03560467148781754,0.00030251170392148197,1,BCC
IL_3303655,1,BCC,BCC,0.38554244581609964,0.584497407078743,0.0020662741153500974,0.0002782451374514494,0.0001203088104375638,0.014972994569689035,0.012131731593399309,0.0003905532967110048,1,BCC
IL_3305378,1,BCC,BCC,0.054163411317858845,0.44896962586790323,0.4086618907749653,0.005081741949652496,0.008932998971431516,0.042910316959023476,0.02172152760613244,0.009558536810800433,1,BCC
IL_3306844,1,BCC,BCC,0.1257727681659162,0.0730241370620206,0.6691453158855438,1.4448883476347874e-06,0.03440880947982805,0.09740242804400623,0.00024435896921204403,7.950227427500067e-07,2,BKL
IL_3307198,6,SCC,SCCKA,0.6464373171329498,0.008420645986916497,0.11314271402079612,0.0007480834174202755,0.008641429478302598,0.032591351482551545,0.18868257105350494,0.0013359456352191046,0,AK
IL_3307769,6,SCC,SCCKA,0.11409088282380253,2.449370265367179e-05,0.00020143720030318946,7.665246263499625e-06,0.005168590572566245,5.975275837499794e-05,0.8804468810558319,3.297322801465441e-07,6,SCC
IL_3307865,1,BCC,BCC,0.0045191284734755754,0.5157878957688808,0.3563636760227382,0.0007665093580726534,0.012423891865182668,0.10253903875127435,0.0062275020172819495,0.001372351369354874,1,BCC
IL_3308348,1,BCC,BCC,0.0004715131362900138,0.5008968319743872,0.021933303261903347,0.00137340778746875,0.004205659068247769,0.4708080389536917,0.0002918372156273108,1.9379979505629308e-05,1,BCC
IL_3310631,1,BCC,BCC,0.028882771730422974,0.40165095031261444,0.0993838757276535,0.03722803562413901,0.17567547399085015,0.048107581213116646,0.20869846642017365,0.00037282023549778387,1,BCC
IL_3312437,5,NV,NV,0.00032378379910369404,5.7856281273416243e-05,0.3729947516694665,0.000759372614993481,0.5154706612229347,0.0923494715243578,0.0178525467927102,0.00019160697956976946,4,MEL
IL_3312566,1,BCC,BCC,0.35926695785019547,0.026531326468102634,0.598169207572937,0.00013801839941152139,0.0008397724741371349,0.014929992612451315,8.490783147863112e-05,3.9837283111410215e-05,2,BKL
IL_3314266,2,BKL,BKL,0.09606935355986934,0.5257090367376804,0.19892696768511087,0.0005424785340437666,0.004921516636386514,0.026612539717461914,0.14697615429759026,0.0002419914490019437,1,BCC
IL_3316446,2,BKL,BKL,0.022020883280674752,0.001960862660780549,0.17864803271368146,0.0007516826444771141,0.2703222185373306,0.23501826520077884,0.29107269214000553,0.00020537086675176397,6,SCC
IL_3316669,1,BCC,BCC,8.334316771652084e-05,0.005342817512428155,0.49985936912707984,0.002040157595729397,0.019337527395691723,0.03930675575975329,0.4340147748516756,1.5271956272044918e-05,2,BKL
IL_3319164,0,AK,AKIEC,0.20230255194474012,0.02542946406174451,0.04826886931550689,0.025495008551615683,0.08080856741867137,0.015403474470076617,0.5967482626438141,0.005543755569476616,6,SCC
IL_3323231,4,MEL,MEL,4.283090971668457e-06,1.2422360669006594e-06,0.43739978956000414,8.037258339754771e-06,0.37570692542067263,0.18686870485544205,2.004539418010154e-06,9.052597384595629e-06,2,BKL
IL_3326001,1,BCC,BCC,0.07347735142684542,0.45269274339079857,0.07110521011054516,0.013029880472458899,0.00617996568325907,0.014150598552078009,0.3692816887050867,8.251952203863766e-05,1,BCC
IL_3327660,1,BCC,BCC,0.003159877145662904,0.007293863745871931,0.48260231129825115,0.00012346334915491752,0.3890124410390854,0.1164166490198113,0.0002468210077495314,0.001144574804129661,2,BKL
IL_3334554,4,MEL,MEL,0.00014929623546322546,0.0019093182381766383,0.23558489172137342,0.001013060723835224,0.332726264197845,0.42730359733104706,0.0012849128876268878,2.8621984256460564e-05,5,NV
IL_3335346,0,AK,AKIEC,0.3251950318226591,0.06889846861014348,0.49352575093507767,0.00021319189727364574,0.013080043252557516,0.09608564652444329,0.0016913587405724684,0.001310517187903315,2,BKL
IL_3339470,1,BCC,BCC,0.0015827681329483312,0.006222754342161352,0.45276898441989033,0.0012877770208916672,0.004785989559380255,0.01513404468698809,0.5177368763834238,0.00048074313367618693,6,SCC
IL_3339713,5,NV,NV,0.00014763006998919082,3.119984330623993e-05,0.03681116458028555,0.0007291757792700082,0.0037883517652517185,0.9571121335029602,0.0006160720399748243,0.0007642882501386339,5,NV
IL_3340189,1,BCC,BCC,0.05708638019132195,0.4967676941305399,0.4291636124253273,5.995280184833973e-05,9.721807145979255e-05,0.003531041322275996,0.013263386324979365,3.0683224395033903e-05,1,BCC
IL_3341397,0,AK,AKIEC,1.0598410653983592e-05,0.0029470596637111157,0.5271792896091938,3.386015180240065e-06,7.310031014640117e-05,0.02066060139623005,0.4491242846852401,1.693714136052904e-06,2,BKL
IL_3341722,1,BCC,BCC,0.28802452236413956,0.3295748010277748,0.17932803719304502,0.007430088007822633,0.01823623402742669,0.10694082087138668,0.05405316059477627,0.01641233009286225,1,BCC
IL_3347593,1,BCC,BCC,0.2530381032265723,0.5178519859910011,0.21221173810772598,0.00022298817179944308,0.0001054609201673884,0.014683376997709274,0.0017854725756478729,0.00010090317437061458,1,BCC
IL_3351126,0,AK,AKIEC,0.0006817644170951098,0.0271723858313635,0.4736281633377075,0.02321001667769451,0.009905536426231265,0.41872547566890717,0.04632203932851553,0.000354540229182021,2,BKL
IL_3354355,1,BCC,BCC,0.005635596404317766,0.17010430619120598,0.0518922284245491,0.006385714979842305,0.04047905246261507,0.31930943205952644,0.3995904326438904,0.0066032035610987805,6,SCC
IL_3355699,4,MEL,MEL,0.012570129867526703,4.096153315913398e-05,0.2999580129981041,0.00016593335385550745,0.3767850697040558,0.30962332687340677,0.0007381592586170882,0.00011843743595818523,4,MEL
IL_3356147,1,BCC,BCC,0.004966736461938126,0.5088663501664996,0.17515048664063215,0.0009758269025041955,0.015548941342785838,0.13846092752646655,0.0013497411564458162,0.15468101434089476,1,BCC
IL_3357031,1,BCC,BCC,0.010778223750207871,0.6847289204597473,0.25899297487922013,0.0031034530255595882,0.005451946740777203,0.02669597429485293,0.009907786781695904,0.00034072713660915355,1,BCC
IL_3358821,2,BKL,BKL,0.3519065539994699,0.0005121539189900659,0.6453478336334229,1.0381380548096786e-05,0.0006601601999136619,0.001506076194345951,5.00671265371011e-05,6.788116095890473e-06,2,BKL
IL_3360442,1,BCC,BCC,0.011775574646890163,0.3625903966894839,0.5165603831410408,0.0009972856278182007,0.006756364717148244,0.03804583568125963,0.06316213675199833,0.00011205996997887269,2,BKL
IL_3360591,6,SCC,SCCKA,0.14124044589698315,0.020476778270676732,0.19988781167194247,0.0016399577052652603,0.01980605933431434,0.049417366622947156,0.5098413955420256,0.05769019218541871,6,SCC
IL_3361305,6,SCC,SCCKA,0.009133853876846842,0.4633040898479521,0.052178203710354865,0.05710786726558581,0.12057339149760082,0.04840101608715486,0.24900569766759872,0.0002958374752779491,1,BCC
IL_3363042,1,BCC,BCC,0.4687224467052147,0.4930024460190907,0.024541820399463177,1.0654929610609543e-05,0.0011503973328217398,0.0021105088999320287,0.01044301204092335,1.8744879298537853e-05,1,BCC
IL_3364981,4,MEL,MEL,0.0006906601556693204,0.008594823750172509,0.5215393155813217,0.0034881864849012345,0.045101604890078306,0.4168844074010849,0.0014433696669584606,0.0022576137289433973,2,BKL
IL_3366115,2,BKL,BKL,0.0011707149964479413,4.7968858780222945e-05,0.028302926186512423,5.564183646182032e-05,0.9693964123725891,0.0008511935561728023,0.000114277581946709,6.0811654861936404e-05,4,MEL
IL_3366376,2,BKL,BKL,0.008834491949528456,0.011068610067013651,0.7107899487018585,0.002171424974221736,0.006464709702413529,0.18659465434029698,0.07398332213051617,9.28525005292613e-05,2,BKL
IL_3368963,1,BCC,BCC,0.0015868410118855536,0.33194900676608086,0.27585938200354576,0.005116831744089723,0.06269390508532524,0.2010219618678093,0.0006047778879292309,0.12116732145659626,1,BCC
IL_3376509,1,BCC,BCC,0.11303536780178547,0.4824790805578232,0.26332268462283537,0.003117889837085386,0.07830201741307974,0.008956703415606171,0.022894786787219346,0.027891462668776512,1,BCC
IL_3376861,4,MEL,MEL,0.00021675055450032232,1.4757049939362332e-05,0.04708613990806043,0.00013133079482940957,0.9203391075134277,0.03132463595829904,0.0008276371190731879,5.9671061080734944e-05,4,MEL
IL_3377032,2,BKL,BKL,9.983372599720042e-07,1.366777837574773e-06,0.9686337411403656,2.7219183074578268e-05,9.915027840179391e-05,0.031234403140842915,3.075304391586542e-06,1.2400669469059267e-07,2,BKL
IL_3380076,0,AK,AKIEC,0.3067987784743309,0.29630458378233016,0.03786411415785551,0.0001763484615366906,0.014942729088943452,0.3412005305290222,0.0026745927170850337,3.8277627936622594e-05,5,NV
IL_3382606,6,SCC,SCCKA,0.03922237083315849,0.07198747247457504,0.5134600549936295,0.03350979939568788,0.007825029373634607,0.02944166713859886,0.3022012561559677,0.002352354262256995,2,BKL
IL_3383125,1,BCC,BCC,0.41174526946269907,0.027867010794579983,0.3511871099472046,0.007623049314133823,0.005672876752214506,0.16684069111943245,0.028979006223380566,8.494650319335051e-05,0,AK
IL_3383259,5,NV,NV,0.07428100691595318,0.004334211887908168,0.12181751988828182,0.13931912575026217,0.05527532391715795,0.5488257855176926,0.052400711123482324,0.0037462675022652547,5,NV
IL_3385490,4,MEL,MEL,0.008352180302608758,0.0028636447532335296,0.013808204035740346,0.0013754965621046722,0.8716664612293243,0.08689622581005096,0.014879567723255605,0.00015821269062143983,4,MEL
IL_3392979,5,NV,NV,0.0002538681669648213,0.00024975132691906765,0.08985738549381495,0.0006056663405615836,0.17897794023156166,0.7265945076942444,0.0002147354689441272,0.0032461052760481834,5,NV
IL_3393264,5,NV,NV,0.002669098555998062,0.04837455751840025,0.10406173672527075,0.0050103768589906394,0.004973045666702092,0.7154843211174011,0.016700383508577943,0.10272649233593256,5,NV
IL_3395310,1,BCC,BCC,0.010115777084138244,0.4107646979391575,0.22471270943060517,0.2298975046724081,0.027198871699511074,0.009767915937118232,0.08717429265379906,0.00036826599534833804,1,BCC
IL_3398129,1,BCC,BCC,8.590215327330952e-05,0.0003974797309638234,0.9829513430595398,5.182242017731653e-07,0.015177940542344004,0.0011111700587207451,0.000273376346740406,2.245458972538472e-06,2,BKL
IL_3400406,1,BCC,BCC,0.025441627949476242,0.26217904686927795,0.3692079074680805,0.004260763176716864,0.005024801706895232,0.15054165571928024,0.1832757170777768,6.851721354905749e-05,2,BKL
IL_3400636,3,DF,DF,0.000264825937108526,0.0001251035691893776,0.045664052027007074,0.5153635144233704,0.03978769474224464,0.39760283251234796,0.0005083873006697104,0.0006835434390168871,3,DF
IL_3405101,1,BCC,BCC,0.020851338747888803,0.27768856659531593,0.34057486057281494,0.006477658404037356,0.20624279230833054,0.02361886715516448,0.1191526660695672,0.005393239203840494,2,BKL
IL_3405396,4,MEL,MEL,2.8425625302475055e-06,6.7664441587567126e-06,0.9120131731033325,2.1136370591534615e-06,0.038716068578651175,0.04923915828112513,1.0504781755571457e-06,1.882257389240749e-05,2,BKL
IL_3406268,1,BCC,BCC,0.19901298417244107,0.5925234258174896,0.14828085713088512,0.017497790549896308,0.017666908272076398,0.008542548748664558,0.007271534588653594,0.009203979883750435,1,BCC
IL_3408986,1,BCC,BCC,0.42851098254323006,0.5081587769091129,0.005282745463773608,0.0002427864910714561,0.024899099953472614,0.0021645832457579672,0.030281176790595055,0.00045985356337041594,1,BCC
IL_3415127,1,BCC,BCC,0.01424308493733406,0.6483356952667236,0.06273566745221615,0.00030555824559996836,0.005397181957960129,0.25669171661138535,0.012059395441610832,0.00023173853514890652,1,BCC
IL_3415556,1,BCC,BCC,0.0006204394230735488,0.2893085319083184,0.3315760865807533,0.00023669055553909857,0.049031568560167216,0.1406732149189338,0.1884746699142852,7.876761583247571e-05,2,BKL
IL_3417024,4,MEL,MEL,2.9750745795809053e-06,2.85195847027353e-06,0.47549792419886217,6.0338751836752635e-05,0.4337085518636741,0.09070909209549427,6.459124278990203e-06,1.1752339077020224e-05,2,BKL
IL_3420465,2,BKL,BKL,0.0036790168996958528,0.020070375874638557,0.29676996171474457,0.03575861337594688,0.16715724021196365,0.41551658511161804,0.058304865611717105,0.0027433206560090184,5,NV
IL_3423568,4,MEL,MEL,0.0003439337907877871,3.2393721767220995e-06,0.00027940779000346083,0.001065325654053595,0.9563867151737213,0.041295838716905564,0.000622081493929727,3.477800689211108e-06,4,MEL
IL_3423821,5,NV,NV,6.004767477918449e-06,7.998395184927176e-05,4.02276609747787e-05,1.3884869588309812e-05,0.0016110155993374065,0.998236358165741,8.089768499530692e-07,1.1735932957890327e-05,5,NV
IL_3423886,1,BCC,BCC,0.1044909351453498,0.6512700021266937,0.0182023769124271,7.652480024944452e-05,0.16935829038266093,0.055385893958373345,0.0010766435298137367,0.00013936767231825797,1,BCC
IL_3424519,5,NV,NV,1.2918353519353332e-05,1.6050145887902545e-05,0.325119809480384,5.0678451771091204e-05,0.1426903767278418,0.5319292545318604,8.582487822650364e-06,0.00017236703884293547,5,NV
IL_3424617,5,NV,NV,9.244350326298445e-05,1.0823750130839471e-05,0.6098904609680176,1.7833200217864942e-05,0.2195141546544619,0.17036849725991488,6.694898934256344e-05,3.880827966895595e-05,2,BKL
IL_3426033,1,BCC,BCC,0.0013136469178789412,0.4614341436117684,0.499467647401616,2.587133349152282e-05,0.00016131602569657844,0.0009281664806621848,0.03664583004137967,2.3408751303577446e-05,2,BKL
IL_3435246,2,BKL,BKL,1.1012426284651156e-05,0.009545757111027342,0.5621770620346069,0.00017787458114071342,0.07588322274386883,0.352069154381752,0.00010434292289573932,3.157614446536172e-05,2,BKL
IL_3436686,0,AK,AKIEC,0.2692671953700483,0.013781421817839146,0.3813941909465939,0.0005493083735927939,0.18639653688296676,0.019578621722757816,0.12790201604366302,0.001130692195147276,2,BKL
IL_3439844,3,DF,DF,1.3284707392813289e-05,0.00011072169490944361,0.032932466827332973,0.11342876264825463,0.0007256384706124663,0.8527618944644928,2.116671748808585e-05,6.034994157744222e-06,5,NV
IL_3441650,1,BCC,BCC,0.08401955256704241,0.4023939911276102,0.22770997136831284,0.0015303827130992431,0.045145620009861887,0.2043499555438757,0.02564435006934218,0.009206174174323678,1,BCC
IL_3447838,2,BKL,BKL,0.02625246433308348,0.14655181336433998,0.07910241931676865,0.007673589600017294,0.5251070857048035,0.20296013355255127,0.004100689722690731,0.008251777879195288,4,MEL
IL_3450487,6,SCC,SCCKA,0.5537146031856537,0.006210303341504186,0.19577155262231827,0.0009788087627384812,0.01582953258184716,0.0004376857050374383,0.2268846184015274,0.0001728771185298683,0,AK
IL_3451729,1,BCC,BCC,0.023374942407826893,0.6859955936670303,0.26927489080117084,1.24184131244931e-06,0.0005891228604752996,0.019705105645698495,0.0010501074093554053,8.964395021848759e-06,1,BCC
IL_3452976,1,BCC,BCC,0.06558758951723576,0.07533583883196115,0.018711170181632042,0.010716950288042426,0.28077689092606306,0.0714233429171145,0.4626719328807667,0.01477621856611222,6,SCC
IL_3453159,1,BCC,BCC,0.001490297210693825,0.49603908296558075,0.025851621190668084,0.0017856327261540628,0.005406985525041819,0.4677728890674189,0.0012388178729452193,0.0004146356677665608,1,BCC
IL_3453453,1,BCC,BCC,6.094885225138569e-05,0.23457553124558217,0.7111404091119766,0.00012853374782650917,0.0032034553728408355,0.0508575007552281,2.3281078711079317e-05,1.0315526864701496e-05,2,BKL
IL_3457214,1,BCC,BCC,0.002295080223120749,0.2663908451286261,0.4314476251602173,0.002223566349130124,0.005098524678032845,0.22602492570877075,0.06623379638767801,0.00028564540843944997,2,BKL
IL_3460639,2,BKL,BKL,0.018026535399258137,0.03332401847001165,0.3096635118126869,0.00614116876386106,0.09121598163619637,0.4316641688346863,0.07520365063101053,0.03476103721186519,5,NV
IL_3461218,1,BCC,BCC,0.054027841506467666,0.45402617286890745,0.3512174678617157,0.00011167649461185647,0.0035984035130240954,0.08430024003610015,0.05250876781065017,0.0002094365693068312,1,BCC
IL_3462420,1,BCC,BCC,0.6026245802640915,0.0064952976536005735,0.0006913011893630028,0.00011200848598491575,0.0038500388618558645,0.008499443138134666,0.37749705454916693,0.00023026882172416663,0,AK
IL_3464725,1,BCC,BCC,0.0009955756831914186,0.6778923273086548,0.15786017291247845,0.0011350958520779386,0.0020366155804367736,0.15357914101332426,0.0061611696146428585,0.00033993786928476766,1,BCC
IL_3465975,5,NV,NV,8.988933854681136e-05,0.0025475095472948794,0.0009558158835716313,0.0026911067258765797,0.02204990736208856,0.9697932004928589,0.0006504925600285816,0.0012220301534853206,5,NV
IL_3467743,1,BCC,BCC,1.875875705081853e-05,0.5186758786439896,0.46594912515320175,5.8459430746893304e-05,0.00190826007292344,0.013292122869643208,8.743877060624072e-05,9.996495350605983e-06,1,BCC
IL_3469370,6,SCC,SCCKA,0.009931202395819128,0.0003256324052927084,0.366317056119442,0.04827142573776655,0.12527201883494854,0.010259912640322,0.4392503947019577,0.0003724053290170559,6,SCC
IL_3471902,4,MEL,MEL,3.7220483775968205e-05,5.3523269343713764e-05,0.19783264392754063,0.00010627952360664494,0.012118285987526178,0.7897242307662964,8.012438456717064e-05,4.76743289254955e-05,5,NV
IL_3472357,1,BCC,BCC,0.0013399379095062613,0.675510972738266,0.02261334704235196,0.017016679048538208,0.009646820137277246,0.08369986806064844,0.18928616680204868,0.0008862222575771739,1,BCC
IL_3472941,5,NV,NV,1.1146209522028272e-07,5.221832575941221e-05,0.0006968678444536636,6.953148036892287e-06,0.00044073422031942755,0.9988020360469818,1.2680976624324103e-07,9.446601509921493e-07,5,NV
IL_3473944,6,SCC,SCCKA,0.0026768508250825107,0.001725489681120962,0.002183759235776961,0.0029897112160597317,0.14008107455447316,0.013971934386063367,0.8357226848602295,0.0006484684126917273,6,SCC
IL_3475151,2,BKL,BKL,0.00020995536397094838,0.014335071668028831,0.9265569746494293,0.0009850590813584859,0.010447605513036251,0.047039944678545,0.00034350939677096903,8.185440310626291e-05,2,BKL
IL_3475152,2,BKL,BKL,0.0035266982558823656,0.5432026088237762,0.04739906266331673,0.054938758119533304,0.14847891870886087,0.024214184377342463,0.17658758349716663,0.0016522145087947138,1,BCC
IL_3477265,1,BCC,BCC,0.09401375660672784,0.5715504363179207,0.033810565022577066,0.014713982227021916,0.19996183167677373,0.033507987871416844,0.04941218043677509,0.003029272814274009,1,BCC
IL_3478761,1,BCC,BCC,0.04201956504948612,0.4470627222326584,0.1835756110958755,0.02755508237532922,0.009895595938360202,0.279144330714189,0.00907914387062192,0.0016679935984029726,1,BCC
IL_3481443,2,BKL,BKL,1.1438247895512177e-06,3.0801980699379783e-07,0.9634155929088593,2.0583911606308902e-06,0.00018179184735345189,0.03639833745546639,1.8364399778647567e-07,6.469396680586215e-07,2,BKL
IL_3482678,6,SCC,SCCKA,0.00036381532106588566,0.00035557689852794283,0.00035082602698821574,4.444315239027219e-05,0.00010378856677561998,1.969804088730598e-05,0.9987539350986481,7.870157173073267e-06,6,SCC
IL_3484417,1,BCC,BCC,0.5165243297815323,0.47399217542260885,0.003414690785575658,7.383038029118438e-05,4.7176467887766194e-05,0.0007960766961332411,0.005149898472154746,1.8099863154930063e-06,0,AK
IL_3484645,0,AK,AKIEC,0.01400277903303504,0.007357362024322356,0.39391365263145417,9.94473680293595e-06,0.15217342227697372,0.43249015299079474,4.9479804147267714e-05,3.145683194816229e-06,5,NV
IL_3485439,1,BCC,BCC,0.0006703389371978119,0.49759670576895587,0.30317021082737483,0.0011417333353165304,0.01309627461796481,0.1841618837788701,9.735435924085323e-05,6.546486929437378e-05,1,BCC
IL_3486066,0,AK,AKIEC,0.26891304515334014,0.033078571199439466,0.12305953916438739,2.6696711870499712e-05,0.0050879692780654295,0.05251136230572229,0.5173062086105347,1.660619883381287e-05,6,SCC
IL_3487572,6,SCC,SCCKA,0.0742894234135747,0.17620997689664364,0.29043562710285187,0.007546417589765042,0.002290832722792402,0.013086133054457605,0.43575885239988565,0.00038274801045190543,6,SCC
IL_3488332,1,BCC,BCC,0.045448819058947265,0.5166971553117037,0.3336414222721942,0.00017027617013809504,0.025497405818896368,0.07503820676356554,0.002633271156810224,0.0008733745380595792,1,BCC
IL_3488429,1,BCC,BCC,0.009275539079681039,0.41032294507022016,0.016550014726817608,0.0012943682668264955,0.43938074074685574,0.05674099596217275,0.06440095254220068,0.00203438987955451,4,MEL
IL_3489580,1,BCC,BCC,0.018876349087804556,0.1676397736009676,0.5189058631658554,0.004226861579809338,0.1679521449841559,0.10777564719319344,0.014406843576580286,0.00021652649593306705,2,BKL
IL_3492257,1,BCC,BCC,0.0019551710138330236,0.49078363495937083,0.4489198871167446,0.000583350206227351,0.01898928440459713,0.028742926589700346,0.009947956015821546,7.78185539900278e-05,1,BCC
IL_3492505,1,BCC,BCC,0.011346003040671349,0.6762750893831253,0.08072835160419345,0.001381169684464112,0.007286960259079933,0.06485665030777454,0.1578619485371746,0.0002637984143802896,1,BCC
IL_3492716,1,BCC,BCC,0.032239192063570954,0.13810435065533966,0.12084107100963593,0.05043840937287314,0.4593055434525013,0.005325495381839573,0.16881822007417213,0.02492771723518672,4,MEL
IL_3493081,5,NV,NV,7.214385551179703e-05,0.00023162549496191787,0.009261042192520108,0.0004982091998613214,0.008307642070576549,0.9814358949661255,8.03619888074536e-05,0.0001130838328435857,5,NV
IL_3496522,1,BCC,BCC,0.1414251271635294,0.4665684476494789,0.3161781197413802,0.0030279631464509293,0.010696341982111335,0.026459102984517813,0.026085069170221686,0.009559798636473715,1,BCC
IL_3496860,5,NV,NV,5.443325505893881e-07,8.734084167372203e-05,4.6420054786722176e-05,7.843721277822624e-06,0.23454402387142181,0.7652358412742615,2.492166447609634e-05,5.3039139856991824e-05,5,NV
IL_3498244,6,SCC,SCCKA,0.060372499690856785,0.7082693576812744,0.0033054352884391847,0.011172588135664796,0.0016323887048201868,0.0092787728726762,0.20589810609817505,7.082801789692894e-05,1,BCC
IL_3499817,1,BCC,BCC,0.06742553785443306,0.3521418171003461,0.5237889289855957,0.0020016003836644813,0.0036354568001115695,0.03757091425359249,0.013309501577168703,0.0001262544174096547,2,BKL
IL_3503825,4,MEL,MEL,1.1409665745532038e-06,0.0006896597433296847,0.0004472857917363626,0.00012099446030333638,0.015063675818964839,0.9835595786571503,1.1044287219874604e-05,0.00010665048375813058,5,NV
IL_3504341,1,BCC,BCC,0.00010823315460584126,0.7369210124015808,0.0006650428840657696,0.17822562335641123,0.001093829527235357,0.07549246458802372,0.0074187712161801755,7.510488194384379e-05,1,BCC
IL_3507872,2,BKL,BKL,0.06969762394874124,0.024448216892778873,0.3153010420501232,0.0031892944243736565,0.003998703003162518,0.5512717887759209,0.027744394959881902,0.004348907241364941,5,NV
IL_3511667,2,BKL,BKL,0.003972785721998662,0.0036845040776825044,0.46643121028319,0.011911690002307296,0.0016061555070336908,0.00046071251563262194,0.5119205098599195,1.2541466276161373e-05,6,SCC
IL_3517038,2,BKL,BKL,9.204545290231181e-05,5.316440230274111e-07,0.9981138110160828,6.218558928594575e-05,6.883991500217235e-05,0.0015984968049451709,6.254313439058024e-05,1.5567106359526406e-06,2,BKL
IL_3518780,1,BCC,BCC,0.49371048901230097,0.4413218330591917,0.04771861876361072,1.2532588186786597e-05,0.00045779570314152807,0.01669090101495385,7.551586531917565e-05,1.222225930064269e-05,0,AK
IL_3518788,2,BKL,BKL,2.9980301405885257e-05,0.0002810744372254703,0.5000949949026108,0.00021932056961304625,0.04596996586769819,0.4533645510673523,2.784763455565553e-05,1.2235871054144809e-05,2,BKL
IL_3518875,1,BCC,BCC,0.007687047415856796,0.3733556969091296,0.568769745528698,0.0004558761283988133,0.006834488995082211,0.016306887613609433,0.02590161981061101,0.000688560719936504,2,BKL
IL_3521617,5,NV,NV,7.432771587900788e-05,6.275286750678788e-06,0.37942669447511435,1.4598460438719485e-05,0.15287664532661438,0.4675456499680877,1.0939470939774765e-05,4.494867971516214e-05,5,NV
IL_3522764,1,BCC,BCC,0.007752299774438143,0.40753292944282293,0.09100005170330405,0.06354938044205483,0.13628163065550325,0.17517537515959702,0.1155188512057066,0.0031894654068764794,1,BCC
IL_3527246,1,BCC,BCC,0.0006818201509304345,0.7526308000087738,0.012520757270976901,0.00020012277673231438,0.08075162768363953,0.1320960302837193,0.012495069007854909,0.008623749832622707,1,BCC
IL_3529171,6,SCC,SCCKA,0.009215192694682628,0.04322492447681725,0.034991256427019835,0.0003025937912752852,0.40560216596350074,0.059448099695146084,0.38010896334890276,0.06710676080547273,4,MEL
IL_3529988,1,BCC,BCC,0.015620809499523602,0.25906152521110926,0.4377463459968567,0.0025093841904890724,0.01508850185200572,0.22132137650623918,0.010467480309671373,0.038184631608601194,2,BKL
IL_3531098,6,SCC,SCCKA,0.001169661974927294,0.6647671610116959,0.11248715775400342,0.010029175766050002,0.09277581651736,0.008172033086793817,0.1103051133848112,0.00029382054344928576,1,BCC
IL_3532115,2,BKL,BKL,8.830347178445663e-05,0.004636940408090595,0.29490581899881363,0.000462516820334713,0.00013862283594789915,0.6992715299129486,0.00045133110324968584,4.492163770919433e-05,5,NV
IL_3541030,5,NV,NV,2.517221730613528e-06,9.058330761035904e-05,0.0005044468562118709,0.00023995801893761382,0.03865269967354834,0.9594999849796295,2.7527162274054717e-05,0.000982217927230522,5,NV
IL_3542015,6,SCC,SCCKA,0.05270320162526332,0.1774320425465703,0.25178805086761713,0.20510229433421046,0.025505416095256805,0.04189428128302097,0.23990134941413999,0.005673371349985246,2,BKL
IL_3544238,5,NV,NV,1.9496598469004311e-07,2.5938176850814898e-05,0.00023315436396842415,0.0003188629704027335,0.0006722222460666671,0.9987124800682068,9.09448260699719e-07,3.61685501957254e-05,5,NV
IL_3545610,0,AK,AKIEC,0.00013077926178084454,0.045187186704424676,0.3077829899266362,7.316111987165641e-05,0.010984913264110219,0.1859026971505955,0.44992960688250605,8.6561060470558e-06,6,SCC
IL_3546806,1,BCC,BCC,4.431243542057928e-05,0.9196885824203491,0.008172053145244718,1.3948230218829849e-05,0.00044704963875119574,0.07160208525601774,2.4247962755907793e-05,7.691525752306916e-06,1,BCC
IL_3547221,2,BKL,BKL,0.00012088127914466895,0.005772441585577326,0.6200558394193649,0.00027081701409770176,0.045525086810812354,0.32800168171525,0.00017766735845725634,7.561446454928955e-05,2,BKL
IL_3550428,1,BCC,BCC,0.05909468908794224,0.43628405779600143,0.12032393366098404,0.0006372921452566516,0.015688783721998334,0.36495550721883774,0.0025610688608139753,0.00045466743904398754,1,BCC
IL_3551061,1,BCC,BCC,0.0012897859560325742,0.4407404585945187,0.067668367177248,0.0026289772213203833,0.2170113240426872,0.26830150559544563,0.002083410494378768,0.00027617208934316295,1,BCC
IL_3553236,4,MEL,MEL,8.72144828463206e-05,2.6862059442578357e-05,0.9861356616020203,6.484015062824255e-05,0.00042831415703403763,0.01324253619168303,9.957506449609355e-06,4.621583049591038e-06,2,BKL
IL_3558954,1,BCC,BCC,0.016991208631225163,0.2764709760740516,0.548870675265789,0.002760837627647561,0.00021060581639176235,0.02447842783294618,0.13019457716291072,2.269353694828169e-05,2,BKL
IL_3559203,1,BCC,BCC,0.18102961138356477,0.5237138140946627,0.15478498947049957,0.0013163247745069384,0.07277300381542773,0.0620596042717807,0.0038090094103608862,0.0005135781462399791,1,BCC
IL_3559217,5,NV,NV,3.0398190702385364e-06,8.788872469267517e-05,0.028539015817401037,3.9995230203260235e-06,0.012494483176851645,0.9588646590709686,2.0893903265317704e-06,4.752578661282314e-06,5,NV
IL_3559372,1,BCC,BCC,0.0206501551438123,0.5628590509295464,0.3952343761920929,0.003972430247813463,0.005224365275353193,0.009306078660301864,0.002437534407363273,0.0003159979241900146,1,BCC
IL_3560124,5,NV,NV,6.925077741470886e-06,9.015249656840751e-05,6.083431435399689e-05,4.1598436610001954e-05,0.030799790809396654,0.9686197638511658,1.2585080639837543e-05,0.0003683438590087462,5,NV
IL_3561998,1,BCC,BCC,4.785035798704484e-07,0.0063776979222893715,0.5067735631018877,0.0017601700956220157,0.000992318044154672,0.0006142547572380863,0.48347978454421536,1.7254401427635457e-06,2,BKL
IL_3562985,6,SCC,SCCKA,0.011934872483834624,0.01961188817222137,0.6577964723110199,0.09987660497426987,0.004247070290148258,0.13904658192768693,0.06740550696849823,8.094714212347753e-05,2,BKL
IL_3565320,4,MEL,MEL,6.0268285324127646e-05,0.019006427860404074,0.13714795410487568,0.7044845521450043,0.08553110516368179,0.05328968516550958,0.00022690136461278598,0.0002531648869990022,3,DF
IL_3566377,2,BKL,BKL,0.15090954495826736,0.015396046179375844,0.2747879698872566,0.006093954551033676,0.026723574366769753,0.025928024930180982,0.48391633480787277,0.016244508181358697,6,SCC
IL_3566495,1,BCC,BCC,0.0003163882556691533,0.4497752692550421,0.058745915070176125,0.003575148875825107,0.03503210170310922,0.450686227530241,0.0018068179197143763,6.20970995441894e-05,5,NV
IL_3568904,1,BCC,BCC,0.01047224979265593,0.44722308963537216,0.019841476809233427,0.001660945248659118,0.002179299423005432,0.08107342611765489,0.43720110319554806,0.0003483007986915254,1,BCC
IL_3569570,1,BCC,BCC,0.0013209742028266191,0.9492425322532654,0.012418632861226797,0.0016908979305299,0.004529460216872394,0.01732808817178011,0.009663589531555772,0.0038058158024796285,1,BCC
IL_3570524,6,SCC,SCCKA,0.07574653439223766,0.44326131977140903,0.1987692128168419,0.0006659077243966749,0.18303598440252244,0.06433434534119442,0.033372934674844146,0.0008138038137985859,1,BCC
IL_3570537,0,AK,AKIEC,0.2782221492379904,0.004686360247433186,0.2660874165594578,8.783131272593891e-05,0.008319344138726592,0.4421760258846916,0.00041603081081120763,4.773581281369843e-06,5,NV
IL_3574782,1,BCC,BCC,0.02889472240349278,0.4327533549221698,0.21994832903146744,0.003116306645097211,0.16224169292399893,0.1297264313325286,0.0228401068598032,0.0004791100654983893,1,BCC
IL_3576180,5,NV,NV,7.652410891978434e-05,1.954021445271792e-05,0.003696206011227332,0.0004112441492907237,0.005137462634593248,0.9896825850009918,1.2809673535230104e-05,0.0009636247486923821,5,NV
IL_3576775,1,BCC,BCC,0.3920091763138771,0.32708405434095766,0.09197789980680682,5.191996297071455e-05,0.16842667595483363,0.01140267332084477,0.008982326195109636,6.524320269818418e-05,0,AK
IL_3577604,1,BCC,BCC,0.007729857763479231,0.47013128362596035,0.29755287524312735,0.009915388456647634,0.07484897941685631,0.10029231691441964,0.03887003008276224,0.0006591954679606715,1,BCC
IL_3580495,2,BKL,BKL,9.511531607131474e-05,3.433399251662195e-05,0.9913323819637299,0.0009285421256208792,0.0006488195722340606,0.006866624753456563,4.85798072986654e-05,4.557134570859489e-05,2,BKL
IL_3581501,1,BCC,BCC,0.08332170452922583,0.5093595087528229,0.088292675325647,0.008220057701691985,0.0005933066131547093,0.30861065443605185,0.001477933197747916,0.000124167623653193,1,BCC
IL_3581792,1,BCC,BCC,0.008246505040460761,0.056223982013762,0.21443453058600426,0.0007293125623277774,0.18247300638176966,0.4984021633863449,0.03857021383009851,0.0009203400463775324,5,NV
IL_3582002,0,AK,AKIEC,0.49864136427640915,0.0036675147857749835,0.05279037542641163,0.00040453820656694006,0.019726300588445156,0.009450182442378718,0.4151962971664034,0.00012344265641672791,0,AK
IL_3582331,5,NV,NV,6.420390491257422e-06,0.00032264655510516604,0.012580799433635548,0.007086558115588559,0.018629216006956995,0.9600706994533539,7.133626922950498e-05,0.0012323312366788741,5,NV
IL_3593034,1,BCC,BCC,0.001447953523893375,0.5952498391270638,0.3952501195453806,1.2622197118616896e-06,7.905260201823694e-05,0.007940110444906168,3.097748231084552e-05,6.386727449125829e-07,1,BCC
IL_3596093,1,BCC,BCC,0.002686488809359844,0.8357866108417511,0.15780163237104716,8.504450583435297e-05,0.0007898553482164061,0.001571930100908503,0.0007828883988452162,0.0004955087040023898,1,BCC
IL_3599866,2,BKL,BKL,0.0018845882320306373,0.012129024905078722,0.5684199258685112,0.003900484112961067,0.0025874737705748885,0.4092974909435725,0.001385337527608499,0.00039573890842659054,2,BKL
IL_3600941,1,BCC,BCC,0.006427499116398394,0.48034080318757333,0.16667350381612778,0.002779505681246519,0.05235091713257134,0.2904024641029537,0.0004975030169589445,0.0005278274038573727,1,BCC
IL_3603601,0,AK,AKIEC,0.24587288685142994,0.08575229197049339,0.11261921189725399,0.024586020043216195,0.2616439228877425,0.22606408223509789,0.036488794542719916,0.006972809238504851,4,MEL
IL_3605485,0,AK,AKIEC,0.24367702708696015,0.15925704035907984,0.3237938769161701,0.001087947195628658,0.006797388778068125,0.2110124402679503,0.05411726966849528,0.00025701572303660214,2,BKL
IL_3606154,1,BCC,BCC,0.0027904575109118923,0.5081020966172218,0.31641415520425653,0.04954218152875001,0.039569882862906525,0.033782615602831356,0.04948970751587467,0.00030892362611645297,1,BCC
IL_3608971,1,BCC,BCC,0.016192874871194363,0.02423183509381488,0.7058287262916565,0.001967075946595287,0.19638969004154205,0.029945584712550044,0.02478892618091777,0.0006552762279170565,2,BKL
IL_3609396,1,BCC,BCC,0.004557206848403439,0.6718332320451736,0.0077011852990835905,0.010136091383174062,0.03963364876108244,0.249938755761832,0.01577330200234428,0.0004265789029886946,1,BCC
IL_3609983,5,NV,NV,1.2468423847167287e-05,5.3617238791048294e-05,0.4810825353488326,0.000182778083399171,0.010427604051074013,0.507910868152976,1.2874806543550221e-05,0.00031719137041363865,5,NV
IL_3615210,1,BCC,BCC,0.0025815215176407946,0.8701228499412537,0.09479236684273928,0.00032998661481542513,0.00743384228553623,0.006966166431084275,0.016204927538638003,0.0015683449746575207,1,BCC
IL_3615329,1,BCC,BCC,1.2110561442568724e-06,0.49983211001926975,1.6083193884242064e-05,3.987261010252041e-06,3.604372477639117e-05,0.0006152475398266688,1.8306497139519706e-05,0.49947692406294664,1,BCC
IL_3619521,1,BCC,BCC,0.0012452530500013381,0.6327348202466965,0.33565918808744755,7.322500187001424e-05,0.0009851374925347045,0.02781466447049752,0.0005325447827999596,0.0009551415741952951,1,BCC
IL_3625666,4,MEL,MEL,6.605772978218738e-05,0.0006386765307979658,0.1998236933723092,0.000184638743121468,0.6515020728111267,0.14674758212640882,0.00040568443364463747,0.0006316434592008591,4,MEL
IL_3627285,5,NV,NV,2.75582156064047e-05,0.003000622122272034,0.008342659879417624,6.596532693947665e-05,0.11651232466101646,0.8717143833637238,0.00011089679628639715,0.0002255559120385442,5,NV
IL_3631191,5,NV,NV,0.37183038890361786,0.020302610006183386,0.05484669795259833,0.05543401651084423,0.2666138783097267,0.03914932464249432,0.18769916146993637,0.004123905557207763,0,AK
IL_3632204,5,NV,NV,9.833179131391034e-05,7.665266457479447e-05,0.005917544709518552,6.548145574925002e-05,0.003664803232823033,0.9900090098381042,7.72385607774595e-05,9.089896130376474e-05,5,NV
IL_3634030,1,BCC,BCC,0.14650646061636508,0.3177901552990079,0.2722355052828789,0.006649850867688656,0.0036972559901187196,0.05393936450127512,0.19892552867531776,0.00025587221171008423,1,BCC
IL_3634935,5,NV,NV,1.226583383306945e-06,8.9174214679133e-08,1.704874498642539e-05,6.311523499391569e-06,0.036105251681874506,0.9638076722621918,1.1394163518252398e-06,6.126840487752361e-05,5,NV
IL_3635889,1,BCC,BCC,0.1030146477278322,0.7565191686153412,0.0012987306690774858,0.011386292055249214,0.007252607319969684,0.1171289999037981,0.0026686737983254716,0.0007308930325962137,1,BCC
IL_3636394,4,MEL,MEL,0.00021783168267575093,0.0012898504265876909,0.29611356742680073,0.00018416395801068575,0.1421605907380581,0.5599500238895416,2.0873246967312298e-05,6.308387946774019e-05,5,NV
IL_3638399,2,BKL,BKL,0.44240397196335834,0.012309204640587268,0.5316609553992748,3.732290542757255e-05,0.0014547136233886704,0.009680562885478139,0.002428415056783706,2.484954325154831e-05,2,BKL
IL_3640524,5,NV,NV,0.003586111550248461,0.0003355676890350878,0.13377339020371437,9.375425490532052e-05,9.320227218267974e-05,0.8620785474777222,3.8842558296892093e-05,5.542248970868968e-07,5,NV
IL_3644739,5,NV,NV,0.000689872344082687,0.4358854442834854,0.19260753318667412,0.0031609204597771168,0.03825635346584022,0.31504977867007256,0.012768940767273307,0.0015811683842912316,1,BCC
IL_3647714,5,NV,NV,8.767496240125183e-07,1.9357371854766825e-05,0.009378750875839614,2.8226705239831062e-05,0.19276658445596695,0.7977743446826935,1.1649166253846488e-05,2.0202790437906515e-05,5,NV
IL_3650991,1,BCC,BCC,0.04429211397655308,0.47491197753697634,0.4341288972645998,0.0039188776863738894,0.0035682686720974743,0.03432400431483984,0.004630087991245091,0.00022576371156901587,1,BCC
IL_3651436,1,BCC,BCC,0.0011028412554878742,0.19333915482275188,0.4284883141517639,0.0014085752773098648,0.005911713000386953,0.11207464849576354,0.25756287237163633,0.00011189873566763708,2,BKL
IL_3656714,1,BCC,BCC,0.00014523197933158372,0.4945055401421996,0.4894228639313951,0.00010500828921067296,0.0028836905694333836,0.010672361706383526,0.0022391122747649206,2.6168654585490003e-05,1,BCC
IL_3657204,1,BCC,BCC,0.00030761205107410206,0.048632750287652016,0.7819671928882599,0.00123738992260769,0.05859735980629921,0.10223431885242462,0.004495274744840572,0.002528060635086149,2,BKL
IL_3658714,5,NV,NV,0.0004326728094383725,0.00011850271073399199,0.22867489981581457,0.00013454420877678785,0.26460427790880203,0.5056627541780472,0.00027881438199983677,9.350123764306773e-05,5,NV
IL_3660517,1,BCC,BCC,0.00858356081880629,0.435601350502111,0.5451491884887218,9.231997137248982e-05,0.0042718027252703905,0.003064820484723896,0.0028462059563025832,0.00039075384665920865,2,BKL
IL_3660671,1,BCC,BCC,0.025757133960723877,0.5434680096805096,0.010806433856487274,0.0567719986429438,0.27657534286845475,0.06583809526637197,0.01455301436362788,0.0062299364362843335,1,BCC
IL_3663499,1,BCC,BCC,0.011116026511444943,0.6114453598856926,0.25252509531128453,0.0007002849002226696,0.050039005639291645,0.07018835068447515,0.003272543909741188,0.0007133652343895847,1,BCC
IL_3664176,1,BCC,BCC,0.32544112764298916,0.2807631343603134,0.17634227871894836,0.0009142441795120249,0.0038921725936233997,0.03910823119804263,0.17305040900828317,0.0004883567162323743,0,AK
IL_3668497,5,NV,NV,3.061541607962681e-05,0.0004573756486934144,0.3111693341982118,5.677762221978355e-05,0.0034902999650512356,0.6822921186685562,3.401374178224614e-05,0.0024695363972568884,5,NV
IL_3672233,5,NV,NV,2.325518198631471e-05,5.046959336141299e-05,0.37399041443131864,1.9100646568404045e-05,0.03759352010092698,0.5882613807916641,7.609370641148416e-06,5.4324662414728664e-05,5,NV
IL_3672898,2,BKL,BKL,0.0003882385353790596,0.2534821592271328,0.16922303196042776,0.002521369344322011,0.008183852478396147,0.3450160473585129,0.22102791466750205,0.0001573964600538602,5,NV
IL_3673617,1,BCC,BCC,0.09386632806854323,0.5072910562157631,0.06390724811353721,0.0009143075799329381,0.3141595234774286,0.013090097798340139,0.006542246788740158,0.00022922823643511947,1,BCC
IL_3673885,1,BCC,BCC,2.466498062858591e-05,0.9594207406044006,0.03334967140108347,3.860531721500138e-05,0.0010275947261106921,0.004891245480393991,0.0006079575978219509,0.0006396147217344605,1,BCC
IL_3673925,5,NV,NV,5.403337581810774e-05,0.0033048822176624526,0.6719049215316772,0.0009545817782168342,0.020220862585119903,0.30342538468539715,5.036883207765186e-05,8.495553583998117e-05,2,BKL
IL_3677701,0,AK,AKIEC,0.4860740201547742,0.03651479899417609,0.1527843475341797,0.0013233885292720515,0.001205946202389896,0.005104633281007409,0.31675039837136865,0.00024252087860077154,0,AK
IL_3681350,1,BCC,BCC,0.19001384358853102,0.012175137380836532,0.6082480549812317,0.0010401384497527033,0.0905548445880413,0.09267225675284863,0.0028003886109218,0.0024953279353212565,2,BKL
IL_3682570,5,NV,NV,0.0011204412730876356,0.003036993502973928,0.5158679001033306,0.0011260302489972673,0.032620165729895234,0.4448251184076071,0.00019766370337492845,0.0012057612266289652,2,BKL
IL_3685278,6,SCC,SCCKA,0.002707192237721756,0.1311085019260645,0.0022612648317590356,0.7530490458011627,0.003972876933403313,0.07516687922179699,0.014519901655148715,0.017214352556038648,3,DF
IL_3686069,5,NV,NV,7.450694056387874e-06,1.6309752254528576e-05,0.0004278663545846939,0.3911533528480504,0.03518225881271064,0.5731238648295403,3.7304285797290504e-05,5.163822424947284e-05,5,NV
IL_3687151,1,BCC,BCC,0.004771044728386187,0.4971366226673126,0.29675932228565216,0.004415981439308325,0.008831910739900195,0.18245727196335793,0.0015355386021838058,0.00409228835792419,1,BCC
IL_3694094,1,BCC,BCC,0.03421528490798664,0.6565766483545303,0.2683115302825172,0.01102062005637805,0.005845482577512939,0.015825261725694872,0.0078686921242479,0.0003364690051910202,1,BCC
IL_3700526,1,BCC,BCC,0.24049602134618908,0.2576075987890363,0.4831217157188803,0.001264819558855379,0.002054109067103127,0.0051371487279539,0.009890646673738956,0.0004279486765881302,2,BKL
IL_3702520,1,BCC,BCC,0.17542591348501446,0.5012141545303166,0.027433137023763265,0.001617590751266107,0.18239991445079795,0.10007685306482017,0.009593016700819135,0.0022393834619833797,1,BCC
IL_3703578,0,AK,AKIEC,0.03467075666412711,0.2635727832093835,0.03854316030628979,0.21962937182979658,0.17282868269830942,0.053914092015475035,0.21507798321545124,0.0017632324415899348,1,BCC
IL_3703850,5,NV,NV,4.902981132204332e-07,2.099823117024391e-06,0.0003917795954748726,1.2359065367562039e-05,0.03740628040395677,0.9621715545654297,4.1166014068394485e-07,1.504358275639106e-05,5,NV
IL_3705242,1,BCC,BCC,0.0021492302694241516,0.9601636230945587,0.0036384095437824726,0.000530164448719006,0.0028436642605811357,0.017835942591773346,0.012672701603150927,0.00016627800334845233,1,BCC
IL_3709940,4,MEL,MEL,0.0017397575700215384,1.1699323295033537e-05,0.909178763628006,4.4503997514766525e-05,0.03580951737239957,0.05314144864678383,6.709750516620261e-05,7.2327565305840835e-06,2,BKL
IL_3711710,1,BCC,BCC,0.018909608363173902,0.26514629274606705,0.02989848703145981,0.0010052244469989091,0.3552261479781009,0.023387587629258633,0.3046495169401169,0.0017771542770788074,4,MEL
IL_3711784,1,BCC,BCC,0.006535011227242649,0.49438865249976516,0.3944086409173906,0.0074272280326113105,0.04958387585065793,0.02873917086981237,0.004401919228257611,0.01451548196200747,1,BCC
IL_3715048,4,MEL,MEL,0.00019956496015538505,6.312604728009319e-05,0.46121327753644437,4.814373096451163e-05,0.4494893401861191,0.08882305771112442,0.00012592722202953155,3.7562687111858395e-05,2,BKL
IL_3715792,5,NV,NV,6.1968764732966974e-06,0.000309789387301862,0.01266241681878455,6.437347886389944e-05,0.014479341451078653,0.9723168611526489,1.4719528394380177e-05,0.00014623744186792464,5,NV
IL_3719670,6,SCC,SCCKA,0.2170965764671564,5.921171214140486e-05,0.5672643780708313,0.00047936833016137825,0.12275045365095139,0.09181910799816251,0.0004401679179864004,9.069045131582243e-05,2,BKL
IL_3720458,4,MEL,MEL,2.3313199108088156e-05,0.0002852334874035023,0.11986825475469232,0.00028170008954475634,0.35249136481434107,0.5269064009189606,2.2728153453499544e-05,0.00012106430403946433,5,NV
IL_3721335,7,VASC,VASC,0.0003550304063537624,0.10768507234752178,0.05225564760621637,0.011452722363173962,0.07325079943984747,0.05820951424539089,0.0004963949249940924,0.6962947696447372,7,VASC
IL_3722904,1,BCC,BCC,0.005258420686004683,0.3005733788013458,0.6242784559726715,0.007830883747374173,0.016546499449759722,0.023576617008075118,0.00756602012552321,0.014369721866387408,2,BKL
IL_3724893,1,BCC,BCC,0.015450952691026032,0.0342452647164464,0.36117351055145264,0.006519540649605915,0.019027552334591746,0.15400927420705557,0.09883745174738578,0.3107364356983453,2,BKL
IL_3727802,1,BCC,BCC,0.4404100254178047,0.1386321436293656,0.37853480130434036,4.8647909352439456e-05,0.017067356209736317,0.01061930414289236,0.014584104752429994,0.00010367147660872433,0,AK
IL_3730515,1,BCC,BCC,0.041952659375965595,0.4636602938553551,0.2088650017976761,0.00016501001869073662,0.03945079120967421,0.2447746637299133,0.0009836565586738288,0.00014789291617489653,1,BCC
IL_3732140,1,BCC,BCC,0.0020933636697009206,0.38215732760727406,0.46189839392900467,0.00884177756961435,0.006097111967392266,0.11750259902328253,0.020800762838916853,0.0006086831272114068,2,BKL
IL_3732143,1,BCC,BCC,0.0017859604267869145,0.5063589364290237,0.057490866631269455,0.00180210848338902,0.0007400060130748898,0.11911801807582378,0.31264032943727216,6.375813791237306e-05,1,BCC
IL_3734319,1,BCC,BCC,0.015821013192180544,0.3217848613858223,0.44133591279387474,0.000696610237355344,0.0660941757960245,0.1167816873639822,0.03520827175816521,0.0022774673998355865,2,BKL
IL_3739398,1,BCC,BCC,0.7039495706558228,0.12119139870628715,0.04665680229663849,0.00016344476512131223,0.08302255468151998,0.04045540958031779,0.004461374250240624,9.952638629329158e-05,0,AK
IL_3742316,1,BCC,BCC,0.001978531203349121,0.49805950290010514,0.4972630679812937,1.784830988071917e-05,0.0005061486785962188,0.0019783906186603417,0.00018903726413554978,7.5225521811717044e-06,1,BCC
IL_3742523,6,SCC,SCCKA,0.14466640283353627,0.47745825350284576,0.036838991567492485,0.0006832029612269253,0.001820834120735526,0.004238177090883255,0.33392519364133477,0.0003689481090987101,1,BCC
IL_3744094,7,VASC,VASC,1.678695622331361e-05,0.003198560094460845,0.000793355364294257,0.0011849770241951774,0.03802892242674716,0.08354117546696216,0.0003570270119439556,0.8728791773319244,7,VASC
IL_3745397,1,BCC,BCC,0.0010904983791988343,0.8181710541248322,0.012221796438097954,0.0011498873500386253,0.0005224960768828169,0.12731699645519257,0.03877211540020653,0.000755215238314122,1,BCC
IL_3749738,2,BKL,BKL,0.06345743700512685,0.11781233176589012,0.39168500900268555,0.01598802671651356,0.024043535813689232,0.2941379100084305,0.090864397585392,0.002011385302466806,2,BKL
IL_3751516,1,BCC,BCC,2.0366061502130606e-05,0.0011046810504922178,0.056983984482940286,5.491699795356908e-06,0.1719719556713244,0.7655798494815826,4.0121733746900645e-05,0.0042935864184983075,5,NV
IL_3752602,1,BCC,BCC,0.395015153568238,0.4898231601691805,0.05246073007583618,2.9186084248067345e-05,0.008995474933726655,0.052334292839077534,0.0012293497966311406,0.0001126714623751468,1,BCC
IL_3754821,6,SCC,SCCKA,0.009496274253251613,0.025143160621155403,0.2707739919424057,0.0037462853942997754,0.006107178516685963,0.198287648614496,0.46484949096338823,0.02159590877582218,6,SCC
IL_3758218,1,BCC,BCC,0.012180723759229295,0.5021227293182164,0.32175975025165826,0.06971155177703281,0.015171534527326003,0.02812667321995832,0.04950898066636,0.0014180291526884048,1,BCC
IL_3758712,2,BKL,BKL,0.006218670634552836,0.04451090458314866,0.5773394554853439,0.0003983947373171759,0.0006807657482568175,0.006115069845691323,0.36460798027565033,0.00012874560979980743,2,BKL
IL_3766346,5,NV,NV,0.0006584236123217124,0.20463908836245537,0.03662873039866099,0.0024680553178768605,0.007871679728850722,0.3557804077863693,0.00014461439241131302,0.39180901320651174,7,VASC
IL_3767743,1,BCC,BCC,0.0028422525865607895,0.39400398917496204,0.4976280089467764,8.137713302858174e-05,0.004675971227698028,0.10054985620081425,8.368743510800414e-05,0.0001348123769275844,2,BKL
IL_3767915,1,BCC,BCC,0.1693871719762683,0.043834381736814976,0.7077366262674332,0.0003592571938497713,0.001163893612101674,0.07633737911237404,0.0009694120089989156,0.00021186430194575223,2,BKL
IL_3767932,5,NV,NV,0.0004348300863057375,0.0012290684171603061,0.1627723341807723,0.0017787037941161543,0.09901740727946162,0.7318594455718994,0.0022377972200047225,0.0006704519037157297,5,NV
IL_3770255,4,MEL,MEL,0.002049389004241675,2.5840203306870535e-05,0.49100428039673716,3.1501562261837535e-05,0.5003305533900857,0.005783566506579518,0.0007600656354043167,1.4764672869205242e-05,4,MEL
IL_3771556,5,NV,NV,0.00010839820970431902,0.0008488115354339243,0.24959979846607894,0.0001305701989622321,0.07270065773627721,0.6758014261722565,6.99084494044655e-05,0.0007404055677397992,5,NV
IL_3772647,1,BCC,BCC,0.0013754685496678576,0.45648011518642306,0.07654104009270668,0.0012642592773772776,0.000775741646066308,0.4617714111227542,0.0016112150624394417,0.00018072785314870998,5,NV
IL_3772690,6,SCC,SCCKA,0.00015569628749290132,0.011304208834189922,0.07062851055525243,0.42075959184148815,0.004658981109969318,0.005222337334998883,0.4871263523818925,0.0001443316195945954,6,SCC
IL_3774804,6,SCC,SCCKA,0.005024366093493882,0.006283265232923441,0.0810837747703772,0.01081215584417805,0.14155053910508286,0.023144784863688983,0.7251599282026291,0.006941233227450994,6,SCC
IL_3778802,5,NV,NV,9.946910358848982e-05,0.00018799955898884946,0.1578653771430254,0.003932519190129824,0.09884731285274029,0.7378500699996948,0.0009574926289133145,0.0002597689708636608,5,NV
IL_3783944,0,AK,AKIEC,0.0014006609562784433,0.002890805910283234,0.6718013882637024,0.00039355945045826957,0.09939111769199371,0.15886563062667847,0.019142933742841706,0.046113890944980085,2,BKL
IL_3787537,1,BCC,BCC,0.03267494332976639,0.5195833742618561,0.12991254031658173,0.0795653760433197,0.036908297799527645,0.046343532390892506,0.14832422393374145,0.006687663611955941,1,BCC
IL_3790645,4,MEL,MEL,2.0069576294190483e-05,0.011361290336935781,0.029640781871421495,1.0860817837965442e-05,0.9408546984195709,0.016894997097551823,6.553153798449785e-05,0.0011517604143591598,4,MEL
IL_3790994,1,BCC,BCC,0.006726423976942897,0.5726995691657066,0.06141584785655141,9.003299837750944e-05,0.0008819383656373248,0.02951059117913246,0.31884004090852613,0.009835554306846461,1,BCC
IL_3794416,1,BCC,BCC,0.0010926633567578392,0.9906143844127655,0.002612576703540981,3.29772008171858e-05,0.00011752803220588248,0.0032790018885862082,0.0022336114634526893,1.7280548149756214e-05,1,BCC
IL_3800728,1,BCC,BCC,0.5853278413414955,0.004540319787338376,0.07480746379007996,0.005825841730243475,0.20683031453791045,0.11355216690397896,0.006834843427867554,0.00228120121711195,0,AK
IL_3802643,1,BCC,BCC,0.1743963286280632,0.02741335314931348,0.37509892880916595,0.0024643279029987752,0.18117428669938818,0.14117764169350266,0.09792524203658104,0.0003498923579172697,2,BKL
IL_3805769,1,BCC,BCC,0.11310111731290817,0.05040555074810982,0.40139407478272915,0.0014383495727088302,0.007109724567271769,0.01633998705074191,0.41000138968229294,0.00020981996931368485,6,SCC
IL_3806100,6,SCC,SCCKA,0.7512025237083435,0.00020931739709340036,0.08042779471725225,4.262700895196758e-05,0.0012456376989575801,0.00039914935223350767,0.16642428643535823,4.8603320465190336e-05,0,AK
IL_3807651,1,BCC,BCC,0.007252089213579893,0.49653105391189456,0.17272272275295109,0.007467746501788497,0.11931271609137184,0.1751332706771791,0.0200814011041075,0.0014990344061516225,1,BCC
IL_3809267,4,MEL,MEL,8.850984613673063e-05,0.0009740999594214372,0.07699416269315407,0.00045376775597105734,0.044331717188470066,0.8769306242465973,1.6573641005379613e-05,0.00021057449896488833,5,NV
IL_3812776,1,BCC,BCC,0.20768671110272408,0.12266842894314323,0.4596387855708599,0.01431184872490121,0.11541172116994858,0.007351996842771769,0.040371807601331966,0.03255873644957319,2,BKL
IL_3812964,5,NV,NV,1.8021583407801245e-06,5.649138074659277e-06,0.0016453855496365577,5.644499537993397e-06,0.0017761438230081694,0.9965352118015289,1.880877334770048e-06,2.8277792750941444e-05,5,NV
IL_3817473,5,NV,NV,0.0011454375485016044,0.0023755731724577345,0.29080112744122744,0.0953925514149887,0.028367272578179836,0.47063068754505366,0.11127096673391179,1.633436477277428e-05,5,NV
IL_3818681,6,SCC,SCCKA,0.10434343479573727,0.02467456739395857,0.7664088606834412,0.0016629165975245996,0.03525010880912305,0.03902277525776299,0.026639505485945847,0.001997825538410325,2,BKL
IL_3819461,1,BCC,BCC,0.44882864179089665,0.059772562235593796,0.3886925121769309,0.0007004438948570169,0.0017007543938234448,0.0872861729003489,0.012695104393060319,0.0003237352539144922,0,AK
IL_3824346,6,SCC,SCCKA,0.00047654764875915134,0.4524685561522688,0.04321023938246071,2.29020752726683e-05,0.494281537597999,0.0070422610733658075,0.0024133786755555775,8.458400338895444e-05,4,MEL
IL_3824420,5,NV,NV,1.8224669133815041e-06,6.072477560792322e-06,0.0002255412891827291,4.561797595670214e-06,0.0138291846960783,0.985905259847641,2.2587394141737605e-06,2.52949794230517e-05,5,NV
IL_3826900,1,BCC,BCC,5.395399057306349e-05,0.5098533043637872,0.4748302661755588,0.0003956600962737866,0.0009399405971635133,0.011461051799415145,0.0022883409401401877,0.00017742365889716893,1,BCC
IL_3827955,2,BKL,BKL,0.009086579259019345,6.800179824040242e-05,0.9035298824310303,0.00031048869481986596,0.06185190204769242,0.025089935485084425,5.5449998027867764e-05,7.724781022289129e-06,2,BKL
IL_3829109,5,NV,NV,0.00025305684380327875,0.00014289669343270361,0.0019999411306343973,0.005406667693023337,0.08149546846107114,0.9087283909320831,6.668847072432982e-05,0.0019068380333919777,5,NV
IL_3830097,1,BCC,BCC,0.16401528380811214,0.4287462253123522,0.05179151613265276,2.4864491933840327e-05,0.023317353188758716,0.26632169052027166,0.06573835548988427,4.472890054785239e-05,1,BCC
IL_3836010,1,BCC,BCC,0.044796315632993355,0.4889681674540043,0.24782943166792393,4.892538447620609e-05,0.027385465262341313,0.18835223838686943,0.0012903803872177377,0.0013290422066347674,1,BCC
IL_3836672,4,MEL,MEL,0.08974727606982924,0.13126557016369134,0.005556143558351323,0.01584210316877943,0.09455153346061707,0.6618514060974121,0.001122441390180029,6.352679702104069e-05,5,NV
IL_3836754,1,BCC,BCC,0.09230350889265537,0.5792490541934967,0.02606012113392353,5.371403858589474e-05,0.0004331552336225286,0.0007163936388678849,0.3011100273579359,7.403079143841751e-05,1,BCC
IL_3837835,1,BCC,BCC,0.3343722720746882,0.14908167719841003,0.00840135476028081,5.936714984500213e-05,0.0683110497193411,0.4051560368388891,0.0005793230229755864,0.03403893458744278,5,NV
IL_3837894,0,AK,AKIEC,0.02770855651738202,0.039349507715087384,0.8400059342384338,0.0003913596125357799,0.001986676186788827,0.0023539193789474666,0.08806728385388851,0.00013678903997060843,2,BKL
IL_3839366,1,BCC,BCC,0.0008985992753878236,0.7934479415416718,0.019358185352757573,0.0012360875462036347,0.04952323867473751,0.13487232476472855,0.0004771868932493817,0.00018636695955365212,1,BCC
IL_3844100,6,SCC,SCCKA,0.2900077011436224,0.014004738561197883,0.021780915092676878,0.00023436668834619923,0.005230998067418113,0.000360249076038599,0.668179839849472,0.000201175442271051,6,SCC
IL_3844274,1,BCC,BCC,0.38173148571513593,0.08202042437915225,0.4755445085465908,0.00020880178817606065,0.003203589643817395,0.054359630681574345,0.0014903903793310747,0.0014411706524697365,2,BKL
IL_3845206,2,BKL,BKL,0.00016862872672618323,1.9345580950513863e-05,0.9045031666755676,0.0010125536862375384,0.0001086438232960063,0.09379481617361307,0.0003903988031197514,2.485581969580153e-06,2,BKL
IL_3847585,2,BKL,BKL,1.0513514439480787e-05,0.09313098578066148,0.5008547141915187,1.0235306180828019e-05,0.2811060258245561,0.12466004828820587,0.0002134047402044814,1.4125948384346998e-05,2,BKL
IL_3850759,1,BCC,BCC,0.080656076215746,0.3384615182876587,0.060964145697653294,0.011082546800025739,0.005463426758069545,0.45170991122722626,0.04715434601530433,0.0045079888914187904,5,NV
IL_3852140,5,NV,NV,0.00013598248915513977,0.0008444006702461593,0.13463157042860985,0.00037358519898589293,0.4205958563834429,0.4433827134780586,3.0569885439035716e-05,5.330868248165643e-06,5,NV
IL_3852871,5,NV,NV,7.860683217586484e-05,0.012312974864471471,0.014567855629138649,0.0005202040774747729,0.055002177599817514,0.9133877456188202,0.0005555858192565211,0.003574803122319281,5,NV
IL_3853188,3,DF,DF,6.928329094080254e-05,0.034109902975615114,0.34497612342238426,0.4797424077987671,0.0034071939371642657,0.03146963025210425,0.10609113425016403,0.00013434798256639624,3,DF
IL_3853343,6,SCC,SCCKA,0.08206687667825463,0.07482695672661066,0.27513741119764745,0.47734618629328907,0.035973459598608315,0.029523715376853943,0.005652463063597679,0.01947292837576242,3,DF
IL_3855783,1,BCC,BCC,0.011040736868380918,0.9219651818275452,0.0020216489501763135,0.002633499351759383,0.059045415837317705,0.0027283861563773826,0.000229702825890854,0.0003353940738861638,1,BCC
IL_3857258,1,BCC,BCC,0.002521981266909279,0.6310574412345886,0.004248004173859954,5.80839093800023e-06,0.0006429115310311317,0.3612576089290087,0.0002588977222330868,7.423275974360877e-06,1,BCC
IL_3857855,5,NV,NV,2.1783458123536548e-05,1.47392329381546e-05,0.23191402852535248,0.00012604050971276592,0.10350411583203822,0.6640075445175171,1.9909430875486578e-05,0.00039191530959215015,5,NV
IL_3858300,2,BKL,BKL,0.0024569358211010695,0.037763530388474464,0.5862290114164352,0.001414871942870377,0.036494743631919846,0.2750639064179268,0.06047466862946749,0.00010230891575702117,2,BKL
IL_3858708,0,AK,AKIEC,0.14646515762797208,0.001263442449271679,0.5620109513401985,2.4263080376840662e-05,0.000302517153613735,0.0010942828821498551,0.2888374941976508,1.8881044070440112e-06,2,BKL
IL_3859147,1,BCC,BCC,0.47635311097837985,0.16672374703921378,0.08607608894817531,0.0037792114508192753,0.02040381741244346,0.0055257398635149,0.24091203526768368,0.00022620714116783347,0,AK
IL_3859587,1,BCC,BCC,0.44502102490514517,0.46254858569591306,0.0475433636456728,2.4810970899125095e-05,0.0019689672626554966,0.01665754383429885,0.02615761201013811,7.810040551703423e-05,1,BCC
IL_3860000,2,BKL,BKL,3.936215193789394e-05,0.0011710171791037283,0.6245947927236557,2.207403667853214e-05,0.0016479208807140822,0.37248058523982763,4.1670139580674004e-05,2.603738231243824e-06,2,BKL
IL_3861295,3,DF,DF,6.360697135221471e-06,0.025192016542860074,0.0004816005402972223,0.49992691969964653,0.024270259455988707,0.44960543721026625,4.198697524770978e-06,0.0005131540820002556,3,DF
IL_3871649,5,NV,NV,4.885785074293381e-06,8.778056496794306e-05,0.01480620733309479,0.00015501265215789317,0.006607546238228679,0.9782397150993347,2.6526498174916924e-05,7.241079947561957e-05,5,NV
IL_3876591,1,BCC,BCC,0.0071909818216226995,0.5370515733957291,0.01981960190460086,0.0004963573619534145,0.05827475804835558,0.3584345184499398,0.018708571080424008,2.367443812545389e-05,1,BCC
IL_3879916,0,AK,AKIEC,0.0013665917431353591,0.06907005049288273,0.4866899995249696,0.0001369340425299015,0.0006706719941576011,0.0054261554942058865,0.43663712502075214,2.5138861303730664e-06,2,BKL
IL_3883867,5,NV,NV,0.00012009877400487312,0.03439471779529413,0.14484335156157613,0.00019153765970258974,0.015809916891157627,0.7993833422660828,0.005162165431102039,9.490828233538195e-05,5,NV
IL_3884267,5,NV,NV,4.2757728806464e-05,0.00045798494647897314,0.09218387550208718,0.00038520000725839054,0.5948396176099777,0.3117985352873802,5.134903437920002e-05,0.00024068017864919966,4,MEL
IL_3884750,1,BCC,BCC,0.059459855780005455,0.2835491234436631,0.4622361958026886,0.0008489248139085248,0.00601590855512768,0.1626498056575656,0.024986802716739476,0.00025335317695862614,2,BKL
IL_3884905,3,DF,DF,0.00037084014002175536,0.009984636626541032,0.016322705312632024,0.20940585806965828,0.05878493597265333,0.7033238410949707,0.001567410712596029,0.00023979186153155752,5,NV
IL_3884933,1,BCC,BCC,0.0017141826683655381,0.46819725645764265,0.4661003048531711,0.003932238440029323,0.008252341765910387,0.050418123602867126,0.0010607427975628525,0.0003247811837354675,1,BCC
IL_3887392,1,BCC,BCC,0.514082744717598,0.3131556403950526,0.06446515053778512,0.00034825094166668347,0.007160500859754393,0.01321360108886438,0.08643715065933577,0.0011369259289994993,0,AK
IL_3888766,1,BCC,BCC,0.02427023960808583,0.038839913613628596,0.9007793366909027,0.0005061669944552705,0.0065653708297759295,0.007856435026042163,0.02100516960854293,0.00017741062310960842,2,BKL
IL_3892342,1,BCC,BCC,0.0016066135722212493,0.5002048490568995,0.4915926352259703,4.230684498907067e-05,0.0005414638817455852,0.005850771442055702,8.120121674437542e-05,8.010160445337533e-05,1,BCC
IL_3892399,1,BCC,BCC,7.033467454675701e-05,0.4626545812934637,0.36483949059038423,0.0012624965520444675,0.0004721987097582314,0.10329155318322591,0.0671999246114865,0.0002094080850838509,1,BCC
IL_3893799,6,SCC,SCCKA,0.40160896396264434,0.48413797840476036,0.03535725921392441,0.0009814251970965415,0.0012913602695334703,0.0074426226783543825,0.0689665675163269,0.00021384831052273512,1,BCC
IL_3895392,6,SCC,SCCKA,0.002262220557895489,0.0050837677104027534,0.006003501075610984,0.017254741581382405,0.008451787532976596,0.0009284942925091855,0.9598885178565979,0.00012692261479685385,6,SCC
IL_3897948,1,BCC,BCC,0.11690323838433869,0.792487233877182,0.07472651786292772,7.952008051059778e-05,0.0018068396246917473,0.012022789778484366,0.0018142824542906055,0.00015957933703036886,1,BCC
IL_3899436,1,BCC,BCC,0.02016986208036542,0.014813491754466668,0.8794045746326447,0.015162604686338454,0.020602776552550495,0.03877153340727091,0.009917122544720769,0.0011580038408283144,2,BKL
IL_3899977,2,BKL,BKL,0.34884181432425976,0.10342551895882934,0.46795608662068844,0.012804052443243563,0.012753902992699295,0.029264634009450674,0.016737726982682943,0.008216288406401873,2,BKL
IL_3901946,3,DF,DF,0.00015709936405983171,9.20847273846448e-05,5.552658603846794e-05,0.4862283318070695,0.0006113161216489971,0.014583203534130007,1.843034578996594e-05,0.4982540610758406,7,VASC
IL_3906452,4,MEL,MEL,0.001086669597555101,2.289438100433472e-05,0.14376533403992653,5.0865572589486874e-05,0.4051781877715257,0.44914535805583,0.0005877230978512671,0.00016305505607938642,5,NV
IL_3907466,1,BCC,BCC,0.005672284169122577,0.453302264213562,0.010396209545433521,0.001065853033651365,0.07244946237187833,0.4305417537689209,0.01346168713644147,0.013110429888001818,1,BCC
IL_3908552,1,BCC,BCC,6.989750363572966e-05,0.5056659975089133,0.40782779344135633,2.111824826345199e-06,0.0010865158852055856,0.08534144856821513,1.3912534617688266e-06,4.830462014826509e-06,1,BCC
IL_3910210,5,NV,NV,0.010681701518478803,0.000436498487033532,0.14672094909474254,0.04010887220283621,0.10010174103081226,0.694699302315712,0.0020948185829183785,0.005156107778020669,5,NV
IL_3914396,1,BCC,BCC,0.0027660189080052078,0.6614215075969696,0.049946490209549665,0.0001802249717002269,0.0005270299479889218,0.2848577704280615,0.00027828025486087427,2.2707447897118982e-05,1,BCC
IL_3916438,5,NV,NV,2.4442529422685766e-06,6.631567885051481e-05,0.46575706702424213,3.462059800085626e-05,0.0014555969173670746,0.5326135233044624,2.4831405625036496e-06,6.790496496478227e-05,5,NV
IL_3919255,5,NV,NV,8.471512046526186e-06,0.00021863284501932867,0.05257820494443877,0.00027684208907885477,0.30419292114675045,0.6407185941934586,3.388965342310257e-05,0.001972467129235156,5,NV
IL_3925497,4,MEL,MEL,1.2280150762933317e-07,1.1224805858134346e-06,0.0002966338984400352,2.7376379421184538e-05,0.301963038276881,0.6977084875106812,7.917222148989822e-07,2.366724572766543e-06,5,NV
IL_3930642,1,BCC,BCC,0.0011024296982213855,0.9662499129772186,0.0015327956061810255,0.0187439790643964,0.0014998757069406565,0.00014163141531753354,0.010644274826518085,8.50986064335757e-05,1,BCC
IL_3931647,2,BKL,BKL,9.241312227459275e-06,3.225398904760368e-05,0.8028985857963562,6.06359490120667e-05,0.00044381923362379894,0.19650962704326957,2.8113830921938643e-05,1.76865669345716e-05,2,BKL
IL_3935951,5,NV,NV,0.001018665241645067,0.011619732162216678,0.027634851343464106,0.0009373516077175736,0.12298860785085708,0.8164904713630676,0.0014338658656924963,0.017876405967399478,5,NV
IL_3936044,0,AK,AKIEC,0.2587188520701602,0.1505800038576126,0.2555083129554987,0.003967411146732047,0.10479123890399933,0.009313993621617556,0.21623394824564457,0.0008862050344760064,0,AK
IL_3938261,1,BCC,BCC,0.0019469738472253084,0.05028586462140083,0.2968323901295662,0.024392172694206238,0.01617508032359183,0.5937735587358475,0.0011877954530064017,0.015406168007757515,5,NV
IL_3939188,0,AK,AKIEC,0.000990171047305921,9.21256450965302e-05,0.48580938585109834,0.0002023430042754626,0.002441728262738252,0.010733173911901872,0.4997280779061839,3.057961691199651e-06,6,SCC
IL_3944714,1,BCC,BCC,0.48563907761126757,0.49202490055176895,0.015166974160820246,2.3715354075193318e-05,0.0002623517757456284,0.004141174023970962,0.002717305392252456,2.451308546369546e-05,1,BCC
IL_3944877,2,BKL,BKL,6.090855251272842e-07,2.5275515014300254e-07,0.7397171854972839,4.767917090475748e-06,0.026852428331039846,0.23342355620115995,2.2930785092967199e-07,9.8665647030316e-07,2,BKL
IL_3945386,1,BCC,BCC,0.221371695632115,0.2732809754088521,0.43269993364810944,0.0020398609194671735,0.0019407226573093794,0.028572604176588356,0.040072490519378334,2.1703026504837908e-05,2,BKL
IL_3948113,5,NV,NV,1.6438576437849406e-06,0.0004289663147574174,0.5749156326055527,0.00044649682558883796,0.041232334449887276,0.38285744562745094,2.6041469688209418e-05,9.145914464170346e-05,2,BKL
IL_3949779,1,BCC,BCC,0.001790137990610674,0.027168490458279848,0.5974062085151672,0.00048405263805761933,0.021338702295906842,0.07324039051309228,0.2784727969155938,9.926334678311832e-05,2,BKL
IL_3952993,1,BCC,BCC,0.46284150926658185,0.43210738417110406,0.04596145711548161,2.61199961766323e-05,0.00012395668818498962,0.03729891777038574,0.02163833794637071,2.3163361682065897e-06,0,AK
IL_3954286,1,BCC,BCC,0.0002422184516035486,0.5122104752808809,0.1251666129246587,0.0014202054526322172,0.15146135172835784,0.20002672192640603,0.0004376354772830382,0.009034737740876153,1,BCC
IL_3955700,2,BKL,BKL,0.00013185754824007745,0.00010970705548984938,0.9314638376235962,4.178204642357741e-05,0.019928517285734415,0.04829295561648905,1.6005060189172582e-05,1.5305545645105667e-05,2,BKL
IL_3956488,2,BKL,BKL,1.2899536656618693e-06,2.21873324619537e-05,0.95400071144104,9.204065511525528e-06,0.01007653084161575,0.03585238108644262,3.865063860075679e-06,3.384561066255287e-05,2,BKL
IL_3961621,1,BCC,BCC,0.48795104771852493,0.12581067078281194,0.37288215523585677,7.002173197179218e-05,0.006597080617211759,0.005955140528385527,0.0006897634011693299,4.406865900818957e-05,0,AK
IL_3966322,3,DF,DF,0.006091397430282086,0.004178687231615186,0.7717233896255493,0.014058160595595837,0.0043555646552704275,0.18350688368082047,0.0150357810780406,0.0010501277720322832,2,BKL
IL_3968008,1,BCC,BCC,0.0326063277098001,0.03240289120003581,0.8035852015018463,0.02845136653922964,0.003809881629422307,0.034140608622692525,0.05628617134789238,0.00871758135122036,2,BKL
IL_3968220,5,NV,NV,0.006979595378652448,0.23419606519746594,0.1554189771413803,0.00020724641217384487,0.03456757159437984,0.5621897876262665,0.0060485981442752745,0.0003921333955076989,5,NV
IL_3973375,2,BKL,BKL,0.0026289923771400936,0.5980983003973961,0.19527627694333205,0.04143233880395769,0.010966465541685011,0.08973568730289117,0.061433317758996964,0.00042856060600371393,1,BCC
IL_3974873,1,BCC,BCC,6.054172081348952e-05,0.5018555698916316,0.4855419268133119,0.00010720192085500457,0.0017033531548804604,0.009141718037426472,0.0009612966769054765,0.0006283664552029222,1,BCC
IL_3976395,1,BCC,BCC,0.0027656667625706177,0.9143002927303314,0.0707888861434185,0.00043800915150882247,0.003518833123962395,0.002831115198205225,0.004535027858310059,0.0008221299274282501,1,BCC
IL_3980813,1,BCC,BCC,0.041116087697446346,0.5475636124610901,0.3925808072090149,0.00023880750995886046,0.0035737463767873123,0.007131655467674136,0.0073676337487995625,0.000427672996011097,1,BCC
IL_3982236,2,BKL,BKL,0.798468828201294,0.008253941021393985,0.03310638549737632,0.0013172072649467736,0.09968072469928302,0.049443822223111056,0.008718759927432984,0.0010103307677127304,0,AK
IL_3982685,5,NV,NV,3.1269516540533004e-06,0.0005593524250286919,0.034027221729047596,5.062771954555956e-06,0.003166576148942113,0.9622366428375244,1.2993400122507381e-07,1.9565874822546903e-06,5,NV
IL_3984106,1,BCC,BCC,0.18618794644498848,0.6159658432006836,0.049448410700279055,0.06907891049166892,0.04680746071971953,0.020926821307512,0.009711839258670807,0.001872719682864954,1,BCC
IL_3984556,1,BCC,BCC,0.15975505020469427,0.11525629957031924,0.3599582612514496,0.009062792698387057,0.04572260065469891,0.2554550748318434,0.044955245684832335,0.009834627649979666,2,BKL
IL_3985289,1,BCC,BCC,0.01583875808864832,0.4006863608956337,0.04126979294233024,0.004740245029097423,0.0010230268526356667,0.11136485682800412,0.4249456113902852,0.00013129615854268195,6,SCC
IL_3986859,1,BCC,BCC,3.556644139734999e-05,0.0004619016181095503,0.8131172955036163,0.00019253310892963782,0.001951101905433461,0.18420873768627644,2.3936030462579083e-05,8.913803753785032e-06,2,BKL
IL_3987209,6,SCC,SCCKA,0.0030835914658382535,0.2208256614394486,0.7511806786060333,0.0010481801291462034,0.005266525549814105,0.0135752665810287,0.004719426156952977,0.0003006235492648557,2,BKL
IL_3990858,2,BKL,BKL,0.09037092655489687,0.5133823454380035,0.34993808111175895,0.0006255679181776941,0.0034445873097865842,0.03710420802235603,0.00505497184349224,7.93253057054244e-05,1,BCC
IL_3991500,5,NV,NV,9.321223899405595e-06,0.000452123340437538,0.00022185478155734017,0.0031471919937757775,0.010763544851215556,0.9851469397544861,1.444459519461816e-05,0.0002445433656248497,5,NV
IL_3995124,5,NV,NV,6.477158365214564e-05,9.606566891307011e-06,0.38476797565817833,9.169971599476412e-05,0.09553659800440073,0.519356295466423,7.042705107096481e-05,0.00010267145216857898,5,NV
IL_3995559,4,MEL,MEL,0.008158994663972408,5.587834766629385e-05,0.7969005107879639,0.00014188564990647023,0.1040980237248732,0.09034201502799988,0.0001608316711099178,0.00014189205706571784,2,BKL
IL_3996209,1,BCC,BCC,0.03129525381064013,0.5596139430999756,0.3083228976211103,0.00031291406195732563,0.0123460469752672,0.04349246764331838,0.04405065269611441,0.0005658025825319157,1,BCC
IL_3999656,2,BKL,BKL,0.0022839282173663378,0.033012338913977146,0.07016178127378225,0.013334764262253884,0.022497654033941217,0.35912818610086106,0.49730522371828556,0.0022760898964406806,6,SCC
IL_4000063,1,BCC,BCC,0.0068989458959549665,0.8665062189102173,0.021881648222915828,0.006964027656067628,0.03019472587038763,0.0024852449641912244,0.062093704589642584,0.0029754938950645737,1,BCC
IL_4003805,1,BCC,BCC,0.02294360677478835,0.07361797895282507,0.4568892614915967,0.00631576229352504,0.23190805257763714,0.1176088098436594,0.007266749395057559,0.08344980317633599,2,BKL
IL_4005542,1,BCC,BCC,0.009803121269214898,0.410760585218668,0.010248777456581593,0.00013619617584481603,0.5012670643627644,0.023179395589977503,0.043169610551558435,0.0014352160796988755,4,MEL
IL_4008032,1,BCC,BCC,0.2996160523034632,0.3038860410451889,0.37717121839523315,9.897034760797396e-05,0.000402314261009451,0.015458594541996717,0.003290196182206273,7.661563358851708e-05,2,BKL
IL_4010567,1,BCC,BCC,3.1726569886814104e-06,0.5156035702675581,0.0006118994897406083,9.15017080771463e-06,0.010668600403732853,0.47261805151356384,2.52333184107556e-05,0.0004603539751144581,1,BCC
IL_4011591,1,BCC,BCC,0.026941897718643304,0.20660192803370592,0.738746702671051,0.0012657694626341254,0.00350926278042607,0.009863235289230943,0.01254554893500881,0.0005256591163060875,2,BKL
IL_4013404,5,NV,NV,3.990128485398259e-07,3.2814594987939927e-06,0.0045646788203157485,1.0226020776826772e-06,0.04608352854847908,0.9493428170681,5.23358865578416e-07,3.758989322477646e-06,5,NV
IL_4015357,1,BCC,BCC,0.0012032670492772013,0.5571490414440632,0.42103064824914327,0.00010816308440553257,0.005727902164380794,0.01369800028624013,0.001000978983938694,8.192400264306343e-05,1,BCC
IL_4019349,1,BCC,BCC,0.12929247468764515,0.5822573229670525,0.23384606047329726,0.0001855523941287629,0.004295711985719208,0.049326383392326534,0.000443565908653909,0.0003529139568243522,1,BCC
IL_4020626,2,BKL,BKL,0.058381585171446204,0.00112875945342239,0.046032479498535395,0.0015493020764552057,0.01816925802268088,0.027596684638410807,0.8470987975597382,4.307978997530881e-05,6,SCC
IL_4022270,1,BCC,BCC,0.06923204597842414,0.4744906382402405,0.39707278413698077,0.005520809907466173,0.025324157206341624,0.027237718924880028,0.0009916751878336072,0.00013020396227148012,1,BCC
IL_4028485,4,MEL,MEL,0.010730187749913966,0.0003859295334223134,0.37600113824009895,0.0022405351810448337,0.006262503331527114,0.5509691089391708,0.053149885265781904,0.0002607313730322858,5,NV
IL_4028945,0,AK,AKIEC,0.045165464747697115,0.42965760454535484,0.10797560401260853,0.01836724918211985,0.19295175102888606,0.0803270683172741,0.09379574190825224,0.03175950465720234,1,BCC
IL_4032285,1,BCC,BCC,1.153341224835458e-05,0.8712587654590607,0.12348776168801123,2.5710217528285284e-06,0.000756251800339669,0.0031098362524062395,0.0008130842734317412,0.0005601746147476661,1,BCC
IL_4033991,2,BKL,BKL,0.03118455703406653,0.0004170239990344271,0.6671263575553894,0.000528568125446327,0.22736243903636932,0.0721400398761034,0.0006316230865195394,0.0006094288692111149,2,BKL
IL_4034237,1,BCC,BCC,0.013518194144126028,0.7210953235626221,0.04301642207428813,0.0005722608657379169,0.0038440686985268258,0.004623925546184182,0.21317962859757245,0.00015014398377388716,1,BCC
IL_4034865,1,BCC,BCC,0.1783973736964981,0.5066932300105691,0.004035168909467757,2.5250670205423376e-05,0.0018144182130299669,0.30628167817849317,0.00016524983220733702,0.002587628778456974,1,BCC
IL_4041847,4,MEL,MEL,8.981864539236994e-06,4.4038713895133696e-05,0.27663662377744913,0.00010965529327222612,0.3478279863775242,0.37526220083236694,3.4248891097377054e-05,7.627411832800135e-05,5,NV
IL_4042622,1,BCC,BCC,0.00029866048134863377,0.38845447078347206,0.38109299750067294,7.595423630846199e-05,0.00021582353656413034,0.09925174713134766,0.13039534364361316,0.00021502204072021414,1,BCC
IL_4049256,1,BCC,BCC,0.00018674914645089302,0.0017977572279050946,0.9973772764205933,4.649271318157844e-06,0.00014897386574830307,0.00038512943137902766,9.377927017339971e-05,5.6596149704546406e-06,2,BKL
IL_4050441,1,BCC,BCC,0.005426749063190073,0.5009047084022313,0.27592707477742806,0.0001485859975218773,0.12192122214037227,0.09366449368826579,0.0018914571337518282,0.0001156623966380721,1,BCC
IL_4051895,4,MEL,MEL,5.232686049794211e-06,0.00011039022440684221,0.004708830305617084,3.6962836674092614e-05,0.004960378399118781,0.9899413883686066,0.00010092480940571136,0.00013584511179942638,5,NV
IL_4052441,5,NV,NV,2.7875082196260337e-05,0.00012663442839766503,0.018513936083763838,0.00010160244346479885,0.12294009421020746,0.8573870360851288,3.731321976374602e-05,0.0008655457959321211,5,NV
IL_4052730,5,NV,NV,0.00013312754663274973,9.160889385384507e-05,0.5331471413373947,0.002660662343259901,0.13644764554919675,0.326427161693573,0.0005567032203543931,0.0005360038458093186,2,BKL
IL_4055680,1,BCC,BCC,0.0017361223326588515,0.5606138557195663,0.14245124906301498,0.14310525250039063,0.028965321398572996,0.026286963373422623,0.09187053143978119,0.004970708192558959,1,BCC
IL_4061153,1,BCC,BCC,0.00011223026831430616,0.8442418277263641,0.10306803602725267,0.0004099735651834635,0.01898777880705893,0.025878534390358254,0.0070360977842938155,0.0002655278283327789,1,BCC
IL_4061949,5,NV,NV,5.0207514742939274e-09,2.0250215837167018e-07,4.4972678551857825e-05,3.2702527175132445e-07,0.004797083165613003,0.9951571226119995,4.5258724355040636e-08,2.3608726706925154e-07,5,NV
IL_4064310,1,BCC,BCC,0.05705947574460879,0.08157585418666713,0.7689319252967834,0.00016716476011424675,0.028879939154649037,0.0621632577458513,0.00030886709214428265,0.0009135614997717312,2,BKL
IL_4064393,5,NV,NV,8.185190472431714e-05,5.399282417783979e-05,0.11143008503131568,5.94170314798248e-05,0.04694404220208526,0.8412325382232666,8.634595178591553e-05,0.00011177618580404669,5,NV
IL_4064618,4,MEL,MEL,2.2746415993424307e-05,5.595825314230751e-05,0.004777714901138097,5.085262910142774e-05,0.11646825447678566,0.8783414661884308,2.8343837584543508e-05,0.0002546974501456134,5,NV
IL_4066034,1,BCC,BCC,0.002917365258326754,0.4960037535056472,0.390793217375176,0.0002784792723105056,0.006119102181401104,0.10357630741782486,9.406170283909887e-05,0.00021766544523416087,1,BCC
IL_4067349,1,BCC,BCC,0.1188847694429569,0.03441434446722269,0.3087878271471709,0.0001357334319891379,0.027074826117313933,0.028153666578873526,0.4823532085865736,0.00019560726499889824,6,SCC
IL_4068514,1,BCC,BCC,0.04168974235653877,0.07147614099085331,0.014484526123851538,0.00024232062423834577,0.5659338384866714,0.07936485903337598,0.21466673258692026,0.012141773477196693,4,MEL
IL_4072310,5,NV,NV,6.4380853359580215e-06,3.33447300562284e-05,0.019391218665987253,9.777290324564092e-05,0.001919907022966072,0.9783701002597809,0.00014194965781655355,3.9225104274009936e-05,5,NV
IL_4073740,4,MEL,MEL,0.42869959969539195,0.2723240322084166,0.20807090925518423,0.0006158680615158119,0.020846775732934475,0.016642648755805567,0.05274792050477117,5.224658707447816e-05,0,AK
IL_4075646,1,BCC,BCC,0.0004993218609570249,0.8849823176860809,0.003240145535528427,0.0002532350024466723,0.08858600798930638,0.0158599347632844,0.00567007006611675,0.0009088921301270148,1,BCC
IL_4079886,6,SCC,SCCKA,0.34996989800129086,0.09474858629982919,0.5038350224494934,0.0004706742038251832,0.004729186184704304,0.0023409411078318954,0.04225353803485632,0.0016521234247193206,2,BKL
IL_4083881,0,AK,AKIEC,0.05879720486700535,0.038103829603642225,0.3737021926790476,0.0243267142213881,0.04388249875046313,0.017397101779351942,0.4437360092997551,5.444191083370242e-05,6,SCC
IL_4084018,1,BCC,BCC,0.000743377250728372,0.49521655193530023,0.44578630925389007,4.269796420430794e-06,0.001524422843729667,0.05445818931912072,0.002195672772359103,7.120551019035304e-05,1,BCC
IL_4088084,6,SCC,SCCKA,0.046257090754806995,0.002385355328442529,0.008615434751845896,0.00022414789782487787,0.06662696111015975,0.028025464591337368,0.8475677073001862,0.0002978735192300519,6,SCC
IL_4088616,1,BCC,BCC,0.012507251471106429,0.456153187318705,0.22423137677833438,0.00931417872197926,0.031557278882246464,0.2431465806439519,0.01936278771609068,0.003727408213308081,1,BCC
IL_4093493,0,AK,AKIEC,0.433523584579234,0.0007920873467810452,0.05952965359392692,0.00012461816368158907,0.00255335055408068,0.000967705542279873,0.5024561181198806,5.2836913653209194e-05,6,SCC
IL_4094223,1,BCC,BCC,0.07689179870067164,0.20769938826560974,0.11491206707432866,0.006238204630790278,0.14107099152170122,0.01580640231986763,0.4364551343023777,0.0009260505603378988,6,SCC
IL_4095279,1,BCC,BCC,0.008524934062734246,0.621954545378685,0.013282509054988623,0.0019597451901063323,0.0014139716513454914,0.010624441260006279,0.3361273482441902,0.006112468801802606,1,BCC
IL_4096738,6,SCC,SCCKA,0.02361367456614971,0.01844424451701343,0.2153572179377079,0.002496410394087434,0.0021450018975883722,0.0007455091690644622,0.7371502816677094,4.7612427806598134e-05,6,SCC
IL_4099426,1,BCC,BCC,0.0007414432329824194,0.44985391199588776,0.01778150536119938,0.07841583341360092,0.0012781352270394564,0.31612151116132736,0.11879245267482474,0.017015219615132082,1,BCC
IL_4100089,5,NV,NV,8.501648517267313e-05,4.032026993172622e-06,0.5195581037551165,0.0009668031048022385,0.042442577658221126,0.436313446611166,0.00019465667122631203,0.0004353616046159914,2,BKL
IL_4103128,1,BCC,BCC,0.006018457701429725,0.2868524771183729,0.33195896819233894,0.09827654249966145,0.012162278522737324,0.03799862810410559,0.22659367322921753,0.00013900476187700406,2,BKL
IL_4104039,6,SCC,SCCKA,0.0009927501268975902,0.003544445295119658,0.20671771746128798,0.0007026477151157451,0.7462813556194305,0.006662641419097781,0.03346593852620572,0.0016324665211868705,4,MEL
IL_4106945,5,NV,NV,6.9632883423764724e-06,9.344144700662582e-06,0.022922238800674677,1.681115418250556e-05,0.16937736794352531,0.8073948323726654,0.0001643777868594043,0.000108087429907755,5,NV
IL_4107565,1,BCC,BCC,0.017503505339846015,0.46935843530809507,0.4364514737389982,0.0012301216193009168,0.0029697847785428166,0.07181160617619753,0.000567034468986094,0.00010804489829752129,1,BCC
IL_4108143,5,NV,NV,5.006936447671251e-07,0.00044700826987309483,5.389129091781797e-05,3.4498087728707105e-06,0.0008752729627303779,0.998605489730835,2.7941453737412303e-06,1.1697379534325592e-05,5,NV
IL_4109255,6,SCC,SCCKA,0.0794451329857111,0.00914710178039968,0.2372767855413258,0.015656287796446122,0.2709780336008407,0.081361074000597,0.29500260204076767,0.011132956016808748,6,SCC
IL_4115404,0,AK,AKIEC,0.003924480872228742,0.1334402789361775,0.27077709371224046,0.0024906572070904076,0.03639354929327965,0.04081320553086698,0.5101361721754074,0.002024524030275643,6,SCC
IL_4116292,5,NV,NV,0.00020115601364523172,0.0006462748569902033,0.038250474724918604,0.00020765960834978614,0.0011101379641331732,0.9595248401165009,1.8911519191533444e-05,4.052536007748131e-05,5,NV
IL_4122724,1,BCC,BCC,9.605475747775927e-05,0.5314168110489845,0.45749718633305747,2.9046395297882555e-06,0.0006239966605789959,0.01016470394552016,0.00011312436845400953,8.515346780768596e-05,1,BCC
IL_4123354,6,SCC,SCCKA,0.4186725856270641,0.0014264399360399693,0.4486178755760193,7.187327355495654e-05,0.1214589356968645,0.0006304809066932648,0.009102439158596098,1.9399763345973042e-05,2,BKL
IL_4124169,5,NV,NV,0.0008452082765870728,0.0006732331277135017,0.9805911481380463,2.0548345162296755e-05,0.0010348893702030182,0.016625575488433242,6.914304918836933e-05,0.00014034182430577857,2,BKL
IL_4124357,1,BCC,BCC,0.019622561987489462,0.06865660008043051,0.7869114279747009,0.0015693688474129885,0.05070849508047104,0.042307499796152115,0.02253788150846958,0.007686147640924901,2,BKL
IL_4125524,1,BCC,BCC,0.06276084296405315,0.8569789528846741,0.040163434110581875,0.00010556615416135173,0.0005085458178655244,0.03764583170413971,0.0014860890150885098,0.0003506847679091152,1,BCC
IL_4125951,1,BCC,BCC,0.0009628469342715107,0.478786693100119,0.027737955562770367,5.875159058632562e-05,0.008027305098949,0.48164927668403834,0.0012996586174267577,0.0014775192066736054,5,NV
IL_4126361,1,BCC,BCC,0.002622038242407143,0.6699005663394928,0.24126015952788293,0.0036674495495390147,0.003753519558813423,0.014467987464740872,0.064285509288311,4.275327501090942e-05,1,BCC
IL_4126590,1,BCC,BCC,0.10226730536669493,0.2543238024227321,0.057578722946345806,0.00454306960455142,0.2851829993596766,0.04729975882219151,0.2334281071089208,0.015376236809061083,4,MEL
IL_4128851,2,BKL,BKL,0.0002792642731535011,4.017351090368493e-05,0.983410507440567,2.9200199564982654e-06,1.9127292603116075e-05,0.015988149971235543,0.0002590363279779684,7.887332058587049e-07,2,BKL
IL_4130663,1,BCC,BCC,0.002290121919941157,0.4710917300544679,0.1602339092642069,0.007051061111269519,0.19478193973191082,0.1477094516158104,0.015776737593114376,0.0010650111726135947,1,BCC
IL_4130866,1,BCC,BCC,0.2991189733147621,0.24611567756073782,0.05841341242194176,0.002483414253219962,0.10709017832414247,0.051936088188085705,0.23321736557409167,0.0016248082392849028,0,AK
IL_4131392,5,NV,NV,0.003380735936476087,0.0003996416198788211,0.2696051257514682,5.345506202569794e-06,1.656068707234226e-05,0.7265911400318146,1.2235838117574671e-06,1.9859509237107886e-07,5,NV
IL_4131628,1,BCC,BCC,0.00014901540305345407,0.5002826005220413,0.0006630024727201089,0.00018206449203717057,0.001138160499976948,0.4968766875390429,0.0005175217564783452,0.000190993422847896,1,BCC
IL_4132479,5,NV,NV,0.010427776997289584,0.004948076442815363,0.005302839330397546,0.0024509932882210705,0.009330278728157282,0.9550337493419647,0.005059358449102547,0.007446876190243756,5,NV
IL_4132996,4,MEL,MEL,0.0027131901318853124,0.00021337038378987927,0.13321881275624037,0.0015066729611135088,0.277996726334095,0.5823251530528069,0.0007913241636288149,0.0012347718875389546,5,NV
IL_4133123,3,DF,DF,0.0009456523432618269,0.010265732405969175,0.001213171250128653,0.11398409499088302,0.41501837968826294,0.3160888459533453,0.1412890624242209,0.001195117152747116,4,MEL
IL_4135081,1,BCC,BCC,0.5058847237378359,0.47612204100732924,0.0029529568091675173,7.094264340423706e-07,0.0002205716518801637,0.014789879322052002,2.7678248073925715e-05,1.4487804236296142e-06,0,AK
IL_4137661,6,SCC,SCCKA,0.4951963401399553,0.003089394565904513,0.007875615498051047,1.1517100688251958e-05,0.00010656820450094528,0.000154410243339953,0.49356300034560263,3.0997777002994553e-06,0,AK
IL_4143082,6,SCC,SCCKA,0.46655566328263376,0.006846670992672443,0.0020901524112559855,0.0007548131688963622,0.005338012473657727,0.021484495417098515,0.4964398184674792,0.0004903357906869132,6,SCC
IL_4147641,6,SCC,SCCKA,0.0001726041446090676,0.023430617060512304,0.8516791760921478,0.01621441343377228,0.01429595984518528,0.03952336369547993,0.0546347564086318,4.913725206279196e-05,2,BKL
IL_4149051,1,BCC,BCC,0.48352755699306726,0.11352108605206013,0.09907345875399187,6.786778385503567e-06,0.007777835242450237,0.29594975322834216,6.769303763576318e-05,7.585806906718062e-05,0,AK
IL_4149109,1,BCC,BCC,0.007784925841406221,0.9627939462661743,0.019732919288799167,0.00018001940043177456,0.0004042789514642209,0.00863627385115251,0.0004444944024726283,2.3113138468033867e-05,1,BCC
IL_4149493,1,BCC,BCC,0.004150468317675404,0.4959184118383746,0.029428370653477032,2.7449443644300686e-05,0.001923703533520893,0.468474037348642,7.950515936272495e-06,6.964685545796101e-05,1,BCC
IL_4150500,1,BCC,BCC,0.08011164562776685,0.028705959441140294,0.4514083117246628,0.0017895734927151352,0.30971405981108546,0.09888671711087227,0.02896138560026884,0.0004223552386974916,2,BKL
IL_4153539,1,BCC,BCC,0.001929342106450349,0.4911538049345836,0.07122032181359828,0.0004900753506262845,0.009764923037437256,0.4252964616753161,7.439189539582003e-05,7.061855831125285e-05,1,BCC
IL_4155975,1,BCC,BCC,0.004606367787346244,0.9258863925933838,0.05889570526778698,5.117446335134446e-06,0.002990713925100863,0.00139483658131212,0.006213637221662793,7.150670398914372e-06,1,BCC
IL_4156451,1,BCC,BCC,0.0025869038654491305,0.019845148315653205,0.4279767469906801,0.0014386436753284215,0.026630818741978146,0.024760086056744512,0.4958414674620144,0.0009202562228338707,6,SCC
IL_4157363,0,AK,AKIEC,0.08611976655083708,0.11296094581484795,0.283807959407568,0.0009872429945971817,0.0008345232054125518,0.004070425115060061,0.5111744850873947,4.46806207037298e-05,6,SCC
IL_4160541,1,BCC,BCC,1.813190805211029e-05,0.4974965735025201,0.4991798243718222,7.534104059558899e-05,0.0011283915014814738,0.0020562506979331374,3.915135451393326e-06,4.163398253645423e-05,2,BKL
IL_4163888,1,BCC,BCC,0.017185793491080403,0.48532123050972586,0.48487237674271455,0.0012205618218104064,0.0007642808341188356,0.0026589096523821354,0.007963253205161891,1.3654076497005008e-05,1,BCC
IL_4164624,1,BCC,BCC,0.06700891643413343,0.8634995818138123,0.04203540354501456,0.008641541935503483,0.001518632132501807,0.013691455009393394,0.002365607360843569,0.0012389354269544128,1,BCC
IL_4174336,0,AK,AKIEC,0.0037729659816250205,0.0023178676929092035,0.49423105455935,0.0003528815504978411,0.016984633752144873,0.01799267966998741,0.4642886359288241,5.9288253396516666e-05,2,BKL
IL_4175034,2,BKL,BKL,0.0016405654896516353,0.013470577338011935,0.15599742147605866,9.481541019340511e-05,0.18578673317097127,0.5836075842380524,0.059151460765860975,0.0002508629511339677,5,NV
IL_4176966,1,BCC,BCC,0.3235810727928765,0.3118060678243637,0.1036946214735508,0.001230003901582677,0.029493671841919422,0.14937569200992584,0.08023451268672943,0.0005843254475621507,0,AK
IL_4177126,2,BKL,BKL,0.04547243897104636,0.0011510325130075216,0.44617918133735657,0.00023946896226334502,0.006911252050485928,0.013061633511824766,0.48694986986811273,3.5178387747691886e-05,6,SCC
IL_4177354,1,BCC,BCC,0.4794780530501157,0.5003371719503775,0.01127343057305552,0.000640390717308037,0.004872743786108913,0.002248382565085194,0.0011338370095472783,1.6019384418086702e-05,1,BCC
IL_4179899,4,MEL,MEL,3.24108714266913e-05,0.03001768561080098,0.01770333293825388,0.0001795748630684102,0.9194237887859344,0.03227221546694636,0.00024123251205310225,0.0001297408489335794,4,MEL
IL_4180169,2,BKL,BKL,1.634220575397194e-05,0.00011977041685895529,0.7720029354095459,1.3486879034019239e-05,0.053547403891570866,0.17427450681861956,6.174859805696542e-06,1.9350500537029802e-05,2,BKL
IL_4180707,1,BCC,BCC,0.0034018121659755707,0.43406506231985986,0.16685761976987123,0.026506840949878097,0.030753782717511058,0.3109639063477516,0.027215821915888228,0.0002351094881305471,1,BCC
IL_4182529,1,BCC,BCC,0.29489035764709115,0.11288218759000301,0.12428805604577065,0.0009692501917015761,0.10001326957717538,0.02968177746515721,0.3368837116868235,0.00039137563726399094,6,SCC
IL_4182548,2,BKL,BKL,0.029812850756570697,0.8802593648433685,0.014014467597007751,0.002286520058987662,0.013118946437316481,0.02363454014994204,0.03565463051199913,0.0012186463645775802,1,BCC
IL_4185194,4,MEL,MEL,1.2901355887606769e-05,5.035794765717583e-05,0.011813929217169061,1.62221072059765e-05,0.4944593086838722,0.4934819508343935,1.949109082488576e-05,0.00014584311429644004,4,MEL
IL_4185441,1,BCC,BCC,0.43862223625183105,0.1377885602414608,0.33189635537564754,0.0005189659950701753,0.001987019379157573,0.04146865103393793,0.047348083928227425,0.00037017741124145687,0,AK
IL_4186623,0,AK,AKIEC,2.234359183006518e-06,1.5468492165382486e-05,0.9918139278888702,9.422892253496684e-05,0.001358279878331814,0.006628419039770961,8.490118466397689e-05,2.5910421186381427e-06,2,BKL
IL_4186726,5,NV,NV,0.0001496249051342602,0.019585705209465232,0.01864546418073587,0.0038297688588500023,0.07381618209183216,0.88372403383255,5.414251290858374e-05,0.0001950883524841629,5,NV
IL_4186953,6,SCC,SCCKA,0.5372375212609768,0.3475783299654722,0.011730052006896585,2.7390689950834712e-05,0.0013332030503079295,0.0030443150899372995,0.09903072356337361,1.8475459455657983e-05,0,AK
IL_4188654,1,BCC,BCC,0.3281866091710981,0.1339845135807991,0.20008519291877747,0.0008474326896248385,0.04866555752232671,0.018112607300281525,0.27005250460933894,6.556851258210372e-05,0,AK
IL_4190989,5,NV,NV,0.0001222025639435742,0.0015613858467986574,0.24927442520856857,0.0002421493063593516,0.00901257898658514,0.7395393252372742,8.507027814630419e-05,0.00016287577091134153,5,NV
IL_4194346,1,BCC,BCC,0.004265487194061279,0.012138403253629804,0.9438314139842987,0.001397564250510186,0.007717145257629454,0.0186743619851768,0.01144873397424817,0.000526890409673797,2,BKL
IL_4196586,1,BCC,BCC,0.02884039655327797,0.19211073592305183,0.1956298016011715,0.0006559341177307942,0.016291404142975807,0.5647741854190826,0.0013770940622634953,0.0003204631357220933,5,NV
IL_4203515,2,BKL,BKL,0.07677971944212914,0.02647296618670225,0.48176950961351395,0.010943256580503657,0.16283340845257044,0.23103327630087733,0.00722826411947608,0.0029396354420896387,2,BKL
IL_4203522,1,BCC,BCC,0.0036932453449480818,0.4536590345778677,0.5074758687987924,2.883193235447834e-05,0.0014920057765266392,0.0018332060426473618,0.0316395264415803,0.00017834237444702694,2,BKL
IL_4206745,6,SCC,SCCKA,0.21705266647040844,0.35405565798282623,0.08389403205364943,0.0049795592203736305,0.17784996330738068,0.03482781583443284,0.12436962965875864,0.002970630826894194,1,BCC
IL_4209948,6,SCC,SCCKA,5.825947391713271e-05,8.188524407160003e-05,5.691115256922785e-05,9.030767796502914e-05,0.0005199260776862502,1.8126914255844895e-05,0.9991564750671387,1.8064518590321654e-05,6,SCC
IL_4212984,1,BCC,BCC,0.0028692292544292286,0.06043376559682656,0.5093529969453812,0.0011009546506102197,0.30932726711034775,0.10961563419550657,0.0038764722285122843,0.0034236224310006946,2,BKL
IL_4213218,1,BCC,BCC,0.028440467722248286,0.3590994328260422,0.10139769688248634,0.16799456626176834,0.04799163993448019,0.23063046485185623,0.06386281095910817,0.0005828866123920307,1,BCC
IL_4217663,5,NV,NV,1.2570523733046457e-08,1.2365002177716633e-07,0.006687591023251116,4.0682160751259744e-08,2.652924922585953e-05,0.9932851195335388,2.0571178538375534e-07,3.8034798155450744e-07,5,NV
IL_4220854,5,NV,NV,0.0003969887084167567,0.0004074566677445546,0.10771597176790237,0.0027866198543051723,0.02405099559109658,0.6391330361366272,0.000276605055660184,0.22523230063234223,5,NV
IL_4225640,1,BCC,BCC,0.009690636929008178,0.19822234328603372,0.4394384901970625,0.002323299500858411,0.0018527114589232951,0.3121320456266403,0.036213516774296295,0.00012691805022768676,2,BKL
IL_4233206,2,BKL,BKL,0.0029475128394551575,0.05435101082548499,0.7588973641395569,0.0011262332968726696,0.026311048539355397,0.15595097420737147,0.00033128619179478846,8.456441537418868e-05,2,BKL
IL_4240733,1,BCC,BCC,0.3269675704650581,0.6169135421514511,0.04621400136966258,0.0003371809725649655,0.0032932606409303844,0.0036446057019929867,0.0024871281639207155,0.00014277414356911322,1,BCC
IL_4241056,5,NV,NV,0.0003588893332562293,0.000643881437056848,0.0038798075984232128,0.0007999522931640968,0.4086820036172867,0.5851828753948212,0.00014030537749931682,0.00031229493833961897,5,NV
IL_4242651,1,BCC,BCC,5.775023782916833e-05,0.618940569460392,0.22764433694101172,0.003585582334380888,0.012410082525093458,0.13591511596473538,0.001404709997586906,4.185916884580365e-05,1,BCC
IL_4245376,1,BCC,BCC,0.008136024159000499,0.413130881919642,0.056868234649300575,0.00217720900036511,0.0026467678835615516,0.4962645433843136,0.020707039137960237,6.934771568012366e-05,5,NV
IL_4246479,2,BKL,BKL,0.00835302362247603,0.6723675429821014,0.08781398832798004,0.0015035746564535657,0.0036383460719662253,0.051307717338204384,0.17375841241664602,0.0012573563144542277,1,BCC
IL_4250777,1,BCC,BCC,0.07978301541879773,0.5502622649073601,0.08879285585135221,0.006470672087743878,0.017847344744950533,0.218234458938241,0.03820386994630098,0.0004054491400893312,1,BCC
IL_4255288,5,NV,NV,1.7342595953095952e-05,6.827306793866228e-05,0.3461741805076599,0.00020009561285405653,0.003750752890482545,0.6497727632522583,5.829718929817318e-06,1.078164677892346e-05,5,NV
IL_4258234,0,AK,AKIEC,1.0772164797057115e-05,0.00011037819505510527,0.49873465168639086,1.8418151248589254e-07,3.854475063569396e-06,0.0015728946374338193,0.4995671237047645,1.2460890118359824e-07,6,SCC
IL_4259572,1,BCC,BCC,0.00030033015923436324,0.00020584352751029655,0.6531848013401031,0.0005240109494479839,0.2547861698549241,0.09074782393872738,0.00011766317857109243,0.00013338821872821427,2,BKL
IL_4260249,1,BCC,BCC,0.000829810684081167,0.0022747524199075997,0.44857598550152034,0.0002363584135309793,1.6330561720678816e-05,0.010755309837804816,0.5373013280332088,1.010030382531113e-05,6,SCC
IL_4262714,1,BCC,BCC,0.0011841596860904247,0.6778716146945953,0.0969603753183037,0.0026047649812426243,0.003766606212593615,0.21647076727822423,0.0011226215519855032,1.9024503757236744e-05,1,BCC
IL_4262969,6,SCC,SCCKA,0.00678903964580968,0.10038112290203571,0.33976144157350063,0.01112899863687744,0.032010826747864485,0.05052640954090748,0.455440916121006,0.0039612766850041226,6,SCC
IL_4263582,1,BCC,BCC,0.08969677798449993,0.20247333589941263,0.47373442351818085,0.00041857088217511773,0.12865682691335678,0.08309837803244591,0.02120491920504719,0.0007167306976043619,2,BKL
IL_4268143,5,NV,NV,0.0001139703026638017,0.004327186187850884,0.029834805389327812,0.0007043718769637053,0.24837681651115417,0.7007843852043152,0.0014165679713187274,0.014441913983318955,5,NV
IL_4269684,6,SCC,SCCKA,0.011998114176094532,0.01183411078818608,0.7165452539920807,0.0008592936937930062,0.052670571487396955,0.18671680241823196,0.019251599558629096,0.00012427189540176187,2,BKL
IL_4270354,1,BCC,BCC,0.031006373465061188,0.4256087290123105,0.31749890744686127,0.01816059136763215,0.0167045440612128,0.17275803349912167,0.013814011472277343,0.004448831488844007,1,BCC
IL_4279483,1,BCC,BCC,0.0006363870488712564,0.4672921448945999,0.3853401727974415,0.0056247451502713375,0.04641464166343212,0.062334984075278044,0.03200368955731392,0.00035317458969075233,1,BCC
IL_4282136,2,BKL,BKL,9.219213552569272e-06,0.00046951716649346054,0.7961566746234894,0.00018466128676664084,0.08485653856769204,0.11707401345483959,0.00020603430220944574,0.0010434053849621705,2,BKL
IL_4282772,4,MEL,MEL,0.000957045063842088,0.005214517645072192,0.7346833646297455,0.0069569139668601565,0.0007230928367789602,0.2429216168820858,0.008511357591487467,3.2067442134575685e-05,2,BKL
IL_4284690,1,BCC,BCC,0.00754790711653186,0.0175592047162354,0.4307473227381706,6.158316682558507e-05,0.0407931380905211,0.5026490092277527,0.00034144365054089576,0.00030034959490876645,5,NV
IL_4287532,2,BKL,BKL,0.0008116241078823805,0.01832364685833454,0.03745741653256118,5.5640550300495306e-05,0.046623114471003646,0.4340117458195891,0.46271025124462994,6.598030097393348e-06,6,SCC
IL_4287867,0,AK,AKIEC,0.2589878588914871,0.25560180816682987,0.077894426882267,0.0012428140616975725,0.20145415794104338,0.02421239297837019,0.1584288664162159,0.022177685517817736,0,AK
IL_4290586,0,AK,AKIEC,0.17506762786069885,0.1527882343254987,0.5644132420420647,0.0001575192459313257,0.0057483846867398825,0.09705753269372508,0.004659512604121119,0.00010791502606366521,2,BKL
IL_4294733,1,BCC,BCC,0.011386269819922745,0.3618423789739609,0.30371868901420385,0.0005033917550463229,0.0018174881115555763,0.07814867242996115,0.24233386976993643,0.0002491898794687586,1,BCC
IL_4298080,4,MEL,MEL,0.003374751177034341,0.00015384349535452202,0.5002970020286739,4.1850225898087956e-05,0.48493102635256946,0.0031544814410153776,0.008040887434617616,6.093807314755395e-06,2,BKL
IL_4299606,1,BCC,BCC,0.018677990417927504,0.1593933403491974,0.23273177444934845,0.00044357849401421845,0.0029815112648066133,0.39288712851703167,0.19284015144990008,4.454670943232486e-05,5,NV
IL_4305250,1,BCC,BCC,0.0229205439100042,0.11666517704725266,0.10874155629426241,0.005320222000591457,0.140792490914464,0.004519520327448845,0.6009432971477509,9.725775453262031e-05,6,SCC
IL_4305709,5,NV,NV,0.0012670025907937088,0.04526071661075548,0.05876895505934954,0.00012099569266865728,0.04431520286016166,0.8494108319282532,6.335971329463064e-05,0.0007929790108391899,5,NV
IL_4308535,0,AK,AKIEC,0.005905732728592739,0.5479300022125244,0.20181696116924286,0.0003881223892676644,0.011544059962034225,0.22707193717360497,0.004804601427167654,0.0005385542058320425,1,BCC
IL_4310742,6,SCC,SCCKA,0.13473749997501727,0.15603548393119127,0.19840666989330202,0.00013864105858374387,0.0025911531411111355,0.011176747211720794,0.4968345967354253,7.919739618955646e-05,6,SCC
IL_4310932,4,MEL,MEL,3.0420223424698634e-06,0.021542791335377842,0.14329545246437192,3.680659358451521e-05,0.4814249947667122,0.353402815759182,1.0361394402025326e-05,0.00028373215900501236,4,MEL
IL_4312042,5,NV,NV,8.936845919960135e-07,2.2849887670872704e-07,0.9239865243434906,4.126740549281749e-07,0.00611726357601583,0.06989341415464878,4.974713867511582e-07,7.656828593383125e-07,2,BKL
IL_4312486,6,SCC,SCCKA,0.04443453624844551,0.002027903974521905,0.8501494824886322,0.00020292067347327247,0.05220486968755722,0.0029606184689328074,0.04783639661036432,0.00018330131570110098,2,BKL
IL_4313247,6,SCC,SCCKA,0.010479019372723997,0.09255928359925747,0.0021683676750399172,0.11858184728771448,0.12496528029441833,0.11934475868474692,0.5315836817026138,0.00031774391391081735,6,SCC
IL_4314466,1,BCC,BCC,0.0010134532049050904,0.010974801170959836,0.479167717974633,0.0002360534408580861,0.006310333439614624,0.006804335629567504,0.4920566057553515,0.003436682722167461,6,SCC
IL_4314497,1,BCC,BCC,0.0018659030611161143,0.7321039140224457,0.16017411998473108,0.015533564437646419,0.010939729836536571,0.06786304339766502,0.006836592452600598,0.004683123668655753,1,BCC
IL_4315407,2,BKL,BKL,0.0015853650620556436,0.17036830261349678,0.6558964848518372,0.00011146302495035343,0.001518271106760949,0.14772837050259113,0.022786630733776292,5.148365744389594e-06,2,BKL
IL_4316147,1,BCC,BCC,0.37216155230998993,0.13093760240008123,0.48782610008493066,0.00046240523261076305,0.0015335107600549236,0.0025782565935514867,0.004146011218836065,0.0003546205916791223,2,BKL
IL_4316230,6,SCC,SCCKA,1.4085654129303293e-05,0.00013960764738385478,5.4076826359050756e-05,1.617919200924689e-05,9.152249481303443e-05,1.324310061079359e-05,0.9996711313724518,1.2977313579298766e-07,6,SCC
IL_4316869,1,BCC,BCC,0.41887318436056376,0.06247452460229397,0.3307468071579933,0.003100236179307103,0.1297593335621059,0.030173757346346974,0.021762264892458916,0.0031098786275833845,0,AK
IL_4316871,1,BCC,BCC,0.0006906224880367517,0.04742016618456546,0.3448619737755507,0.005841745238285512,0.005418589076725766,0.14968865865375847,0.44599260366521776,8.55999951454578e-05,6,SCC
IL_4318983,1,BCC,BCC,0.006971013597649289,0.981593519449234,0.0010036706007667817,0.00010712717630667612,0.0007456674975401256,0.00583057472249493,0.003691294936288614,5.713251073302672e-05,1,BCC
IL_4319503,2,BKL,BKL,2.5936296879081056e-05,2.772645984805422e-05,0.9922054409980774,2.948622113763122e-05,0.0005557841941481456,0.007136191474273801,1.571511484144139e-05,3.692674454214284e-06,2,BKL
IL_4320336,5,NV,NV,0.00029390177189725364,0.0028474685859691817,0.4482871573418379,0.0005077919413452037,0.19180600729305297,0.3046175464987755,0.051276107450121344,0.0003640311256276618,2,BKL
IL_4322313,1,BCC,BCC,0.003490036237053573,0.526499392464757,0.2992525363806635,0.0019236105581512675,0.004148408414039295,0.16374492412433028,0.0005286444429657422,0.00041243091982323676,1,BCC
IL_4323470,1,BCC,BCC,0.05412328151942347,0.6054215729236603,0.02543668169528246,0.007374193286523223,0.07946716295555234,0.017096893629059196,0.20834092935547233,0.002739306657531415,1,BCC
IL_4323973,1,BCC,BCC,1.1172031463502208e-05,0.9913273751735687,0.0015915281474008225,3.7489575177573897e-07,0.0006788027822040021,0.006385680061157473,4.2846627934522985e-06,7.8396851854734e-07,1,BCC
IL_4325075,2,BKL,BKL,2.912238496399766e-05,4.864441166319011e-06,0.6968813240528107,1.0340858196400404e-06,0.00033816990617197007,0.30274520824605133,7.620561059962228e-08,2.0788700771934288e-07,2,BKL
IL_4326191,1,BCC,BCC,0.03635859675705433,0.49647997156716883,0.0012336381332715973,3.7109301302962194e-06,0.04304826745647006,0.4227479568507988,6.822884097346105e-05,5.959936225963247e-05,1,BCC
IL_4327205,1,BCC,BCC,0.006794413318857551,0.0783047303557396,0.21096982434391975,0.009645149111747742,0.011574869276955724,0.34623678401112556,0.3359229058987694,0.00055136218725238,5,NV
IL_4332595,1,BCC,BCC,0.09614074910859927,0.7987825870513916,0.04309855785686523,7.042387915134896e-05,0.0006402791950677056,0.060674664709949866,0.00044727134809363633,0.00014544515579473227,1,BCC
IL_4334005,1,BCC,BCC,0.009542051935568452,0.37428392469882965,0.20591648668050766,0.008593704047598294,0.02600015397183597,0.156312121078372,0.2191152535378933,0.00023624848836334422,1,BCC
IL_4336969,0,AK,AKIEC,0.8270872235298157,0.00632672019128222,0.13400760293006897,3.228213199690799e-05,0.02208186371899501,0.009329100235845544,0.0010661331834853627,6.915583216482446e-05,0,AK
IL_4337427,2,BKL,BKL,0.2057532938197255,0.0986015172675252,0.0648238081485033,0.20752937631914392,0.027584532857872546,0.320350619032979,0.061745245940983295,0.01361163382534869,5,NV
IL_4339655,1,BCC,BCC,0.00033459498081356287,0.5108543261885643,0.3096062187105417,0.00018655401436262764,6.345687233988428e-05,0.17858742363750935,0.00016867107115103863,0.0001987936589102901,1,BCC
IL_4340050,4,MEL,MEL,3.519865410339662e-05,0.0015332010443671606,0.013191059490054613,0.0002897963466921283,0.8947405517101288,0.08981093391776085,0.0001462533918470399,0.00025301635378127685,4,MEL
IL_4340188,1,BCC,BCC,0.002504312029486755,0.5099543305113912,0.42815489950589836,0.0008009196910734317,0.0014015642930189642,0.05611433461308479,0.0008819196837066556,0.00018771301661502093,1,BCC
IL_4343472,1,BCC,BCC,0.01854959363117814,0.3913380466401577,0.38887530233478174,0.1446124231442809,0.01637227856554091,0.011692447704263031,0.02775974792893976,0.0008001587993931025,1,BCC
IL_4344178,5,NV,NV,0.002320061679711216,0.0005992672801475862,0.3457213200745173,0.00015148058264458086,0.024459329433739185,0.6265872120857239,3.619377616814745e-05,0.0001250511630814799,5,NV
IL_4347033,5,NV,NV,0.00550031807506457,0.22445281874388456,0.2670895387418568,0.00042986990592908114,0.335740220034495,0.15396943595260382,0.009209715868564672,0.0036080878126085736,4,MEL
IL_4351446,1,BCC,BCC,0.00043033109977841377,0.4985196902198368,0.17750459705712274,0.00013334635605133371,0.012208155589178205,0.31052551459288225,0.0006377133531714207,4.066053026008376e-05,1,BCC
IL_4352932,1,BCC,BCC,0.08903417270630598,0.19146255747182295,0.4823589101433754,0.02355485808220692,0.03082492295652628,0.12322379648685455,0.04922536998492433,0.010315433677533292,2,BKL
IL_4354800,5,NV,NV,9.191052640744601e-06,0.0003390903920887922,0.0001925186879816465,7.946513687784318e-05,0.040544724208302796,0.9576038718223572,2.8241492969982573e-05,0.0012028076653223252,5,NV
IL_4354918,1,BCC,BCC,0.005598007817752659,0.38023764081299305,0.5221621133387089,0.038527129363501444,0.0072162303840741515,0.016691239085048437,0.008744841092266142,0.020822854741709307,2,BKL
IL_4355222,1,BCC,BCC,0.4521852067555301,0.1955683957785368,0.023856759537011385,0.0015077608550200239,0.003908052283804864,0.00530444853939116,0.3175495071336627,0.00011985189030383481,0,AK
IL_4355798,1,BCC,BCC,0.12512386962771416,0.07756665888882708,0.18617949075996876,0.01581222022196016,0.005569374072365463,0.544569581747055,0.04075137956897379,0.004427471068993327,5,NV
IL_4358287,1,BCC,BCC,0.013107320810377132,0.5041470602154732,0.06396789395512315,0.0020307143965965224,0.012864947905882218,0.4025887791067362,0.0011614438662945759,0.000131833797240688,1,BCC
IL_4359094,1,BCC,BCC,0.03319325787015259,0.4731162991374731,0.01684831891907379,0.0006158403703011572,0.00018833312788046896,0.4537680159555748,0.022170675947563723,9.928152121574385e-05,1,BCC
IL_4363780,2,BKL,BKL,0.0003380768612259999,0.00020859853520960314,0.8381074666976929,9.98733848973643e-05,0.13980255229398608,0.021296665305271745,9.636313916416839e-05,5.040377800469287e-05,2,BKL
IL_4365113,1,BCC,BCC,0.050061137526427046,0.5153070576488972,0.426642761885887,5.456984183638269e-06,7.167005105657154e-05,0.007525473036366748,0.0003627802366281685,2.3646190527415456e-05,1,BCC
IL_4368392,1,BCC,BCC,0.18769449614046607,0.5771861746907234,0.1017829910852015,0.017004752706270665,0.028965297620743513,0.071907514706254,0.015351287554949522,0.00010748467866505962,1,BCC
IL_4371981,1,BCC,BCC,8.245488970715087e-06,0.05740773864090443,0.021067014895379543,0.0012670823243752238,0.010545242577791214,0.9095273017883301,0.0001300426133639121,4.7371646928695554e-05,5,NV
IL_4373578,1,BCC,BCC,0.2813565502874553,0.21042714780196548,0.28010903717949986,0.023039688734570518,0.12203379947459325,0.028933384688571095,0.0534608643501997,0.0006394814263330773,0,AK
IL_4375054,6,SCC,SCCKA,0.0005675237582067894,0.0013959431577177384,0.4810776873366649,0.00015791904192852257,7.49115287810298e-05,0.013723094649833456,0.5029914351180196,1.1492841737965886e-05,6,SCC
IL_4375831,7,VASC,VASC,4.6609094539462603e-07,5.62011791345185e-05,5.81183653096673e-05,1.5056326049034396e-05,0.0006362823696690612,0.0023615967420482775,1.1980441949610565e-07,0.9968721270561218,7,VASC
IL_4376173,5,NV,NV,2.6218302650704572e-05,1.2143520052632084e-05,0.17118035070598125,5.082985808257945e-05,0.023356813471764326,0.805290699005127,1.4516282192289509e-05,6.842242902393991e-05,5,NV
IL_4376551,5,NV,NV,0.054099878922897915,0.005636225453599764,0.8990893959999084,0.0021113181562668615,0.0035276456037536263,0.02717001363635063,0.003972204212914221,0.0043933056767855305,2,BKL
IL_4377076,6,SCC,SCCKA,0.4598982408642769,0.09334567349287681,0.03185934224165976,0.00020306828173488611,0.001553767389850691,0.41081897483672947,0.0017314425422227941,0.0005895440281165065,0,AK
IL_4381909,0,AK,AKIEC,5.398101302489522e-05,1.4117575744876376e-05,0.49811187805607915,1.1165399286028332e-05,0.43584179897561626,0.06592448893934488,4.008593259641202e-05,2.5638750145162703e-06,2,BKL
IL_4381974,1,BCC,BCC,0.000992317501186335,0.413371213233404,0.4910811185836792,0.003266700515929699,0.0024509392387699336,0.05210786405950785,0.035589648009590746,0.00114017821403678,2,BKL
IL_4383130,1,BCC,BCC,0.0037759164988528937,0.33344191312789917,0.02480097970692441,0.27428487315773964,0.03394544078037143,0.008078292303252965,0.32135310769081116,0.0003194358214386739,1,BCC
IL_4384125,1,BCC,BCC,0.04183048428967595,0.41632520128041506,0.43226510286331177,0.00019702646568475757,0.0011896090909431223,0.08588489145040512,0.022260157275013626,4.748406229282409e-05,2,BKL
IL_4391633,2,BKL,BKL,4.947744361771811e-06,5.465539185678381e-07,0.9972675144672394,4.445355331172962e-06,5.733684417918994e-06,0.0027156816897786484,8.895163745026302e-07,1.666287472862349e-07,2,BKL
IL_4392896,2,BKL,BKL,2.4616738301119767e-06,5.732241966205365e-06,0.8164491355419159,1.6997563197840293e-05,0.0011378959197827498,0.1823816033283947,2.64742653799388e-06,3.5019680728609615e-06,2,BKL
IL_4396265,1,BCC,BCC,0.27578071085736156,0.0012706136330962181,0.02494558785110712,0.033913565159309655,0.30726351787598105,0.13248862096133962,0.2198494733311236,0.0044879019189920655,4,MEL
IL_4396586,5,NV,NV,2.5359821620440925e-06,2.3928498649183894e-06,0.0012597784661920741,9.50354992710345e-05,0.019826679257676005,0.9787881374359131,8.053286592257791e-06,1.738544642648776e-05,5,NV
IL_4400471,4,MEL,MEL,6.124411174823763e-05,4.4032251707903924e-05,0.05996422732278006,0.0003833391747321002,0.38244111090898514,0.5567833781242371,0.00026974608408636414,5.291533761919709e-05,5,NV
IL_4402177,1,BCC,BCC,0.06367866694927216,0.04957027919590473,0.3242650367319584,0.010087369242683053,0.00862012361176312,0.16981004737317562,0.37125238310545683,0.0027160879399161786,6,SCC
IL_4402414,1,BCC,BCC,0.008849028963595629,0.28180473297834396,0.5806128829717636,0.0004503915042732842,0.00224510338739492,0.10305721312761307,0.007328663254156709,0.015651946770958602,2,BKL
IL_4402692,0,AK,AKIEC,0.0004234057014400605,0.27657095342874527,0.047263490268960595,0.00010532451415201649,0.015610599868523423,0.19312780126347207,0.46682038219296373,7.80890486566932e-05,6,SCC
IL_4403121,1,BCC,BCC,0.0009170307703243452,0.5877315104007721,0.23193514393642545,6.3405193486687494e-06,0.0013788813193968963,0.0035577064845710993,0.17445911635877565,1.4333974149849382e-05,1,BCC
IL_4404919,4,MEL,MEL,1.3132313370078919e-06,1.1931335606618632e-05,0.37217919974500546,2.6882778911385685e-05,0.06740651093423367,0.5603340193629265,1.539299483965806e-05,2.4774907160463044e-05,5,NV
IL_4405494,5,NV,NV,7.74947261561465e-06,5.588647866261454e-06,0.026335541624575853,0.0001611594361747848,0.9349281489849091,0.03847222775220871,3.328885759401601e-05,5.625086305371951e-05,4,MEL
IL_4406206,1,BCC,BCC,0.009017815362312831,0.42190391942858696,0.12774509098380804,0.0008529611386620672,0.11415188200771809,0.32138003478758037,0.0008364875102415681,0.00411183200776577,1,BCC
IL_4407771,1,BCC,BCC,0.09260839663329534,0.3732556253671646,0.17476385924965143,0.00011301377162453718,0.0002781937873805873,0.19658068707212806,0.1623751646548044,2.5111818672485242e-05,1,BCC
IL_4410437,1,BCC,BCC,0.48707691708114,0.1501663017552346,0.33609367487952113,4.672198883781675e-05,0.0058934217668138444,0.015023973654024303,0.005609424042631872,8.95429939191672e-05,0,AK
IL_4414244,1,BCC,BCC,0.015762843177071773,0.5133213065564632,0.051604216918349266,0.07764607810167945,0.2668569413945079,0.026295918854884803,0.047088418155908585,0.0014243341211113147,1,BCC
IL_4415263,1,BCC,BCC,0.24054237775271758,0.12498492019221885,0.5372347235679626,0.0006345306337607326,0.008291802543681115,0.014101360458880663,0.07406403129425598,0.0001462681316297676,2,BKL
IL_4416537,1,BCC,BCC,0.0006078591482037154,0.4603310908569256,0.12754302943358198,0.004268497777957236,0.022884079055074835,0.3829842545092106,0.0012794349604519084,0.00010184830625803443,1,BCC
IL_4419075,1,BCC,BCC,0.0011559475606190972,0.4445448287910949,0.443359459284693,2.1064263819425832e-05,0.03162509255344048,0.07875929959118366,0.0005186034250073135,1.5740458735535867e-05,1,BCC
IL_4419234,4,MEL,MEL,8.772666163281428e-06,0.0004700788704212755,0.41668168382602744,1.5805114230715844e-06,0.5135330725461245,0.06776860577519983,0.0015338045226371833,2.3980902597031672e-06,4,MEL
IL_4419793,0,AK,AKIEC,0.050354745239019394,0.2595086731016636,0.43447447568178177,0.0008802498632576317,0.06787928752601147,0.15956159587949514,0.026292174123227596,0.0010487741674296558,2,BKL
IL_4420927,5,NV,NV,8.661247193231247e-05,2.0525001957594213e-05,0.41348737478256226,0.0002992002894188772,0.017146278638392687,0.5687778145074844,6.653501088749181e-05,0.00011566664943529759,5,NV
IL_4421152,5,NV,NV,0.16280172330880305,0.0024118447327055037,0.691653847694397,0.0015429934028361458,0.01823473758122418,0.11542894039303064,0.006565963485627435,0.0013599396661447827,2,BKL
IL_4421569,1,BCC,BCC,0.00046162198646015895,0.5100430957973003,0.0460322027647635,0.0060124386127711205,0.011146506983095605,0.4258580678724684,4.953009192831814e-05,0.0003965435908668269,1,BCC
IL_4425238,0,AK,AKIEC,0.0010311933183402289,0.003268175933044404,0.9954503178596497,1.559941637196971e-06,7.057852053549141e-05,7.697144064877648e-05,0.00010079931143991416,3.852419325767187e-07,2,BKL
IL_4429856,6,SCC,SCCKA,0.010440846905112267,0.25556964986026287,0.3138575035845861,0.0007617239425599109,0.0357498861849308,0.0009265303087886423,0.3825107514858246,0.00018311920575797558,6,SCC
IL_4429998,1,BCC,BCC,0.005533125571673736,0.4823576183989644,0.3037125044502318,0.00044943919056095183,0.00013557141210185364,0.19483248276083032,0.012977269187103957,2.095485058362101e-06,1,BCC
IL_4430072,2,BKL,BKL,0.19877612453274196,0.0029235186894993603,0.7128155678510666,2.288916959969356e-06,0.006358370766974986,0.07909880671650171,2.3246424234457663e-05,2.029939366821054e-06,2,BKL
IL_4432216,4,MEL,MEL,0.038775548338890076,0.009167289594188333,0.15685256198048592,0.1670607605483383,0.20981567353010178,0.12968806456774473,0.27638502418994904,0.012255090521648526,6,SCC
IL_4436720,6,SCC,SCCKA,0.42267430759966373,0.015928991007967852,0.01921942550688982,0.00013083896919852123,0.01374249265063554,0.061693232608377,0.4664830456022173,0.000127629641610838,6,SCC
IL_4438547,5,NV,NV,6.754590032898022e-05,0.0010342156176079698,0.00044957733916817233,0.000575360560333138,0.08938153274357319,0.8859399855136871,0.00024842458387297484,0.022303316568013543,5,NV
IL_4439948,2,BKL,BKL,0.009541294763039332,0.0015929814471746795,0.48797119688242674,0.0002917849515142734,8.036607869144063e-05,0.015588902722811326,0.48491986229782924,1.3616574300101547e-05,2,BKL
IL_4441358,1,BCC,BCC,2.6571999001134827e-06,0.5007945904508233,0.00023855758081481326,1.1497143589167536e-05,0.010593753802822903,0.48826041011488996,9.353991936222883e-05,4.9813309459523225e-06,1,BCC
IL_4444660,4,MEL,MEL,0.10869769158944109,0.003651630973763531,0.4932547630742192,0.00975113379627146,0.3079239788930863,0.0297656562179327,0.046327949092983545,0.0006271387760534708,2,BKL
IL_4446181,4,MEL,MEL,0.00016675399638188537,0.0003005727498930355,0.10781301371753216,0.002337818124487967,0.8718292117118835,0.013184376060962677,0.004277379088989619,9.085940496333933e-05,4,MEL
IL_4446473,0,AK,AKIEC,0.02798233609064482,0.03612902760505676,0.6880364865064621,0.00299880065722391,0.0013043485523667186,0.07521441299468279,0.16812601388664916,0.00020856384799117222,2,BKL
IL_4448697,1,BCC,BCC,0.44709081551991403,0.052924304036423564,0.0027426767628639936,0.0025822744678407616,0.0004419047327246517,0.003610010666307062,0.490190625336254,0.0004173901957074122,6,SCC
IL_4452880,1,BCC,BCC,0.00014205863681127084,0.5002720202901401,0.49712786106101703,8.284369343414255e-06,0.0005146068679096061,0.0016472450843139086,0.00028714229483739473,7.88666071116495e-07,1,BCC
IL_4453388,1,BCC,BCC,0.47852864186279476,0.511930632404983,0.005505101364235543,0.00014968611515886465,0.0007125909144463094,0.0002555541673245898,0.0028983644945128617,1.9426231062436017e-05,1,BCC
IL_4453479,6,SCC,SCCKA,0.01867137895897031,0.49332040175795555,0.002445292309857905,0.0005653789594362024,0.02757616830058396,0.009751085191965103,0.4463859051465988,0.0012842981377616525,1,BCC
IL_4454107,1,BCC,BCC,0.07206536270678043,0.33142530266195536,0.4806521013379097,0.003608986677136272,0.047462401911616325,0.05485055036842823,0.007854332448914647,0.002080972888506949,2,BKL
IL_4455323,0,AK,AKIEC,0.030189240848812915,0.0009756531508173794,0.11438654859375674,4.6178060983947944e-05,0.001611119630979374,0.3837245451140916,0.46906431668139703,2.3876690420365776e-06,6,SCC
IL_4456737,5,NV,NV,0.001217652068589814,0.0035705955369849107,0.246540155261755,0.005630044870486017,0.09321418963372707,0.6465807855129242,0.0008387591333303135,0.0024078293135971762,5,NV
IL_4457515,1,BCC,BCC,0.0020785672568308655,0.9643906056880951,0.027491745946463197,0.0002885134128973732,0.00018064119831251446,0.00536883482709527,0.0001915013272082433,9.59765969810178e-06,1,BCC
IL_4459235,0,AK,AKIEC,0.018346386030316353,0.25560330506414175,0.595909371972084,0.010044971131719649,0.06889620053698309,0.03565247729420662,0.008268175690318458,0.007279135686985683,2,BKL
IL_4459414,1,BCC,BCC,0.0020135047379881144,0.4881453812122345,0.11931084003299475,0.10103026589968067,0.1312990203150548,0.1251819934695959,0.02884292509406805,0.00417607520648744,1,BCC
IL_4459990,2,BKL,BKL,0.005173840676434338,0.47890160977840424,0.0036274095182307065,0.2424100217049272,0.0007914137240732089,0.26848835684359074,0.0004892143506367574,0.000118078118248377,1,BCC
IL_4460896,1,BCC,BCC,0.07779543311335146,0.017259927466511726,0.020130199380218983,0.009260243736207485,0.4310403794806916,0.021935857948847115,0.3983109323307872,0.024267028959002346,4,MEL
IL_4463388,1,BCC,BCC,0.008843204683216754,0.539588950574398,0.027878772816620767,0.02942300376616913,0.0016162668780452805,0.36441919475328177,0.027881381442057318,0.00034919279386258495,1,BCC
IL_4465213,1,BCC,BCC,0.001877457951195538,0.15010175155475736,0.33345683105289936,7.043005098239519e-05,0.002673695795238018,0.5051082670688629,0.0066771366791726905,3.4466251236153767e-05,5,NV
IL_4466294,5,NV,NV,4.019981679448392e-05,1.752640829977281e-05,0.04756130021996796,0.0005335222958819941,0.14911692054010928,0.8024603724479675,0.00017208250392286573,9.814484656089917e-05,5,NV
IL_4470686,5,NV,NV,0.00013899381315951587,0.00016737053772430954,0.20589490979909897,5.6486964354007796e-05,0.0018973100769699158,0.7903338968753815,1.2005684929761173e-05,0.0014990543441886217,5,NV
IL_4472583,6,SCC,SCCKA,0.09380992222577333,0.46841277927160263,0.012649940650589997,0.0003624973469413817,0.002875068021239713,0.002666666987352073,0.41916730999946594,5.583514422369262e-05,1,BCC
IL_4476860,5,NV,NV,2.591872657831118e-06,3.0313041861518286e-05,0.29626782424747944,0.00012822191183659015,0.006420069999876432,0.6971198469400406,5.429693828773452e-06,2.571677879359413e-05,5,NV
IL_4478741,1,BCC,BCC,4.0163846733776154e-05,0.4971107361184295,0.4277670963028868,0.0002453771184711684,0.004679697942890471,0.07014000555500388,1.0114274559214209e-05,6.794446617774952e-06,1,BCC
IL_4484576,1,BCC,BCC,0.07333866250564824,0.5042028911411762,0.013793026097118855,0.004295235231097649,0.31943751173093915,0.0744199069449678,0.009123738331254572,0.0013890526872728515,1,BCC
IL_4486702,2,BKL,BKL,0.002811413141898811,0.4918830986134708,0.012643841793760657,0.0003343145035614725,0.4671125476088491,0.022772004740545526,0.001745512301567942,0.0006972508854232728,1,BCC
IL_4491344,6,SCC,SCCKA,0.21125457037123851,0.11887905560433865,0.06605442240834236,0.009143295351350389,0.021389709522736666,0.014669456482806709,0.5585223287343979,8.714267455900426e-05,6,SCC
IL_4491855,1,BCC,BCC,0.1316887065768242,0.46369387209415436,0.017196857137605548,0.00034566099566291086,0.14788846671581268,0.09940953738987446,0.0894900131970644,0.05028690426843241,1,BCC
IL_4494242,6,SCC,SCCKA,0.5349878035485744,0.37387942988425493,0.004601280204951763,0.005091426632134244,0.012948112555022817,0.026898015377810225,0.04152154270559549,7.229146012832643e-05,0,AK
IL_4498199,4,MEL,MEL,0.0022480887128040195,0.01616191491484642,0.35366949439048767,0.007029408239759505,0.15221880236640573,0.33385635912418365,0.008353347808224498,0.1264625652693212,2,BKL
IL_4499272,5,NV,NV,0.0011158771094414988,0.000556278697331436,0.19039774779230356,0.0005622210228466429,0.03594658733345568,0.7706723511219025,0.00038662842666781216,0.0003623355005402118,5,NV
IL_4500103,2,BKL,BKL,0.00022293297661235556,0.44809305446688086,0.48695476696593687,8.504225661454257e-05,0.0012029978024656884,0.062210891395807266,0.0012207432300783694,9.481595725446823e-06,2,BKL
IL_4500460,1,BCC,BCC,0.07410729117691517,0.5367336682975292,0.19996621602331288,0.006797744756095625,0.0303813873430272,0.12253493257594528,0.02762075565937039,0.0018579643445952865,1,BCC
IL_4504352,1,BCC,BCC,0.018013972654443933,0.6480240076780319,0.06699614441095036,0.008449559936707374,0.011843000149383442,0.014635411847848445,0.23059289233060554,0.0014450186436079093,1,BCC
IL_4504514,1,BCC,BCC,0.17422723583877087,0.1491827303543687,0.06635826826095581,0.00027945591864408925,0.03639091330114752,0.43719669058918953,0.13626920971728396,9.548495290800929e-05,5,NV
IL_4505417,6,SCC,SCCKA,0.49773517746507423,0.002531992504373193,0.011490457822219469,2.891148209549499e-05,0.05900825130220255,0.4283879911272379,0.0005803610110888258,0.00023677901918084387,0,AK
IL_4507601,1,BCC,BCC,0.055345373577438295,0.8929433524608612,0.03217786364257336,0.0014113688484940212,0.002092560510391195,0.00421371276024729,0.011704864213243127,0.00011090196858276613,1,BCC
IL_4508203,0,AK,AKIEC,0.003792714371229522,0.9696120619773865,0.0003739008097909391,0.003957794195230235,0.009942864082404412,0.004219946567900479,0.005873763642739505,0.002226953576609958,1,BCC
IL_4511689,1,BCC,BCC,0.04159807850373909,0.8776277303695679,0.026847648434340954,8.507464008289389e-05,0.0010656304366420954,0.04725093441084027,0.005082189105451107,0.0004427388466865523,1,BCC
IL_4512355,4,MEL,MEL,1.7212647351882993e-06,0.0002534795107891341,0.0016112907760543749,8.57606863746696e-06,0.09462098218500614,0.9034686088562012,1.5198079083234006e-05,2.020801045432563e-05,5,NV
IL_4514028,5,NV,NV,0.0005811335063299339,9.569095345796086e-05,0.0019345395412528887,0.00035376911546336487,0.03804245940409601,0.9578492641448975,0.000589337225392228,0.0005537176766665652,5,NV
IL_4514039,5,NV,NV,1.2308927992421559e-06,7.28223557189267e-05,0.22129588931591115,6.813099844293902e-06,0.0018273239256814122,0.7767946720123291,2.1150313656015385e-07,1.0183092342685995e-06,5,NV
IL_4516154,0,AK,AKIEC,0.031241824151948094,0.0068912515007468755,0.8056308031082153,0.00012584349133248907,0.00190956678125076,0.10754249105229974,0.046558328554965556,9.98541343051329e-05,2,BKL
IL_4517791,4,MEL,MEL,0.0009197581821354106,0.06436315178871155,0.43589047106797807,0.0004104207982891239,0.47088789381086826,0.016203450388275087,0.001247971595148556,0.010076861828565598,4,MEL
IL_4519141,5,NV,NV,3.4390968210118444e-05,6.297348363659694e-06,0.0017298614257015288,2.3735779905109666e-05,0.006052530574379489,0.9920928478240967,1.0019121191362501e-05,5.030014108342584e-05,5,NV
IL_4522594,4,MEL,MEL,4.136388945141789e-06,0.001990849559661001,0.12871957570314407,3.20984331665386e-05,0.22949784714728594,0.6395696848630905,2.521072110539535e-05,0.00016057957850534876,5,NV
IL_4524955,1,BCC,BCC,0.12148506852099672,0.06923650577664375,0.7107455134391785,0.004654892603866756,0.005526034452486783,0.07064292044378817,0.017614304582821205,9.476986087975092e-05,2,BKL
IL_4528445,4,MEL,MEL,3.2541180416956195e-07,0.0016086362546730015,0.015178816873230971,6.0325594262167215e-06,0.0017357358592562377,0.9814664125442505,9.393758659825835e-07,3.1203207981889136e-06,5,NV
IL_4530346,1,BCC,BCC,0.0376187467481941,0.07985062897205353,0.2443924956023693,0.0004896636091871187,0.029708517715334892,0.16726450342684984,0.44051004835637286,0.00016535496797587257,6,SCC
IL_4534597,1,BCC,BCC,0.0032591208000667393,0.4745376887731254,0.13237892324104905,0.004442134813871235,0.08236161165405065,0.289069389924407,0.007007594977039844,0.006943549626157619,1,BCC
IL_4537840,6,SCC,SCCKA,0.0023174397356342524,0.4175969958305359,0.26545005291700363,2.732927760007442e-05,0.2689022286213003,0.011868755100294948,0.0004782917822012678,0.03335893960320391,1,BCC
IL_4538075,0,AK,AKIEC,0.04344612720888108,0.21955844771582633,0.47538618743419647,0.11235942877829075,0.010958002181723714,0.12553695868700743,0.01149554643779993,0.001259346285223728,2,BKL
IL_4541934,5,NV,NV,2.0318688029874465e-06,0.24415964392755996,0.22209196140465792,0.00014285291672422318,0.011049583787098527,0.5225068628787994,2.0735481029987568e-05,2.632476616781787e-05,5,NV
IL_4545799,4,MEL,MEL,0.00012807522944058292,5.437067443381238e-06,0.442003964795731,0.00019350676666363142,0.5232132077217102,0.034284183755517006,9.117178160522599e-05,8.043379966693465e-05,4,MEL
IL_4547329,5,NV,NV,0.026082719676196575,0.20264646410942078,0.15902443043887615,0.00015967743820510805,0.07434565765288426,0.5354800522327423,2.2447208721132483e-05,0.002238553533970844,5,NV
IL_4547617,4,MEL,MEL,0.0005597918004696112,3.236579709664511e-05,0.013318606244865805,6.026674236636609e-05,0.5297799296677113,0.4560977737419307,4.158219007877051e-05,0.00010966251102217939,4,MEL
IL_4551923,5,NV,NV,3.3394310321455123e-06,6.955249952511622e-05,0.09924907854292542,0.0009853413471319072,0.14236097037792206,0.7524258196353912,2.9216685561550548e-05,0.004876693703408819,5,NV
IL_4551959,5,NV,NV,0.0004358941223472357,0.381519190967083,0.26881803543074057,0.0034701675758697093,0.07901775790378451,0.16292501986026764,0.10376180708408356,5.2167205922160065e-05,1,BCC
IL_4557946,1,BCC,BCC,0.028272460273001343,0.4823766592890024,0.3414300177246332,0.0021763891563750803,0.003471816540695727,0.029489983338862658,0.10822283150628209,0.004559847759082913,1,BCC
IL_4561520,5,NV,NV,2.5327542061859276e-05,4.665528123837248e-06,0.002391992606135318,6.148098782432498e-05,0.0010078925115521997,0.9953919351100922,0.0005001153749049081,0.0006166102684801444,5,NV
IL_4563255,5,NV,NV,0.1352794012054801,0.48155467212200165,0.24185524135828018,0.002553398022428155,0.08549454296007752,0.027082784101366997,0.005115211271913722,0.021064782224129885,1,BCC
IL_4563782,5,NV,NV,0.0013184699834880576,0.0001199410824028746,0.01687163906171918,0.015582706164423143,0.02807249454781413,0.9324716627597809,0.002366916370533545,0.0031961524073267356,5,NV
IL_4564501,5,NV,NV,1.9207857349101687e-06,0.0008366098700207658,0.0005942539282841608,1.869099560281029e-05,0.013453127117827535,0.9467497766017914,1.4155556584682927e-06,0.03834424214437604,5,NV
IL_4567076,1,BCC,BCC,0.008097484213067219,0.5561713427305222,0.018675519851967692,0.0015312651812564582,0.07680869169416837,0.32250926177948713,0.0161659192526713,4.0487815567757934e-05,1,BCC
IL_4571173,4,MEL,MEL,0.0001618256173969712,0.008797236295379207,0.011248048860579729,0.006371835627419387,0.003921608062228188,0.00041958486690418795,0.969034880399704,4.499226310628046e-05,6,SCC
IL_4571566,1,BCC,BCC,0.09630115921027027,0.057649891590699553,0.29946792870759964,0.0003609295399655821,0.021720669930800796,0.017500594491139054,0.5069261938333511,7.266923330462305e-05,6,SCC
IL_4571901,1,BCC,BCC,0.010123866042704321,0.05035669100470841,0.7755866646766663,0.00955507306207437,0.014080700231716037,0.0735646088141948,0.05675210780464113,0.009980371010897215,2,BKL
IL_4575462,2,BKL,BKL,0.13417751574888825,0.3568151034414768,0.24262276361696422,0.0008217882714234293,0.04569482011720538,0.21242070116568357,0.00719413225306198,0.00025322006695205346,1,BCC
IL_4576519,2,BKL,BKL,0.003052427871807595,0.031993569573387504,0.32489664293825626,0.0006442993748123627,0.03770021954551339,0.6015433967113495,7.873092272348003e-05,9.070261421584291e-05,5,NV
IL_4577281,2,BKL,BKL,0.2566795103775803,0.171290323138237,0.021056702826172113,0.0006694122428712035,0.00014078808271733578,0.23994190990924835,0.31017833806612316,4.3046805842550384e-05,6,SCC
IL_4580726,1,BCC,BCC,0.16408399579813704,0.5726252645254135,0.00854879217740745,0.0023563694612676045,0.24663602515101957,0.0014000755945744459,0.0043106237426400185,3.886349117010468e-05,1,BCC
IL_4581258,6,SCC,SCCKA,0.04484807513654232,0.01424016896635294,0.4854535944759846,0.0003928114638256375,0.02514186967164278,0.0024439658591290936,0.4271236179629341,0.00035595026793089346,2,BKL
IL_4581879,2,BKL,BKL,0.16797771956771612,0.4206928685307503,0.08890448324382305,4.82156356156338e-05,0.004759541247040033,0.02406299766153097,0.29354770947247744,6.460667009378085e-06,1,BCC
IL_4582697,5,NV,NV,5.649576735322626e-07,2.5127994376816787e-05,6.896277045598254e-05,0.0005035125213908032,0.016804666724056005,0.9818720817565918,0.0007232873235807347,1.8091449760504474e-06,5,NV
IL_4585306,1,BCC,BCC,0.00023053800214256626,0.6986561119556427,0.046102187247015536,0.0013786686265575554,0.0013568039576057345,0.25209412910044193,0.00010322177695343271,7.833604331608512e-05,1,BCC
IL_4588055,5,NV,NV,2.758791936230409e-06,6.524417194953003e-06,0.02485380928555969,2.258898115314878e-05,0.0032049488509073853,0.9718652069568634,7.463880365321529e-06,3.6679930872196564e-05,5,NV
IL_4591164,1,BCC,BCC,0.45990641973912716,0.3566072373650968,0.06535096559673548,0.028899384895339608,0.0033264603189309128,0.040784371201880276,0.04170650424202904,0.0034186194607173093,0,AK
IL_4591781,1,BCC,BCC,0.48177951062098145,0.001720945816487074,0.023729460197500885,0.001128427010996802,0.0003015667534782551,0.02343283500522375,0.46789405558706676,1.3160185062588425e-05,0,AK
IL_4597676,1,BCC,BCC,0.04916778425103985,0.27531436225399375,0.37417353317141533,0.04105451796203852,0.016778749297372997,0.043859103694558144,0.1980704190209508,0.0015815953956916928,2,BKL
IL_4600654,1,BCC,BCC,0.001141559883762966,0.4895188758382574,0.20097984554013237,0.0005181013143555901,0.2758381848107092,0.020468681083002593,0.011060345103032887,0.0004743812946799153,1,BCC
IL_4601924,6,SCC,SCCKA,0.015527765266597271,0.00012917418825963978,0.000242625355895143,0.0001085405833691766,0.01217662619916382,0.00010608902766762185,0.9717084765434265,7.306515339422504e-07,6,SCC
IL_4609095,6,SCC,SCCKA,0.49336007097736,3.0871682383804e-06,0.002834670731317601,2.964030979768495e-06,0.0018934865866810924,0.0019480291338709321,0.499957395484671,2.7890844922495717e-07,6,SCC
IL_4609448,1,BCC,BCC,0.033928425356862135,0.46463980432599783,0.008440004210569896,0.00022751519281882793,0.0020089463982913003,0.002643402548528684,0.4881089318660088,2.9592052470661656e-06,6,SCC
IL_4610207,1,BCC,BCC,0.0007075330236716582,0.8703301846981049,0.06180229061283171,8.244715354521759e-05,0.00023806463286746293,0.060927571379579604,0.0059027778333984315,9.162773750404085e-06,1,BCC
IL_4610618,4,MEL,MEL,0.0008200644255111911,0.010951752065011533,0.018413912504911423,2.3493699700338766e-05,0.1835865315697447,0.786113828420639,7.857599302951712e-05,1.180812978418544e-05,5,NV
IL_4613455,5,NV,NV,1.3438369451890253e-05,7.194050158432219e-05,0.012574366759508848,2.3741745984295903e-05,0.0030914231901988387,0.9841794371604919,2.192431762182423e-05,2.3750693145530022e-05,5,NV
IL_4614364,6,SCC,SCCKA,5.864772083441494e-05,5.0832946953960345e-06,0.01764675957383588,2.8653378649323713e-05,2.9026707579760114e-05,0.00010083936376759084,0.9821285307407379,2.473951774994987e-06,6,SCC
IL_4615108,1,BCC,BCC,0.5220328867435455,0.39435205957852304,0.004409888060763478,0.00014928318523743656,0.014723820073413663,0.0013655944494530559,0.06202163314446807,0.0009449026981656061,0,AK
IL_4615374,6,SCC,SCCKA,0.006432777736335993,0.4969690665602684,0.018326798919588327,0.009512588905636221,0.0145354182459414,0.0011485223076306283,0.4530370831489563,3.772000582102919e-05,1,BCC
IL_4618514,5,NV,NV,1.3199253203310946e-05,5.513158049197386e-06,0.4902919783598918,3.106794042651018e-05,0.4137636460363865,0.09572695661336184,0.00014445099151316754,2.3134187131290673e-05,2,BKL
IL_4621496,1,BCC,BCC,0.28581437197863124,0.6579858064651489,0.028638901538215578,0.00022227393856155686,0.0006198634364409372,0.015020308434031904,0.011334643291775137,0.0003638572547970398,1,BCC
IL_4624720,0,AK,AKIEC,0.047432504245080054,0.01549362251535058,0.018269971013069153,0.0001301271768170409,0.7337774932384491,0.17611189899616875,0.008751301269512624,3.3063258342735935e-05,4,MEL
IL_4628159,1,BCC,BCC,0.014467240776866674,0.4485526941716671,0.3884183503687382,0.00713415234349668,0.058795289136469364,0.0071084878873080015,0.05358682759106159,0.021936889737844467,1,BCC
IL_4628367,1,BCC,BCC,0.000584717228775844,0.025990532070863992,0.3335066359722987,0.012534146777170463,0.029231648917630082,0.11896786125726067,0.4786339830607176,0.0005504251139427652,6,SCC
IL_4629787,1,BCC,BCC,0.01276375448651379,0.3340044324286282,0.553397212177515,0.02979995423129367,0.008288123179227114,0.02974884213472251,0.024134574603522196,0.007863092206662259,2,BKL
IL_4630533,0,AK,AKIEC,0.004330182266130578,0.5146462768316269,0.057527038909029216,0.006503564305603504,0.013271506526507437,0.05220762547105551,0.3509505270048976,0.0005632485772366636,1,BCC
IL_4635992,5,NV,NV,2.553234818947203e-05,2.321249530723435e-05,0.9305479824542999,0.0003365063857927453,0.001956423835508758,0.06708054058253765,2.7941481505422416e-05,1.7909940339677632e-06,2,BKL
IL_4638658,1,BCC,BCC,0.0007134642801247537,0.8154298365116119,0.120910670622834,0.0022545859164893045,0.012625426286831498,0.00843253976199776,0.0035615002270787954,0.03607199271209538,1,BCC
IL_4639886,6,SCC,SCCKA,0.008894834234524751,0.10044390430630301,0.4448022395372391,0.0005014851745386295,0.38846385618671775,0.016792724840343,0.03847949370720016,0.0016214632632909343,2,BKL
IL_4639919,6,SCC,SCCKA,0.006469756393926218,0.11106308153830469,0.08890609070658684,0.0007097169185499297,0.005890415981411934,0.3142205828407896,0.47262063273228705,0.00011971766801366357,6,SCC
IL_4641417,1,BCC,BCC,0.027594484854489565,0.5556238442659378,0.356493413913995,0.0002230743193649687,0.004156794719165191,0.0015338801858888473,0.05428976332768798,8.477353549096733e-05,1,BCC
IL_4641431,1,BCC,BCC,0.558696836233139,0.17261335253715515,0.03247005233424716,0.00026637564042175654,0.02878744638292119,0.10514971148222685,0.10149042706325417,0.0005258008604869246,0,AK
IL_4642030,6,SCC,SCCKA,0.0011571089635253884,0.8911483287811279,0.014708679402247071,0.0009110221725023848,0.016275731869882293,0.01116031943820417,0.06410574074925535,0.0005331129898138443,1,BCC
IL_4642532,1,BCC,BCC,0.2611125862749759,0.2258543656207621,0.33054082840681076,0.00016473671712446958,0.0005743851506849751,0.18035109154880047,0.001370318845147267,3.1649847642256645e-05,2,BKL
IL_4644252,5,NV,NV,0.0005366163495637011,0.004244572592142504,0.07574955798918381,0.002498955000191927,0.06242629140615463,0.4786355420947075,0.00011649989664874738,0.3757919189738459,5,NV
IL_4645849,2,BKL,BKL,0.05337707052240148,0.0665954016149044,0.4146635662764311,0.0035822534991893917,0.026876222109422088,0.024076339090242982,0.40958598628640175,0.0012431564396138128,2,BKL
IL_4647036,1,BCC,BCC,0.00046092920820228755,0.4657882251776755,0.016922710870858282,0.012020690028293757,0.03175177035154775,0.47082805819809437,0.001790516369510442,0.00043709993769880384,5,NV
IL_4647255,1,BCC,BCC,0.11905100010335445,0.04958292003720999,0.3041054462082684,0.002639989019371569,0.005638861162879039,0.025501241398160346,0.49267687648534775,0.000803648101282306,6,SCC
IL_4652077,1,BCC,BCC,0.008174910381057998,0.5939524695277214,0.13674805642222054,0.0006088883239954157,0.05070231348508969,0.055285467533394694,0.1541362412763192,0.00039172551078081597,1,BCC
IL_4652150,6,SCC,SCCKA,0.010225409394479357,0.020018200390040874,0.045193923404440284,0.0014790648674534168,0.058680360205471516,0.3793382183648646,0.4846131557278568,0.00045172323007136583,6,SCC
IL_4653785,4,MEL,MEL,8.193059659333812e-05,0.0007134276686429075,0.45779401034815237,6.054306084024574e-06,0.010918332263827324,0.5304714441299438,9.798186596299274e-06,5.000185865355888e-06,5,NV
IL_4656673,1,BCC,BCC,0.010933588724583387,0.46393691934645176,0.3531743250787258,0.005329350326064741,0.007850405907447566,0.15571231534704566,0.0015878980921115726,0.0014751521830476122,1,BCC
IL_4658276,6,SCC,SCCKA,0.014704001572681591,0.020569422747939825,0.5747954174876213,0.0024855973315425217,0.01347546512261033,0.36635863059200346,0.0052659413777291775,0.002345526314456947,2,BKL
IL_4663094,5,NV,NV,0.00018476999559879914,0.00698659073896124,0.07030136132198095,0.05789602102322533,0.012399897677823901,0.8499649167060852,0.0011180105444168476,0.001148400129750371,5,NV
IL_4667770,0,AK,AKIEC,0.49717275821603835,0.00370926869163668,0.14910746885288972,0.0025979103229474276,0.1371243937755935,0.20991723993211053,0.0003165992930007633,5.434332160803024e-05,0,AK
IL_4668896,1,BCC,BCC,0.00048684270586818457,0.7665688991546631,0.05342682916671038,0.00013961567674414255,0.009317295625805855,0.00034838133433368057,0.169675481505692,3.6614950658986345e-05,1,BCC
IL_4674217,1,BCC,BCC,0.0017246973802684806,0.9299849271774292,0.044905357994139194,0.005463017296278849,0.0019426497165113688,0.012164175044745207,0.0005725727151002502,0.003242628416955995,1,BCC
IL_4676732,2,BKL,BKL,0.20521993504371494,8.541351780877449e-05,0.3499623090028763,0.00017365591338602826,0.36165109276771545,0.08205162640661001,0.0006333434885164024,0.00022264667495619506,4,MEL
IL_4677643,1,BCC,BCC,0.013865952845662832,0.21390068845357746,0.678730845451355,0.0014877025823807344,0.032362863363232464,0.03914182889275253,0.018941448419354856,0.00156858516857028,2,BKL
IL_4681416,2,BKL,BKL,7.210509858168734e-05,1.0265863181757595e-06,0.9821016788482666,0.00040726216414554983,0.007759264641208574,0.009606158477254212,4.593428604948713e-05,6.537547076135297e-06,2,BKL
IL_4682243,1,BCC,BCC,0.04235751457963488,0.46893612178973854,0.34164517546014395,0.0011442947956084026,0.0249772587831103,0.09379489021375775,0.026647356338799,0.0004973726967705261,1,BCC
IL_4682786,1,BCC,BCC,0.0015378632815554738,0.5287605673074722,0.02990663086529821,0.018994532845681533,0.017097565345466137,0.010278678757458692,0.39337199507281184,5.219351078267209e-05,1,BCC
IL_4686156,7,VASC,VASC,0.0009553060517646372,0.03120981645770371,0.0031974099983926862,0.035308544895087834,0.05995926633477211,0.12678082520142198,0.006574145780177787,0.736014723777771,7,VASC
IL_4686561,1,BCC,BCC,0.04995270993936174,0.33316991315223277,0.16138281673192978,0.06333018772420473,0.07924730144441128,0.3105274341069162,0.00038373675488401204,0.0020058566205989337,1,BCC
IL_4686563,2,BKL,BKL,0.003942199458833784,0.02362057735444978,0.41236454248428345,0.00034352695365669206,0.02022886648774147,0.3825553829083219,0.15690362836858185,4.129803983232705e-05,2,BKL
IL_4687032,1,BCC,BCC,0.055289799347519875,0.3985801935195923,0.00489684974309057,0.00017562443827046081,0.011480201152153313,0.001372215454466641,0.5277848690748215,0.0004202535876629554,6,SCC
IL_4688122,1,BCC,BCC,0.0480652148835361,0.10586757957935333,0.4134902445366606,0.0001442659299755178,0.00023927513029775582,0.4320634384639561,9.904455873765983e-05,3.09030633616203e-05,5,NV
IL_4689062,5,NV,NV,7.827933927728736e-06,0.0009079058277290386,0.13188391869334737,0.00012678676284849644,0.027093152748420835,0.8399480879306793,1.3042247019257047e-05,1.932674172167026e-05,5,NV
IL_4689658,2,BKL,BKL,0.003031640017979953,4.917262231174391e-05,0.4954282268881798,3.417156676732702e-05,0.4669734686613083,0.03432160522788763,6.186031714605633e-05,9.979062224374502e-05,2,BKL
IL_4692190,1,BCC,BCC,0.08427987771574408,0.3418106660246849,0.4461873881518841,0.005485966866217495,0.02209719130769372,0.01702339539770037,0.08228325820527971,0.0008322923313244246,2,BKL
IL_4692859,1,BCC,BCC,0.10970451749277288,0.03559330142525141,0.8278862237930298,6.625524883929756e-05,0.0006489781735581346,0.026061638083774596,2.833383632605546e-05,1.0747678919287296e-05,2,BKL
IL_4693876,5,NV,NV,2.514535572117893e-05,0.005776331942342949,0.054822755861096084,0.0010732801488302357,0.02182662149425596,0.9158713221549988,0.00047463487420884576,0.0001299065702369262,5,NV
IL_4696609,5,NV,NV,0.005841754289576784,0.0009618820913601667,0.2623019367456436,0.03895250428467989,0.5196506083011627,0.12925048172473907,0.038021093467250466,0.0050197851451230235,4,MEL
IL_4700992,0,AK,AKIEC,0.021040518244262785,0.06415947433561087,0.7470687031745911,0.02304380724672228,0.04401066713035107,0.044144291430711746,0.054801732301712036,0.0017308336682617664,2,BKL
IL_4701281,5,NV,NV,0.00018507995628169738,0.001449198472982971,0.008193543122615665,0.0005287606036290526,0.10335928201675415,0.8243487477302551,0.00018817163072526455,0.061747186293359846,5,NV
IL_4702219,4,MEL,MEL,0.00015396122444144567,0.0003047385116587975,0.0036630428876378573,0.00017381623547407798,0.020728490781039,0.9597860276699066,0.00030879474047651456,0.014881115510434029,5,NV
IL_4703857,1,BCC,BCC,0.00029304056079126894,0.2663590759038925,0.35819858592003584,0.0003211276089132298,0.0035779283934971318,0.01732460013590753,0.35331749951001257,0.0006081418905523606,2,BKL
IL_4705970,1,BCC,BCC,0.0006588079109377531,0.40256199886789545,0.0005615086929537938,0.0001337852590950206,0.0012484556791605428,0.5926463901996613,2.1921349826925507e-05,0.0021672099646821152,5,NV
IL_4706482,6,SCC,SCCKA,0.00021340771399991354,0.0010335595311516954,0.00025748558527993737,0.0006574180818006425,0.00011585128241442533,5.978968096087556e-05,0.9976619184017181,5.563019823684456e-07,6,SCC
IL_4706609,1,BCC,BCC,0.4398143246799009,0.4376789815723896,0.0027821344701806083,8.667641282045224e-06,0.0001175853394670412,0.0007929725761641748,0.11880198340804782,3.3435846944485093e-06,0,AK
IL_4708649,1,BCC,BCC,0.018151378026232123,0.06333707412704825,0.8611425459384918,0.0010517225000512553,0.04219695468782447,0.010491020802874118,0.0022550901921931654,0.0013742896117037162,2,BKL
IL_4708897,1,BCC,BCC,0.007069024592055939,0.13560188794508576,0.15273345820605755,4.748146875499515e-05,0.0028699598042294383,0.0032012248411774635,0.6982604265213013,0.0002165446239814628,6,SCC
IL_4711220,1,BCC,BCC,0.010863338829949498,0.5097672417759895,0.01660802634432912,0.00013207621668698266,0.32924022898077965,0.0171207208186388,0.1150008927215822,0.0012674242607317865,1,BCC
IL_4713878,1,BCC,BCC,0.025277650682255626,0.49540713895112276,0.42849985251086764,0.0008620692096883431,0.009746870942763053,0.03033855222747661,0.009343890997115523,0.0005240200916887261,1,BCC
IL_4713984,1,BCC,BCC,0.006681936327368021,0.03217413369566202,0.7144257426261902,0.0009631704015191644,0.002020218686084263,0.20397856086492538,0.039511097653303295,0.0002450484248583962,2,BKL
IL_4715886,1,BCC,BCC,0.0286210633275914,0.47198146930895746,0.27899709378834814,0.013434573350764367,0.012412070820573717,0.14400396625569556,0.0475764237344265,0.0029733566943832557,1,BCC
IL_4720043,4,MEL,MEL,0.008986052722320892,0.3700012508779764,0.08159294095094083,0.0001898377172437904,0.31315406770590926,0.21430936455726624,0.00045104218025926457,0.011315431765979156,1,BCC
IL_4721897,2,BKL,BKL,0.004554359205940273,0.0510803604947796,0.918945848941803,0.000371007083231234,0.004772753454744816,0.017485372256487608,0.001037017378166638,0.0017532861972995306,2,BKL
IL_4726113,1,BCC,BCC,2.4702672362764133e-05,0.5000822577567305,0.4638511843950255,5.025556379223417e-05,7.836334702915337e-06,0.03596391547762323,1.6612721083220094e-05,3.2164807635126635e-06,1,BCC
IL_4729044,1,BCC,BCC,4.28854673089063e-05,0.010051375720649958,0.4892499297880022,2.3617584847812623e-05,0.00013050503366685007,0.0016244526145783311,0.4988758938176119,1.3743131397347952e-06,6,SCC
IL_4730511,6,SCC,SCCKA,0.000174458407855127,0.488405529409647,0.47433822602033615,0.0004791155515704304,0.011368766310624778,0.0164114604704082,0.008640368756459793,0.00018212993745692074,1,BCC
IL_4732001,1,BCC,BCC,0.0071851519469419145,0.9498953819274902,0.012283881660550833,0.011326067251502536,0.009918879630276933,0.007256121571117546,0.0019115334216621704,0.00022297482792055234,1,BCC
IL_4732392,5,NV,NV,3.11332736711023e-05,0.00020998620516365918,0.00020456574074501077,0.00016008916736609535,0.0206385944475187,0.9704996943473816,7.372407878669662e-05,0.00818227032169716,5,NV
IL_4734157,5,NV,NV,0.003972065693233162,0.002278298561577685,0.005005544633604586,0.0008510262327945384,0.017541235916723963,0.968433141708374,0.0009794823827178334,0.0009391605995006103,5,NV
IL_4737161,5,NV,NV,0.00013234917059889995,9.72042471403256e-05,0.49911896605044603,0.0002917757665272802,0.002212388319094316,0.4980674935504794,2.92421827907674e-05,5.058386432210682e-05,2,BKL
IL_4739106,5,NV,NV,3.2054470913145394e-06,5.425151366367231e-06,0.001158324201242067,1.4424354468189904e-05,0.3413466610945761,0.6574364453554153,2.785758597134702e-06,3.271938243187833e-05,5,NV
IL_4740973,1,BCC,BCC,0.00010763663885882124,0.010842515621334314,0.0039091031067073345,0.0001490339527663309,0.3811292424798012,0.6037475764751434,3.4127785511373077e-05,8.076030553638702e-05,5,NV
IL_4742005,5,NV,NV,2.8156983717053663e-05,1.0329999753366792e-06,0.7756935358047485,9.228977432940155e-06,0.04567984165623784,0.1785724712535739,2.099667213428802e-06,1.3630095281769172e-05,2,BKL
IL_4742371,0,AK,AKIEC,0.07284762524068356,0.0009289577137678862,0.24874792248010635,0.00011763240456730273,0.5444566309452057,0.12450217640434857,0.008379997569136322,1.9082234189227165e-05,4,MEL
IL_4744956,1,BCC,BCC,0.005202687811106443,0.8287735879421234,0.023481267504394054,0.00030869902184349485,0.04944448175956495,0.006170959095470607,0.0861981688067317,0.00042018210297101177,1,BCC
IL_4745332,2,BKL,BKL,0.009163907050492526,0.012608807959622936,0.48828873690217733,0.0010635534304128669,0.054503050865605474,0.3647887269034982,0.06692077827375442,0.002662433252680785,2,BKL
IL_4747873,1,BCC,BCC,0.0015505621122429147,0.5013620485551655,0.06709487052057739,0.0008262194974122394,0.0028942290304598828,0.4257618765113875,0.0004089717534689896,0.00010131201356244901,1,BCC
IL_4748724,5,NV,NV,9.259714033760247e-05,0.00020355553715489805,0.0010655295045580715,4.562839603750035e-05,0.25655616662697867,0.7416147887706757,4.2956689412676496e-05,0.00037875043926760554,5,NV
IL_4749815,1,BCC,BCC,0.24550173117313534,0.5606284290552139,0.04577564995997818,0.0060087103025807664,0.04977597157812852,0.06957660481566563,0.0164208533387864,0.006312102075526127,1,BCC
IL_4752808,5,NV,NV,0.08661990781547502,0.008778755436651409,0.4782670736312866,0.01440656092017889,0.012034254090394825,0.2120416834950447,0.18513004016131163,0.0027217555325478315,2,BKL
IL_4755561,5,NV,NV,9.034638850380361e-06,0.007038375115371309,0.004332683456595987,0.0001864285861756798,0.032388462976086885,0.9558216631412506,5.987936299334251e-05,0.00016341052435109304,5,NV
IL_4756008,5,NV,NV,8.665710083732847e-05,3.0898845579940826e-05,0.0011485992436064407,0.0001604601384315174,0.21114654606208205,0.782335489988327,0.0004862305795541033,0.004605135254678316,5,NV
IL_4756985,1,BCC,BCC,0.19961386919021606,0.4046297518652864,0.1044800728559494,0.00010949800395110287,0.0019318704726174474,0.2761516075115651,0.013037555132541456,4.580689528665971e-05,1,BCC
IL_4757654,1,BCC,BCC,0.00020496604406616825,0.00039571918023284525,0.06308887186514767,0.007942474226005913,0.5432941876351833,0.38404497723604436,0.0006825526620559685,0.0003462243143985688,4,MEL
IL_4765483,1,BCC,BCC,0.25587818265194073,0.49562500789761543,0.011254249606281519,0.0009917125548781769,0.16923179656623688,0.029662950793863274,0.037108502350747585,0.00024764917858988156,1,BCC
IL_4768081,6,SCC,SCCKA,0.02808794262818992,0.3270691490615718,0.5940564721822739,0.0009803714838199085,0.003490187751594931,0.009611576911993325,0.035818326514345245,0.0008859535046212841,2,BKL
IL_4768101,4,MEL,MEL,8.512691147188889e-05,0.0003018993418208993,0.019067802060817485,8.015414096007589e-05,0.9008691012859344,0.07940008118748665,0.00011007222201442346,8.575410902267322e-05,4,MEL
IL_4769652,4,MEL,MEL,0.0007648555329069495,0.0028124492964707315,0.01735843066126108,0.003728036986103689,0.5481737777590752,0.05336252669803798,0.0004807556324522011,0.3733191852552409,4,MEL
IL_4777060,1,BCC,BCC,0.002473550563081517,0.45671323454007506,0.4484028685837984,0.0001237886281160172,0.01590049493825063,0.07565884292125702,0.0006676853590761311,5.956610220891889e-05,1,BCC
IL_4777292,1,BCC,BCC,0.32519261974084657,0.09559749672735052,0.5167646035552025,5.1236647777841426e-05,0.00804641681315843,0.03405628097243607,0.02022940006281715,6.202029180712998e-05,2,BKL
IL_4779406,1,BCC,BCC,0.0761241379805142,0.42499352246522903,9.78743664745707e-05,2.2263241135078715e-06,0.0002842877438524738,0.49720274467836134,0.001234630659382674,6.0588024439311994e-05,5,NV
IL_4781564,1,BCC,BCC,0.0003432946041357354,0.48185209929943085,0.17066088784486055,0.00011603641550550492,0.004396740929223597,0.23043501377105713,6.053061952115968e-05,0.11213542692416922,1,BCC
IL_4781957,2,BKL,BKL,0.00020790802136616549,0.0005873986538063036,0.8380201160907745,5.0933018428622745e-05,0.010282618924975395,0.13209106310387142,0.018604309226248006,0.00015564307142312828,2,BKL
IL_4782455,1,BCC,BCC,0.003073359082918614,0.005691055033821613,0.6916983723640442,0.0028839887818321586,0.0019837439758703113,0.0031861719908192754,0.2914232946932316,6.0020611044819816e-05,2,BKL
IL_4783389,5,NV,NV,8.286515491562341e-07,7.171701730257496e-06,0.019055097304867985,5.371645990948082e-05,0.14521894382687606,0.8356258571147919,1.066124794890655e-06,3.7317611031539855e-05,5,NV
IL_4785654,6,SCC,SCCKA,0.08460672853107098,0.04395581595599651,0.010048140160506591,0.006204590841662139,0.0009918726832438551,0.0014695289031578795,0.8526543378829956,6.90132388854181e-05,6,SCC
IL_4790851,0,AK,AKIEC,0.004119137573297849,0.00013316893000592245,0.5186311397701502,3.662068957055453e-05,0.44328135649629985,0.033764428459107876,2.680352463357849e-05,7.323757408528309e-06,2,BKL
IL_4790856,1,BCC,BCC,0.28892920655198395,0.47454756621300476,0.2050224786362378,5.933925604040269e-05,0.002670369518455118,0.005504330067196861,0.023003021022304893,0.0002637102261360269,1,BCC
IL_4791300,4,MEL,MEL,0.00030188178880052874,0.0007083734526531771,0.0792089665774256,5.333748958946671e-05,0.5213470682501793,0.39805505611002445,5.7328106777276844e-05,0.00026792856078827754,4,MEL
IL_4793144,1,BCC,BCC,0.49526010983390734,0.24555449667241191,0.0036630364193115383,5.708969410989084e-06,0.0017164136752398917,0.0007281883263203781,0.25307020566106075,1.767784283401852e-06,0,AK
IL_4794803,1,BCC,BCC,0.002813743441038241,0.02524803227333905,0.8678591549396515,0.00025303620714112185,0.08579305725470476,0.01721755089238286,0.0007852573344280245,3.0113474167592358e-05,2,BKL
IL_4794810,7,VASC,VASC,2.0481309981335016e-08,1.8269226757183787e-05,0.0001580587609097961,1.0369742753368882e-07,0.00014872967722112662,0.49975241333595477,1.6294380511538975e-08,0.4999223463368594,7,VASC
IL_4796364,5,NV,NV,6.816762152084266e-06,4.7774572294656537e-05,0.0008557184825690456,0.0013590100506917224,0.008950160350650549,0.988559901714325,6.7111822090737405e-06,0.0002138939016731456,5,NV
IL_4797529,4,MEL,MEL,6.959435575026873e-05,7.383084471257462e-05,0.49097120948135853,0.0004355254568508826,0.34738921537064016,0.16018977016210556,0.0005314606976298819,0.0003393445705768272,2,BKL
IL_4799699,1,BCC,BCC,0.0005489066898007877,0.421092722681351,0.492735639156308,0.0013467305107042193,0.06424305285327137,0.00515986024402082,0.014512237859889865,0.00036083893428440206,2,BKL
IL_4805155,5,NV,NV,0.00013322428731044056,0.02144760068040341,0.2734829198452644,0.0028792158773285337,0.005050182342529297,0.5242166221141815,8.687641184224049e-06,0.17278155193071143,5,NV
IL_4807547,5,NV,NV,6.101785832157702e-06,5.864400519328683e-05,0.08759983722120523,1.2852882264269283e-05,0.003095638385275379,0.9092060625553131,2.083404140762468e-06,1.8743631187589926e-05,5,NV
IL_4811840,5,NV,NV,6.452547900437366e-05,0.013298099764142535,0.003688036318635568,0.0001637687109905528,0.06402936344966292,0.868552953004837,0.05014064053750644,6.263187970034778e-05,5,NV
IL_4820678,1,BCC,BCC,0.008700968348421156,0.25992969609797,0.12641427526250482,0.07990295975469053,0.01995245344005525,0.023695275653153658,0.4750272110104561,0.006377165718731703,6,SCC
IL_4826188,1,BCC,BCC,0.00033971974153246265,0.2933031842112541,0.6473640501499176,0.00011483933849376626,0.014260111842304468,0.03725491650402546,0.00688304263894679,0.00048019819223554805,2,BKL
IL_4826540,4,MEL,MEL,0.013810834723699372,0.30970233771950006,0.6110517308115959,0.00016737567057134584,0.00014478054981736932,0.05719035156653263,0.0002272907950100489,0.007705331268113014,2,BKL
IL_4829953,4,MEL,MEL,1.1219471716117368e-06,8.429179217728233e-06,7.589665710838744e-05,8.63225477587548e-06,0.8267505466938019,0.1731325862929225,3.035184931832191e-06,1.9771017733205554e-05,4,MEL
IL_4831805,0,AK,AKIEC,0.058038091054186225,0.0337377438263502,0.8388227224349976,0.00047802162316656904,0.03239462594501674,0.02933587768347934,0.006195463094627485,0.0009974195054383017,2,BKL
IL_4831820,1,BCC,BCC,0.12589110649423674,0.5210825745016336,0.21741408517118543,1.2107802376704058e-05,0.0011149939673487097,0.134129481491982,0.0003495590281090699,6.140096047602128e-06,1,BCC
IL_4836988,2,BKL,BKL,0.01339957065647468,0.12588367005810142,0.013523531728424132,0.023796496680006385,0.10485847294330597,0.46641305088996887,0.25194082903908566,0.00018437540711602196,5,NV
IL_4840616,1,BCC,BCC,0.0009526342325330006,0.042270622949217795,0.0016549873598705744,0.01921481390400004,0.3579070121049881,0.508785679936409,0.0012184336999325751,0.06799578010031837,5,NV
IL_4843671,1,BCC,BCC,0.0026180970889981836,0.6569861471652985,0.23163681477308273,0.0004561294481391087,0.018585910089313984,0.07966990396380424,0.007207327522337437,0.002839635737473145,1,BCC
IL_4845726,5,NV,NV,0.016523206955753267,0.016404377296566963,0.24934999272227287,0.11083283746847883,0.01169929327443242,0.5718301236629486,0.012592354090884328,0.01076783258758951,5,NV
IL_4846711,1,BCC,BCC,0.352418106951518,0.08725758708169451,0.18985388427972794,0.00018948643310068292,0.007278525532456115,0.3627050411887467,0.00021695665054721758,8.038311534619424e-05,5,NV
IL_4850244,2,BKL,BKL,0.00014565935998689383,2.0219547650413006e-05,0.974123477935791,2.762460053418181e-05,0.008343193680047989,0.017080343153793365,0.00025284660023316974,6.634385727011249e-06,2,BKL
IL_4851899,1,BCC,BCC,0.1402494555732119,0.4997115438163746,0.3054775168711785,1.8435662809679343e-06,0.005989141123791342,0.04854740126756951,1.0672530152078252e-05,1.2414223675705216e-05,1,BCC
IL_4855362,1,BCC,BCC,0.001120708926464431,0.5316438712179661,0.4581454233266413,6.96603128744755e-05,0.0005290067492751405,0.005815721349790692,0.002558574196882546,0.00011696343517542118,1,BCC
IL_4859136,1,BCC,BCC,0.05060288496315479,0.45458515896461904,0.44187979586422443,0.0006814308144384995,0.0025502561475150287,0.0486992213409394,0.000699483494827291,0.0003018381539732218,1,BCC
IL_4860977,1,BCC,BCC,0.013339623343199492,0.5835203379392624,0.29530456685461104,0.0010760798177216202,0.008154275012202561,0.02008713420946151,0.030599741032347083,0.04791822703555226,1,BCC
IL_4862804,1,BCC,BCC,0.003855141589156119,0.011151753369631479,0.7822200059890747,6.269542427617125e-05,0.0013246019661892205,0.04386143386363983,0.15749927173601463,2.508905527065508e-05,2,BKL
IL_4864360,2,BKL,BKL,0.36820892337709665,0.0030103729222901165,0.5768682956695557,0.0017128134495578706,0.0007206824811873958,0.01168624202546198,0.03775336541002616,3.9266986277652904e-05,2,BKL
IL_4865091,6,SCC,SCCKA,0.0005486771697178483,0.43432750552892685,0.0313202312681824,0.0001018892289721407,0.00875532327700057,0.48605092987418175,0.03887816518545151,1.7255002376259654e-05,5,NV
IL_4865412,1,BCC,BCC,0.000562212648219429,0.5310431458055973,0.0269962209276855,0.009130873309914023,0.2938746800937224,0.052113761426880956,0.0024380673421546817,0.0838410067372024,1,BCC
IL_4865476,1,BCC,BCC,0.0054016688372939825,0.22009917348623276,0.40146251767873764,0.013430132905341452,0.006823465668276185,0.35020799562335014,0.002041772415395826,0.0005333426161087118,2,BKL
IL_4866547,1,BCC,BCC,0.4600503264427971,0.4859252283349633,0.0015651279245503247,2.4948103394706322e-05,0.0013131332325428957,0.049009066075086594,0.002088588629703736,2.3588604705082616e-05,1,BCC
IL_4873661,1,BCC,BCC,7.22388622307335e-05,0.7112068682909012,0.003197001409716904,0.00013726732868235558,0.0002546155119489413,0.026534185279160738,0.2585787304560654,1.915192251544795e-05,1,BCC
IL_4876348,6,SCC,SCCKA,0.017914554162416607,0.017440169704968866,0.002207766840001568,0.011286806387943216,0.0007373497351181868,0.0008329481934197247,0.9495188295841217,6.156097343534839e-05,6,SCC
IL_4877466,6,SCC,SCCKA,6.433550697693136e-05,2.8716929591610096e-05,0.3332418967038393,0.005241434586878313,0.13261423064795963,0.04244994046166539,0.48634174682956655,1.766923814727761e-05,6,SCC
IL_4877851,5,NV,NV,2.8987601483621006e-06,0.00020401651824464295,0.0007829498063074425,4.098498425264552e-05,0.0010309323843102902,0.9978840351104736,2.6007662384586183e-05,2.8161379759694682e-05,5,NV
IL_4878872,1,BCC,BCC,0.07987257090280764,0.413672336115269,0.3392710122279823,0.00047870457660792454,0.028317938827967737,0.13826302683446556,0.00010232991189695895,2.207951342825254e-05,1,BCC
IL_4879844,4,MEL,MEL,0.002202611300162971,0.17178929726651404,0.0313635878264904,0.002881004893424688,0.4852934377267957,0.302327586337924,0.003469628660241142,0.0006728728767484426,4,MEL
IL_4879979,1,BCC,BCC,6.254152503970545e-05,0.4719268851913512,0.026569620240479708,2.4983351522678277e-05,0.0030508694444506546,0.49830858246423304,7.826512955944054e-06,4.873068851907192e-05,5,NV
IL_4885447,6,SCC,SCCKA,0.04700905829668045,0.4724225401878357,0.0021824033465236425,0.0002266015944769606,0.1507825918852177,0.01178906561108306,0.31439664436038584,0.0011910715656995308,1,BCC
IL_4885468,2,BKL,BKL,0.07733155251480639,2.9036371415713802e-05,0.7681555151939392,0.0021945325512220393,0.020468455608352087,0.13080655987141654,0.0006016300769715599,0.00041262006044462396,2,BKL
IL_4889652,6,SCC,SCCKA,0.08573461323976517,0.20961550250649452,0.12085432559251785,0.015159871894866228,0.06640662997961044,0.3102221339941025,0.1725304014980793,0.019476549699902534,5,NV
IL_4891045,1,BCC,BCC,0.0003305893123979331,0.5761416256427765,0.0061010363722289185,0.001192159648209401,0.0021292352908517387,0.39642480681482084,0.017657280697932265,2.3203594915310877e-05,1,BCC
IL_4893133,0,AK,AKIEC,0.46094558681943454,0.04086161730811,0.4971492141485214,1.1552882149601373e-05,0.0002828274664352648,0.0006429460052004288,9.989017235056963e-05,6.3308623339253245e-06,2,BKL
IL_4896057,1,BCC,BCC,0.006590034521650523,0.001691806159215048,0.01038607768714428,0.00010836070941877551,6.297230538621079e-05,0.0044146966392872855,0.9767449498176575,1.0763737208208113e-06,6,SCC
IL_4896653,2,BKL,BKL,0.002745474130851022,0.0031827067891185834,0.42753074797565205,0.0033503829181427136,0.0003908005448991503,0.06039107780564734,0.5024041465949267,4.703142139990749e-06,6,SCC
IL_4900947,5,NV,NV,8.040461420932843e-05,0.0005910248146392405,0.08488627057522535,0.0005313233923516236,0.10911249741911888,0.8032639026641846,0.0005275244258200473,0.0010070810039906064,5,NV
IL_4902054,5,NV,NV,0.10173355415463448,0.5011817868798971,0.1882201312109828,0.0002819176770572085,0.0006530410755658522,0.041933519882149994,0.16598655621055514,9.45016461173509e-06,1,BCC
IL_4906380,5,NV,NV,0.00020815486550418427,0.00020493188661419026,0.45097130711656064,2.7437617887926535e-05,0.4629332342433372,0.08564436063170433,9.889313446365122e-06,6.858771399720354e-07,4,MEL
IL_4907068,1,BCC,BCC,0.2929818108677864,0.05274707265198231,0.11785661592148244,0.09910011198371649,0.008279724715976045,0.004849711611313978,0.4241507202386856,3.4259442941220186e-05,6,SCC
IL_4908746,5,NV,NV,1.9982054411116223e-07,2.441127065822002e-06,0.0020094715491723036,5.967174558918487e-07,0.0075475366320461035,0.9904364049434662,4.192934852653707e-07,2.9663266332136118e-06,5,NV
IL_4910941,1,BCC,BCC,0.0008668650225445163,0.5256923027336597,0.3928880272433162,0.00027406003937358037,0.0006660829385509714,0.07569277938455343,0.0031334155428339727,0.0007864284489187412,1,BCC
IL_4912599,2,BKL,BKL,0.004943888152411091,0.21533947344869375,0.7122703790664673,0.006737352316122269,0.0009058262221515179,0.020125655690208077,0.03952844487503171,0.00014897871005814523,2,BKL
IL_4913494,2,BKL,BKL,0.010098769795149565,0.24900973960757256,0.21413829550147057,0.010949738847557455,0.015185276512056589,0.026840290054678917,0.4679713509976864,0.005806484259665012,6,SCC
IL_4915853,2,BKL,BKL,1.7693505469651427e-05,2.856483831692458e-06,0.9152272641658783,0.0013395648666119087,0.024114095722325146,0.05915399454534054,0.00013624366465592175,8.354644478458795e-06,2,BKL
IL_4918224,2,BKL,BKL,0.0009579417819622904,0.05613484978675842,0.014509540982544422,0.006907147719175555,0.06543447263538837,0.4288899339735508,0.4270534679526463,0.00011265655848546885,5,NV
IL_4918267,1,BCC,BCC,0.0735514689295087,0.4946727976202965,0.08215298119466752,0.0606500506401062,0.059496255591511726,0.1567714186385274,0.07165850698947906,0.0010466142412042245,1,BCC
IL_4918829,1,BCC,BCC,0.00020132539793848991,0.4889855768706184,0.42113332310691476,0.00030370210356522875,0.0005802518935524859,0.08114703165119863,0.007610736854985589,3.8043429981371446e-05,1,BCC
IL_4921939,1,BCC,BCC,0.007897918345406651,0.5029186075553298,0.2457865842152387,0.005510674905963242,0.15163103760278318,0.08274715463630855,0.0024024147423915565,0.0011056118091801181,1,BCC
IL_4922531,4,MEL,MEL,1.957510357897263e-05,2.8709394428005908e-05,0.030819743624306284,1.6626305296085775e-05,0.44345380924642086,0.5255114138126373,8.005734957805544e-05,7.00373620929895e-05,5,NV
IL_4923894,6,SCC,SCCKA,0.11948578042211011,0.15440701693296432,0.0038537767832167447,0.00041740413871593773,0.3132608234882355,0.044883981347084045,0.022492945776320994,0.34119828790426254,7,VASC
IL_4924328,1,BCC,BCC,0.02957352505268318,0.9590836465358734,0.006687195524136769,6.142091660876758e-05,0.0003365773213772627,0.002219377987785265,0.002023637141974177,1.4701490385959914e-05,1,BCC
IL_4924418,4,MEL,MEL,6.455296841068048e-06,0.000100534754437831,0.9762814939022064,2.688169843167998e-06,0.013335505718714558,0.010237174981739372,3.566118175513111e-05,5.195126959733898e-07,2,BKL
IL_4924937,1,BCC,BCC,0.0014695468416903168,0.8296199440956116,0.11983892787247896,4.4917724835613626e-05,0.009517051425063983,0.009728125558467582,0.029138695914298296,0.0006428513934224611,1,BCC
IL_4926064,1,BCC,BCC,0.0004711572692031041,0.31063442531740293,0.001566982143685891,0.0006137698965176241,0.00012113231014154735,0.00017929884234035853,0.6864006072282791,1.2651920712869469e-05,6,SCC
IL_4928087,4,MEL,MEL,0.0007423150664180866,0.011291266302578151,0.37575160758569837,3.400088046134897e-05,0.17843197286128998,0.4335453696548939,0.0001866983002400957,1.68113658673974e-05,5,NV
IL_4929209,2,BKL,BKL,0.0020837242482230067,0.9391492307186127,0.0356627810979262,0.0007674011940252967,0.001337642053840682,0.02011473005404696,0.0008359362454939401,4.858079773839563e-05,1,BCC
IL_4930300,0,AK,AKIEC,0.0013700425770366564,0.019669149536639452,0.51055858284235,0.001099122175219236,0.0017133116198237985,0.005417816690169275,0.4599969207365575,0.00017507633492641617,2,BKL
IL_4932041,2,BKL,BKL,0.10633103630971164,0.3899435291532427,0.003886016027536243,0.00012828500621253625,0.0014802811929257587,0.005187654751352966,0.4929986082133837,4.452425037015928e-05,6,SCC
IL_4933639,5,NV,NV,0.0014211711022653617,0.00045308805238164496,0.5713936984539032,0.0019717319955816492,0.07154232915490866,0.34939225018024445,0.0017637371965975035,0.002062008308712393,2,BKL
IL_4935391,1,BCC,BCC,0.024422883754596114,0.46472983178682625,0.40178087865933776,0.0005804436218568299,0.0007268717308761552,0.09575719010899775,0.010819473784067668,0.001182416291158006,1,BCC
IL_4935428,0,AK,AKIEC,0.26082468777894974,0.00010303615329121385,0.2646165471524,1.594748873401386e-06,0.3205997110437693,0.15384237008402124,1.1749475788747077e-05,3.5434012346513555e-07,4,MEL
IL_4935595,5,NV,NV,1.0660036181775467e-05,3.639156057033688e-05,0.2995195724070072,0.0006838213375885971,0.000696134491590783,0.699018120765686,1.7698313740766025e-05,1.75503803347965e-05,5,NV
IL_4941375,1,BCC,BCC,0.020633751060813665,0.8088822662830353,0.06625037587946281,0.03746757642977627,0.003873238483663499,0.05382157303392887,0.008472649729810655,0.0005985011077029867,1,BCC
IL_4954108,5,NV,NV,3.5987341334475786e-05,0.0013706758409171016,0.028376426045724656,0.0016743755822972162,0.09013887666515075,0.8782059550285339,9.928985309670679e-05,9.845612476055976e-05,5,NV
IL_4962584,5,NV,NV,0.0006977008331432444,0.0020578273418436765,0.049118462371552596,0.040080871450754785,0.12845169566571712,0.7736344039440155,0.0026968808329570493,0.003262166880347195,5,NV
IL_4966664,2,BKL,BKL,1.9947193266034446e-06,8.657275429868605e-08,0.9849615097045898,1.489356151296306e-06,0.013416014466201887,0.001618344453163445,3.864369446660021e-07,2.217072250232377e-07,2,BKL
IL_4966726,1,BCC,BCC,0.06288166774174897,0.5614582896232605,0.3581084689940326,0.0026530909235589206,0.004128259955905378,0.0026877892669290304,0.007612568995682523,0.00046986082452349365,1,BCC
IL_4968096,1,BCC,BCC,0.0467659248970449,0.46506728466192726,0.16330180689692497,0.0008024539201869629,0.150661408144515,0.1666006849554833,0.006442031590268016,0.0003584237874747487,1,BCC
IL_4970478,1,BCC,BCC,0.2535075539490208,0.14240770088508725,0.3423511990113184,6.288959821176832e-05,0.009366201236844063,0.25126998871564865,0.000989000787740224,4.544158036878798e-05,2,BKL
IL_4970888,1,BCC,BCC,0.0006306381692411378,0.49384391959756613,0.005975761276204139,2.114611015713308e-05,0.005557337803111295,0.0015328718400269281,0.49239564035087824,4.266742234904086e-05,1,BCC
IL_4974594,3,DF,DF,0.00032554760653624726,0.010302878414563565,0.2773131443405248,0.514399541541934,0.04322438115181626,0.1396292681499176,2.642909208105948e-05,0.014778825487049119,3,DF
IL_4975498,2,BKL,BKL,0.0007745926341158338,0.11424452075152658,0.8245083093643188,0.004009688505902886,0.006556622218340635,0.0390001954510808,0.010698008292820305,0.0002080336043945863,2,BKL
IL_4976689,6,SCC,SCCKA,0.0005423111724667251,5.478778348333435e-06,0.49192723841406405,2.2443358375312528e-05,0.0010657477878339705,0.0010544136021053419,0.5053821476176381,2.808674679499745e-07,6,SCC
IL_4978975,1,BCC,BCC,0.07131580542773008,0.21945149763632799,0.2431107759475708,0.0008057987961365143,0.13555791601538658,0.15423041896428913,0.17520616890396923,0.00032155759254237637,2,BKL
IL_4980476,4,MEL,MEL,3.448946063144831e-05,0.0008770107110649406,0.0013088238456475665,0.006411944759747712,0.27059551049023867,0.7204487472772598,0.00010875702810153598,0.0002146942661056528,5,NV
IL_4980743,1,BCC,BCC,0.0013846354559063911,0.30069784447550774,0.018634000734891742,0.0437700857874006,0.01387260458432138,0.16800369997508824,0.4528984148055315,0.0007386557590507437,6,SCC
IL_4986261,0,AK,AKIEC,0.21291879564523697,0.07622554765112,0.4280958026647568,0.0010675368064312352,0.017625416396185756,0.19844614865723997,0.06546459003948257,0.00015614186190759938,2,BKL
IL_4987337,1,BCC,BCC,0.7356469035148621,0.0243106409907341,0.00834803527686745,2.8217266390129225e-05,0.0013817364888382144,0.2294351829768857,0.000646328779112082,0.00020290014072088525,0,AK
IL_4987655,4,MEL,MEL,0.0012462298182072118,0.01813527147169225,0.35863784479442984,0.00019473942666081712,0.462167034187587,0.15884070843458176,0.0005974972737021744,0.0001806384025258012,4,MEL
IL_4988250,1,BCC,BCC,0.003421734319999814,0.045229329727590084,0.6776468753814697,0.0018160351883125259,0.12831199665379245,0.1420920193195343,0.0007082352894940414,0.0007738005712099039,2,BKL
IL_4990180,1,BCC,BCC,0.05415396043099463,0.0874826367944479,0.22323372081154957,0.02766886237077415,0.08056203293381259,0.01125022815540433,0.5154026597738266,0.0002458821586515114,6,SCC
IL_4991400,1,BCC,BCC,0.0002299187472090125,0.3961499482393265,0.2211769623681903,0.005087659345008433,0.2916669868864119,0.07964294962584972,0.0006680071819573641,0.005377524241339415,1,BCC
IL_4992123,1,BCC,BCC,0.001099191096272989,0.5085837943479419,0.05219578600190289,0.1209367101336909,0.014841917369722069,0.3008036115206778,0.0006377934819852271,0.0009011980686182142,1,BCC
IL_4996193,6,SCC,SCCKA,0.04117175127612427,1.7039174508681754e-05,0.009677106805611402,0.002060418839960221,0.00011924552563868929,0.00024603892961749807,0.9467072486877441,1.133825429988633e-06,6,SCC
IL_4997932,1,BCC,BCC,0.04698362031194847,0.42455266029537597,0.3637002548202872,0.0009239389473805204,0.01569310179911554,0.1288824198381917,0.01909412772511132,0.00016991918892017566,1,BCC
IL_5002382,4,MEL,MEL,0.013129976112395525,0.00018613081556395628,0.5415345877408981,0.00026378391339676455,0.40775303542613983,0.01994789857417345,0.01688796980306506,0.00029660615109605715,2,BKL
IL_5008733,1,BCC,BCC,0.0006169539847178385,0.5837799236178398,0.011367150116711855,0.00037014954432379454,0.0005214386474108323,0.001410293101798743,0.4019322779495269,1.793674414329871e-06,1,BCC
IL_5009030,5,NV,NV,0.0012636718074645614,0.00031390986987389624,0.12049202027264982,0.0047938598654582165,0.007738603308098391,0.8428961634635925,0.022359458757136963,0.0001423190587956924,5,NV
IL_5010789,0,AK,AKIEC,0.013287251145811751,0.42744140757713467,0.18270070478320122,0.0015905210602795705,0.002407069376204163,0.0265302243642509,0.3458601487800479,0.0001827130763558671,1,BCC
IL_5010876,0,AK,AKIEC,0.0002938813198509749,0.002867396824388191,0.003233624073391894,0.00041788718062363284,0.0006430985474142892,0.0002652879747261361,0.9922742247581482,4.696818162951434e-06,6,SCC
IL_5011583,1,BCC,BCC,0.006354571829433553,0.3429813719121739,0.4930989934364334,0.00025891686527756974,0.00478917732834816,0.005773530952865258,0.14659279104307643,0.00015075427654664963,2,BKL
IL_5012035,4,MEL,MEL,0.008403731510043144,0.32211522094439715,0.19897301495075226,0.0006645240064244717,0.3899741265922785,0.0387027021497488,0.04097759930300526,0.00018909623759100214,4,MEL
IL_5014873,6,SCC,SCCKA,0.03338110917684389,0.6193040311336517,0.05856537725776434,0.0012954653793713078,0.006802514893934131,0.010503928919206373,0.2700738478451967,7.37283307898906e-05,1,BCC
IL_5016629,4,MEL,MEL,0.12297463417053223,0.09795694974309299,0.10761066153645515,0.006145909545011818,0.3248453591368161,0.2077656164765358,0.13000715523958206,0.0026937577640637755,4,MEL
IL_5017325,1,BCC,BCC,0.0005907142767682672,0.5104393362998962,0.4713414397556335,4.0984167753777e-05,0.0007118866487871855,0.013902737526223063,0.001942919654538855,0.0010300180042577267,1,BCC
IL_5019289,1,BCC,BCC,0.0004823690978810191,0.9593525826931,0.009370586136355996,0.0009354726935271174,0.0005134082020958886,0.029136760625988245,0.0001900800343719311,1.8771672785078408e-05,1,BCC
IL_5022797,5,NV,NV,3.722827491259295e-05,3.639806709543336e-05,0.0031970165873644873,0.00012148490014851632,0.09349805559031665,0.9027087986469269,4.1619976531848124e-05,0.00035946821333254775,5,NV
IL_5023109,1,BCC,BCC,0.02181465527974069,0.3141695410013199,0.07034616312012076,0.00025604273832868785,0.010237752867396921,0.279028806835413,0.3039479247527197,0.00019914948279620148,1,BCC
IL_5026579,6,SCC,SCCKA,0.003199863189365715,0.018185003038524883,0.1513203846407123,0.14520676104802988,0.0033666079107206315,0.017051476577762514,0.6613497734069824,0.0003200974535957357,6,SCC
IL_5033079,6,SCC,SCCKA,0.0002315343590453267,0.6113310530781746,0.012515364338469226,0.00029368191098910756,0.0012389282637741417,0.0021023527369834483,0.3722682134975912,1.8851915911000106e-05,1,BCC
IL_5033340,5,NV,NV,6.314591291811666e-05,1.5913189486127521e-06,0.918466329574585,2.275890324199281e-06,0.007078760885633528,0.0743841901421547,2.948291182747198e-06,7.56588832473426e-07,2,BKL
IL_5034134,1,BCC,BCC,0.0298413778655231,0.09499046481641926,0.6494380533695221,0.0018633301078807563,0.1355750411748886,0.07661161106079817,0.008659990147862118,0.0030201769550330937,2,BKL
IL_5037450,1,BCC,BCC,0.0016307886680806405,0.7433400303125381,0.19626865175087005,0.0009156501099312209,0.0019740024727070704,0.054879785515367985,0.00041589567581468145,0.0005752077351033336,1,BCC
IL_5037876,1,BCC,BCC,0.002370453734556577,0.1842567971907556,0.3844113349914551,0.005023921046813484,0.07126455940306187,0.34187640622258186,0.009118864722040598,0.0016776424745330587,2,BKL
IL_5040645,1,BCC,BCC,0.049480061759823,0.49816399556584656,0.06618360845095594,0.000412075534768519,0.24755077820736915,0.1354467976198066,0.002027646369242575,0.0007350745727308095,1,BCC
IL_5040782,2,BKL,BKL,1.8936444121209206e-05,0.00021156351863282907,0.7536371946334839,0.0020080776471331774,0.009611665424017701,0.1939822391141206,0.04050282284106288,2.7529039499540886e-05,2,BKL
IL_5042712,1,BCC,BCC,0.035789682895128294,0.5081744864583015,0.3598619598527648,0.0007319500800000434,0.019038059534068452,0.07576171061430159,0.00021570432727457955,0.0004263997406122044,1,BCC
IL_5042864,5,NV,NV,1.3041243107636546e-05,0.00013492083962773904,0.11200762493535876,3.863336951326346e-05,0.17621347680687904,0.7114225775003433,1.4662302874057787e-05,0.0001551094474052661,5,NV
IL_5044233,7,VASC,VASC,1.007094294658284e-05,0.018846363902753183,0.003497142742396875,0.00022720288992594817,0.006252433810914226,0.46980040246921817,1.5379493798928223e-05,0.5013510102871805,7,VASC
IL_5045775,7,VASC,VASC,9.611009730292608e-07,6.60137434920216e-05,6.144326988888338e-05,1.4177277003923905e-05,0.0019297141498100245,0.12536917766556144,3.055752288982916e-07,0.8725582361221313,7,VASC
IL_5046857,1,BCC,BCC,0.006083953659981489,0.29372314363718033,0.4651108458638191,0.01524171931669116,0.05103802739176899,0.03374334191903472,0.13405833020806313,0.0010006438242271543,2,BKL
IL_5052158,1,BCC,BCC,0.0006575301299562852,0.5008273682324216,0.06894183835174772,0.00011857747881549585,0.07757160963774368,0.32511906865329365,0.026739408815046772,2.4518417340857468e-05,1,BCC
IL_5055807,1,BCC,BCC,0.1479160077869892,0.4144480787217617,0.302159704035148,0.009445742434763815,0.047957363683963194,0.031245899968780577,0.01153282867744565,0.03529430193884764,1,BCC
IL_5058360,5,NV,NV,8.867695447634105e-05,0.0006045669797458686,0.14124455919954926,0.00016298967966577038,0.009645343525335193,0.8477270305156708,0.00030868349131196737,0.000218110995774623,5,NV
IL_5060375,1,BCC,BCC,7.705367534072138e-05,0.4955248445257894,0.44643056934000924,3.879677797158365e-05,0.00046031782403588295,0.05620389501564205,0.0012285156071811798,3.594961435737787e-05,1,BCC
IL_5063173,4,MEL,MEL,0.00017762873303261983,4.1850338220683625e-05,0.019319759216159582,8.301473349092703e-05,0.5459773242473602,0.433609246276319,0.0007447021625353045,4.6426555570633354e-05,4,MEL
IL_5064276,4,MEL,MEL,0.004909101699013263,0.21934721991419792,0.014925697178114206,1.5036674682278317e-05,0.0146110073546879,0.2590444092529651,0.4867952323402278,0.0003522888707010452,6,SCC
IL_5066256,2,BKL,BKL,0.09733595402212813,0.026644626865163445,0.06533289840444922,0.00016252895875368267,0.2177686057984829,0.19528590515255928,0.3973365082638338,0.0001329537858509866,6,SCC
IL_5066436,2,BKL,BKL,0.0006391398114828917,0.0008791466025286354,0.5449446178972721,8.520415121893166e-05,0.0008443468832410872,0.43797024742525537,0.014635845695011085,1.5123187253607284e-06,2,BKL
IL_5069726,1,BCC,BCC,0.0009654776295064948,0.5772094801068306,0.11636142805218697,0.021291028999257833,0.10842364304699004,0.07963593676686287,0.0058744375128299,0.09023860504385084,1,BCC
IL_5071813,2,BKL,BKL,7.659145967409131e-05,0.00012373514800856356,0.5577408485114574,2.552485904061541e-05,0.28088814437887777,0.16084171610418707,0.00026588916443870403,3.75723978578435e-05,2,BKL
IL_5073574,1,BCC,BCC,0.04073702543973923,0.14047796651721,0.3875708021223545,0.050343484967015684,0.04096704488620162,0.010727750835940242,0.31061622500419617,0.018559669555543223,2,BKL
IL_5074054,2,BKL,BKL,0.0033852110700536286,0.002042483269178774,0.21723422082141042,0.006926369171196711,0.01636139737729536,0.21759106326499023,0.5362879782915115,0.00017126009754520055,6,SCC
IL_5076594,1,BCC,BCC,0.025145841063931584,0.09697644878178835,0.37196967005729675,0.005484722583787516,0.003565868246369064,0.0028793727979063988,0.4938071724027395,0.00017096163355745375,6,SCC
IL_5076804,1,BCC,BCC,0.003361062379553914,0.4920742020040052,0.43007197040606115,0.0004788961414305959,0.023203872849990148,0.0329522026295308,0.017420172225683928,0.00043763218027947914,1,BCC
IL_5076960,1,BCC,BCC,0.013315064143171185,0.033379833679646254,0.8322469890117645,0.004778461066962336,0.09500819892855361,0.0162604502402246,0.004697915941505926,0.0003131510284219985,2,BKL
IL_5076963,1,BCC,BCC,0.006421516212867573,0.6401609629392624,0.24562553933355957,0.016667304560542107,0.01955575100146234,0.0641355966363335,0.0063809536513872445,0.0010523849259698181,1,BCC
IL_5078646,6,SCC,SCCKA,0.0014368165866471827,0.00378327100770548,0.006170199951156974,0.0022932772189960815,0.002859658718080027,0.0001556995357532287,0.9832936227321625,7.481463285330392e-06,6,SCC
IL_5078787,1,BCC,BCC,0.2630745026981458,0.003677737433463335,0.28699271753430367,0.00010393642742201337,0.29879524785428657,0.14607573486864567,0.0003605604470067192,0.0009195751604238467,4,MEL
IL_5083460,6,SCC,SCCKA,0.48755333200097084,3.2775917134131305e-05,0.023993314492145146,2.9810289824183656e-05,0.0005758137879752212,0.001642358408560085,0.4861713536083698,1.2078151008232396e-06,0,AK
IL_5084556,6,SCC,SCCKA,0.3656243325823425,0.48475840606261045,0.017150104511529207,8.851161069856062e-06,0.0019541553183444194,0.13027963624335825,0.0001372508259009919,8.726918130719241e-05,1,BCC
IL_5087037,0,AK,AKIEC,0.13215947523713112,0.0026314223068766296,0.6787170469760895,0.001180150851723738,0.03705996833741665,0.11253672651946545,0.03541605081409216,0.0002992019217344932,2,BKL
IL_5091449,5,NV,NV,1.4701552572660148e-05,0.0016664033537381329,0.0040547780226916075,0.0001836553383327555,0.02777166396845132,0.9661447703838348,4.8947387767839245e-05,0.00011507577073643915,5,NV
IL_5091814,1,BCC,BCC,0.058352026622742414,0.24997905222699046,0.5461043938994408,4.3702371385734295e-05,0.0022811331873526797,0.14316037856042385,2.719603548939631e-05,5.213916301727295e-05,2,BKL
IL_5092028,0,AK,AKIEC,0.0010684650333132595,0.012834583641961217,0.5023012906312943,0.0012486211489886045,0.01067622636037413,0.12526868321583606,0.34633253572974354,0.0002696180281418492,2,BKL
IL_5099226,5,NV,NV,9.423763458471512e-06,0.00012384275760268793,0.4601708959962707,0.0006460651675297413,0.005825628526508808,0.5324123837053776,0.0008030103053897619,8.77034653967712e-06,5,NV
IL_5100758,4,MEL,MEL,0.006729793502017856,0.010009068064391613,0.22355050966143608,0.007410322781652212,0.09690868854522705,0.32509169494733214,0.32998060635873117,0.0003192891599610448,6,SCC
IL_5101024,4,MEL,MEL,0.003068895654564585,0.00017714296302528965,0.7474237680435181,7.652666084823068e-06,0.008042732453759527,0.24126752086885972,1.1740977697627386e-05,5.695741833733337e-07,2,BKL
IL_5108044,1,BCC,BCC,0.0001647567766553948,0.5251438692212105,0.4529661837113963,3.805151803959461e-05,0.0013694485869564232,0.020008216150017688,0.00029866224986108136,1.0850837313114425e-05,1,BCC
IL_5108772,0,AK,AKIEC,0.007739071606920334,0.0013971801172374398,0.8484800159931183,0.0005800234116577485,0.002542627800721675,0.12278087763115764,0.016074302489869297,0.0004058785327742953,2,BKL
IL_5109788,2,BKL,BKL,0.00016010215404094197,0.0012345158611424267,0.8493009805679321,0.0024167514784494415,0.01928624128777301,0.12684997683390975,0.0006569330580532551,9.446460899198428e-05,2,BKL
IL_5110941,1,BCC,BCC,0.030711354687809944,0.24202033132314682,0.4407529905438423,0.054756884928792715,0.07418394275009632,0.09608315583318472,0.050683170557022095,0.010808124949107878,2,BKL
IL_5111144,1,BCC,BCC,0.006583603215403855,0.4683104446157813,0.07939243945293128,0.0026754428981803358,0.03282555378973484,0.399694652762264,0.010013712395448238,0.0005041274998802692,1,BCC
IL_5111323,4,MEL,MEL,0.0008307824634812278,0.00017340251591235756,0.3894102427002508,0.0007643267463208758,0.4900129344314337,0.11853937618434429,4.1173472709488124e-05,0.00022777738740842324,4,MEL
IL_5111360,1,BCC,BCC,0.001007208411465399,0.040143469341273885,0.8974553644657135,0.0005167858325876296,0.023050449031870812,0.03616427816450596,0.0014142120198812336,0.00024823871353873983,2,BKL
IL_5112545,1,BCC,BCC,0.0034758641268126667,0.7133071720600128,0.007152598176617175,0.02788088131819677,0.005012304063711781,0.022459027317381697,0.22065031516831368,6.182087361139565e-05,1,BCC
IL_5113202,1,BCC,BCC,0.011012699455022812,0.010644010675605386,0.4158761017024517,0.0003954079875256866,0.27913813572376966,0.23866526037454605,0.042829398065805435,0.001438967854483053,2,BKL
IL_5114359,6,SCC,SCCKA,0.0018020397692453116,0.18221655627712607,0.003884399135131389,0.004014253543573432,0.0266886190729565,0.0005733513826271519,0.7807884812355042,3.232144388221059e-05,6,SCC
IL_5114934,0,AK,AKIEC,0.006282560014057026,0.00023282518631617677,0.028276652006752556,0.0026988739194848677,0.240069149158046,0.22039539671413877,0.5013989916769788,0.0006455902469249056,6,SCC
IL_5118297,1,BCC,BCC,0.003910209241439588,0.2764794549293583,0.5812128335237503,8.822201743896585e-05,0.0028746964162564836,0.07322331517934799,0.06215082955895923,6.0399072026484646e-05,2,BKL
IL_5118917,1,BCC,BCC,0.006705015090119559,0.6715003848075867,0.012652608991629677,0.003635327966321711,0.11767907821194967,0.17680574906898983,0.00986130558885634,0.0011605052264056503,1,BCC
IL_5120662,1,BCC,BCC,0.005108189769089222,0.43295578472316265,0.06547982373740524,0.023359495939075714,0.04213671860634349,0.3450903072953224,0.08562399074435234,0.0002457071932440158,1,BCC
IL_5122434,1,BCC,BCC,0.0004682380005824882,0.9867082238197327,0.0005321934295352548,8.226621868345774e-05,0.0001379490049657761,0.003674658290037769,0.008362906625151822,3.360792446316374e-05,1,BCC
IL_5124334,1,BCC,BCC,0.15588821098208427,0.3080500918440521,0.4064151868224144,0.010487763909623027,0.005582136451266706,0.053358763456344604,0.022592099849134684,0.03762576403096318,2,BKL
IL_5129613,1,BCC,BCC,0.003913591008313233,0.3762213106965646,0.47513280250132084,0.00015409706202262896,0.01730768871402688,0.02820302522741258,0.099039015971357,2.8523534467694844e-05,2,BKL
IL_5131456,1,BCC,BCC,0.0010861947739613242,0.5351199731230736,0.039374271320411935,0.16404741450242,0.08994505874579772,0.003186743171681883,0.1656724183121696,0.001567967445623708,1,BCC
IL_5133299,4,MEL,MEL,3.930446978017699e-05,6.083452376515197e-06,0.4432309325784445,0.0016006427758838981,0.16476744337705895,0.3899538293480873,0.00031126421572480467,9.050284029399336e-05,2,BKL
IL_5137541,1,BCC,BCC,0.00562020146753639,0.49871110197273083,0.4513604273452074,3.4399727809386604e-05,0.003569142931155511,0.040582084369816585,0.00010400289704648458,1.8633887364671864e-05,1,BCC
IL_5140022,1,BCC,BCC,0.008302858332172036,0.7950277626514435,0.04189821721956832,0.0018756548975460419,0.010802083532325923,0.1151327255211072,0.025409797963220626,0.001550912788104597,1,BCC
IL_5147950,1,BCC,BCC,0.0051180722657591105,0.6249798387289047,0.32638559211045504,0.0025838942474365467,0.009735795116284862,0.01818189247569535,0.012849371880292892,0.00016557439994357992,1,BCC
IL_5149230,1,BCC,BCC,0.004260701360180974,0.48782171147468034,0.4749463661573827,6.265265342619841e-05,0.0008201094751711935,0.026782861561514437,0.005237483748715022,6.812976226910905e-05,1,BCC
IL_5152283,1,BCC,BCC,0.021466277568833902,0.15138222958194092,0.6985684931278229,0.0013468520191963762,0.04106151079759002,0.07935444684699178,0.003191968338796869,0.00362824639887549,2,BKL
IL_5153554,1,BCC,BCC,0.00012830050764023326,0.44231968419626355,0.011003140640241327,7.372317850240506e-05,0.004048612870974466,0.09052425622940063,6.433376529457746e-05,0.4518379343435299,7,VASC
IL_5154479,1,BCC,BCC,0.5173483695834875,0.12170340726152062,0.19457499403506517,0.04128535242148246,0.005142484689713456,0.040599606349132955,0.05936065415335179,0.019985107825391424,0,AK
IL_5154622,5,NV,NV,0.0015492390957660973,0.0001867650389613118,0.46047193557024,0.0026454180479049683,0.13509275764226913,0.39555957168340683,0.0014113259967416525,0.0030829721872578375,2,BKL
IL_5154725,1,BCC,BCC,0.020862061996012926,0.012597936438396573,0.777319461107254,0.009044666818226688,0.10841927083674818,0.06193563679698855,0.008743715472519398,0.0010772917739814147,2,BKL
IL_5156328,1,BCC,BCC,0.04347414284711704,0.45936119137331843,0.3598080836236477,0.009034150659317675,0.02540437431889586,0.023268652730621397,0.07896523922681808,0.0006841627205176337,1,BCC
IL_5157227,4,MEL,MEL,0.003035243491467554,0.004452293971553445,0.055143010802567005,0.0005014654519754913,0.047359952703118324,0.8847433924674988,0.0038756151061534183,0.0008889958426152589,5,NV
IL_5157883,5,NV,NV,4.042285854666261e-05,0.004604381985700456,0.1556933969259262,2.239805235149106e-05,0.020289301814045757,0.8189647197723389,6.21117540049454e-05,0.00032331059730950074,5,NV
IL_5158358,1,BCC,BCC,0.05706583708524704,0.4331587851047516,0.12277137860655785,0.003120203356957063,0.10530180810019374,0.20302962232381105,0.07270914688706398,0.002843226568074897,1,BCC
IL_5160108,1,BCC,BCC,0.024956238688901067,0.3667503073811531,0.019807910080999136,0.04885498620569706,0.08131600465276279,0.214891804382205,0.2419874668121338,0.0014352984871948138,1,BCC
IL_5160157,1,BCC,BCC,3.976618927481468e-05,0.5703584179282188,0.033220052733668126,5.748690638185394e-05,0.0009434488291475418,0.3949128726962954,5.797322884859568e-05,0.00040991467842488305,1,BCC
IL_5161470,5,NV,NV,1.3746202967013232e-06,5.7482248031703875e-05,0.009490861958241226,1.3721742675443238e-05,0.014104000525549054,0.9763043522834778,7.894225120708143e-06,2.0444824713194976e-05,5,NV
IL_5162996,1,BCC,BCC,0.04851222854631487,0.47178511694073677,0.45494392327964306,1.8760075136015075e-05,0.0001542707595945103,0.023170366883277893,0.0014094469952397048,5.8598127452569315e-06,1,BCC
IL_5163044,0,AK,AKIEC,0.013300542613706057,0.009725533611344872,0.03217143355868757,0.003889650543442258,0.005727703974116594,0.07004358162157587,0.8647967278957367,0.0003447844830297697,6,SCC
IL_5163548,5,NV,NV,4.984604800029047e-06,2.69200064906272e-07,0.00020598888647782587,8.615432761871489e-06,0.017160816816613078,0.9825798571109772,3.952335816848063e-06,3.554245449777227e-05,5,NV
IL_5167045,1,BCC,BCC,0.27508366107940674,0.546105831861496,0.0621676417067647,0.023809755453839898,0.040841562673449516,0.03593394532799721,0.007085627177730203,0.008971956282039173,1,BCC
IL_5173093,1,BCC,BCC,0.028758699205354787,0.6194063425064087,0.09110663086175919,0.0006632373509738443,0.011021836715713107,0.23699068662244827,0.0010201332079304848,0.011032441016624261,1,BCC
IL_5173461,1,BCC,BCC,0.00044073560968627135,0.7188609540462494,0.012607177253812551,1.3106079819635852e-05,0.004165938124060631,0.2636621743440628,0.00011354863202228671,0.00013633251160172222,1,BCC
IL_5175125,1,BCC,BCC,0.18208575062453747,0.6786940693855286,0.015308279660530388,0.00037780746788484976,0.054215481504797935,0.0016545083199162036,0.06616830080747604,0.0014958388564991765,1,BCC
IL_5179568,2,BKL,BKL,0.0005554992021075122,4.181192844043835e-05,0.8794175088405609,0.0346914813221737,0.003963305116030824,0.07981189679412637,0.0014897655805770071,2.8749080874690414e-05,2,BKL
IL_5181041,5,NV,NV,0.0002533255010348512,0.0002824690036504762,0.09543911996297538,0.007485465182980988,0.15054912120103836,0.7402136623859406,0.0012046278316120151,0.004572189413011074,5,NV
IL_5181859,6,SCC,SCCKA,0.03249965949362377,0.005591838387772441,0.15178168937563896,9.416535704076523e-06,0.5040671676397324,0.3049487415701151,0.001065921998815611,3.5581295378506184e-05,4,MEL
IL_5186069,1,BCC,BCC,0.030679270828841254,0.1634235866367817,0.6827541589736938,0.0014396930928342044,0.016805820167064667,0.08140171319246292,0.02156186429783702,0.0019339143691468053,2,BKL
IL_5186101,5,NV,NV,0.06758481611177558,0.29423655197024345,0.16103347390890121,0.03729585346445674,0.031006811223051045,0.30227722227573395,0.08574486896395683,0.020820387943786045,5,NV
IL_5187517,6,SCC,SCCKA,0.0005520438571693376,0.016642508577206172,0.8651282787322998,0.0002587448389022029,0.0011273573036305606,0.01954370131716132,0.09671907999950236,2.8262354817343294e-05,2,BKL
IL_5187554,1,BCC,BCC,2.6769607757159974e-05,0.952369898557663,0.0189508959883824,5.7266918247478316e-06,0.00011984217053395696,0.028471389319747686,3.725701799339731e-05,1.8244872990180738e-05,1,BCC
IL_5187817,1,BCC,BCC,0.018073953106068075,0.49069116823375225,0.473538701684447,0.0001945995564653913,0.008713206789252581,0.005754363333835499,0.002995657998326351,3.8375019357772544e-05,1,BCC
IL_5188530,6,SCC,SCCKA,0.009986446821130812,0.5588029325008392,0.001033362146699801,0.0016988249553833157,0.030346622690558434,0.0021335724159143865,0.3959470372647047,5.1202414397266693e-05,1,BCC
IL_5189473,2,BKL,BKL,9.383053293277044e-05,0.18691671281703748,0.4853971949778497,0.000374176957848249,0.10022328072227538,0.22639146074652672,0.0004313222743803635,0.0001719818437777576,2,BKL
IL_5190686,6,SCC,SCCKA,0.3775683388230391,0.02197780169080943,0.0048070842458400875,0.00015029598580440506,0.003575818922399776,0.11794127702523838,0.47396256131942494,1.6777651040911223e-05,6,SCC
IL_5192091,1,BCC,BCC,0.018677691034099553,0.7162454426288605,0.08901739306747913,0.0017303263957728632,0.003954208539653337,0.16197652136906981,0.0068820209708064795,0.0015163951538852416,1,BCC
IL_5193790,1,BCC,BCC,0.021695022740459535,0.2755037099123001,0.09243354556383565,0.046253825385406344,0.01246500667912187,0.0006777344942747732,0.5507580935955048,0.00021301043142329945,6,SCC
IL_5197264,1,BCC,BCC,0.00481456343550235,0.5005097487010062,0.2812404912401689,2.2125401432315783e-05,0.0008349851432285504,0.21179918325105973,0.0007691588871239219,9.702294502034192e-06,1,BCC
IL_5200526,6,SCC,SCCKA,0.01931881462223828,0.28099225158803165,0.003059226757613942,0.4819938689470291,0.0024923479068093,0.0008211234526243061,0.21122140996158123,0.00010100518920808099,3,DF
IL_5206123,6,SCC,SCCKA,0.0040243458352051675,0.6715069562196732,0.07406561938114464,0.005698223976651207,0.018931660801172256,0.007204085006378591,0.21824274153914303,0.00032636654941597953,1,BCC
IL_5207680,4,MEL,MEL,1.091549364673483e-06,2.3187907387978157e-05,0.0014220758284864132,1.0773785760420651e-05,0.29080368811264634,0.707721084356308,2.857907361430989e-06,1.523337550679571e-05,5,NV
IL_5208753,1,BCC,BCC,0.00018396485393168405,0.6615530103445053,0.004900690168142319,0.0009785133188415784,0.004575795086566359,0.021995744755258784,0.30578063311986625,3.167193926856271e-05,1,BCC
IL_5209978,1,BCC,BCC,1.6844123138071154e-05,0.48948763275984675,0.3679179258469958,2.259191192877097e-05,0.00010317327541997656,0.14239274989813566,5.474894032886368e-05,4.340332367291921e-06,1,BCC
IL_5210495,1,BCC,BCC,0.014449997557676397,0.003689176985062659,0.31056773103773594,0.0006301218963926658,0.13515132118482143,0.5316450297832489,0.0012063668011705886,0.0026602639632073988,5,NV
IL_5214298,6,SCC,SCCKA,0.14244481635978445,0.008255866399849765,0.01713239517994225,7.596589011882315e-05,0.08005367718465095,0.017026311785116377,0.7350042164325714,6.718821808249231e-06,6,SCC
IL_5215495,1,BCC,BCC,0.015330125112086535,0.4291534014046192,0.21829299768432975,0.001137243991252035,0.005377808818593621,0.2181520313024521,0.1121710273437202,0.0003853082307614386,1,BCC
IL_5217084,0,AK,AKIEC,0.31256025470793247,0.08296112972311676,0.4395397827029228,7.292064219655003e-05,0.08634691376937553,0.03432154515758157,0.04283202646183781,0.0013654504509759136,2,BKL
IL_5220758,1,BCC,BCC,0.06934930069837719,0.17155949119478464,0.4062868170440197,0.017027539666742086,0.0555097641190514,0.06672234926372766,0.21158577036112547,0.001959011460712645,2,BKL
IL_5222228,5,NV,NV,3.4409617001074366e-05,0.0037680630766772083,0.010070310905575752,4.41533524622173e-05,0.13823308897553943,0.8478269577026367,5.577700221692794e-06,1.7405495782440994e-05,5,NV
IL_5225179,1,BCC,BCC,0.0021596117803710513,0.7350240051746368,0.01895653549581766,0.02654851332772523,0.0006501233037852217,0.21499671041965485,0.0014592610459658317,0.0002052008712780662,1,BCC
IL_5226953,5,NV,NV,0.009073522817288904,7.465137602480354e-05,0.45041241496801376,0.002568753924151679,0.04866585321724415,0.47474200278520584,0.0015310237722587772,0.012931791203754983,5,NV
IL_5235613,6,SCC,SCCKA,0.7400851845741272,0.028890612069517374,0.13072911382187158,0.003618852362706093,0.04127955250442028,0.022535522599355318,0.032235982827842236,0.0006251987651921809,0,AK
IL_5236247,2,BKL,BKL,0.5002894891076721,0.00029508617444662377,0.2601826803875156,6.247909772946758e-05,0.005469805583061316,0.026132402270377497,0.20756476589666129,3.2788460305743783e-06,0,AK
IL_5236713,1,BCC,BCC,0.34186100773513317,0.5234665982425213,0.01186155057803262,0.006479393803601852,0.0005661504110321403,0.0013531204895116389,0.11404472962021828,0.00036742349084306625,1,BCC
IL_5236788,2,BKL,BKL,0.005077171605080366,0.00013214186401455663,0.14474527817219496,0.0004765785997733474,0.24380302522331476,0.1216513954277616,0.4840603551128879,5.407502248999663e-05,6,SCC
IL_5240464,2,BKL,BKL,0.0035584280267357826,0.4905770627083257,0.3018102658679709,0.0005259129829937592,0.023074767785146832,0.17390261683613062,0.005095562839414924,0.0014554154477082193,1,BCC
IL_5241211,5,NV,NV,4.506963620087845e-07,2.868621663765225e-06,0.08320757870279749,5.3105105507711414e-05,0.05303907115012407,0.863682210445404,7.75815237830102e-06,6.984964102230151e-06,5,NV
IL_5245045,1,BCC,BCC,0.007892405614256859,0.13240211457014084,0.022120448295027018,0.0003444083049544133,0.001487425819505006,0.4509155948762782,0.38458497426472604,0.000252591613389086,5,NV
IL_5245284,1,BCC,BCC,1.3923540450377914e-05,0.4985295347869396,0.08207583776675165,1.9056640670811476e-05,0.00359902300988324,0.41575391188962385,3.7361819522629958e-06,4.95303265779512e-06,1,BCC
IL_5246616,1,BCC,BCC,0.004326497015426867,0.5490541383624077,0.016596948262304068,0.00058292555877415,0.0007780875021126121,0.0018986552058777306,0.42645157827064395,0.0003112453466940224,1,BCC
IL_5247535,2,BKL,BKL,0.09286877047270536,0.40944269963074476,0.4873219314031303,0.00016952970599959372,0.001894441491458565,0.008124176070850808,0.00012974241872143466,4.870765269515687e-05,2,BKL
IL_5251059,4,MEL,MEL,1.7396756675225333e-05,1.9809526747849304e-05,0.38040094656753354,7.123245086404495e-05,0.04848110815510154,0.5707640424370766,7.605134487675969e-05,0.0001694023158052005,5,NV
IL_5252859,0,AK,AKIEC,0.004683811916038394,0.0004211131563351955,0.49444746074732393,0.002566014406738759,0.0011412061867304146,0.00012391919881338254,0.49661493010353297,1.5460764188901521e-06,6,SCC
IL_5254540,1,BCC,BCC,0.0006093930423958227,0.19484638795256615,0.11111355945467949,0.007763407286347501,0.23143379535758868,0.2072229264304042,0.24674722598865628,0.0002632382079355011,6,SCC
IL_5255150,1,BCC,BCC,0.002773936139419675,0.2911243662238121,0.0545337472576648,0.056657599459867924,0.0011658366420306265,0.5915757566690445,0.00018908967831521295,0.0019797179265879095,5,NV
IL_5259261,1,BCC,BCC,0.0011540420819073915,0.8816456198692322,0.020673480350524187,9.817104104570262e-05,6.580374864029181e-05,0.09520445205271244,0.0009111438055242616,0.0002473124100674795,1,BCC
IL_5260419,6,SCC,SCCKA,0.032876899145776406,0.2526790723204613,0.25697428034618497,0.0005544222294702195,0.02047587203560397,0.08661573598510586,0.34976794015528867,5.5720391173963435e-05,6,SCC
IL_5262456,1,BCC,BCC,0.0075889657955485745,0.621808722615242,0.3503321794596559,3.933553392698741e-05,0.0014959008158257348,0.016992439657769864,0.0017186459008371457,2.3793201989974477e-05,1,BCC
IL_5263017,5,NV,NV,0.0019384402253308508,0.0018027905898634344,0.11611363904376049,0.4725086288526654,0.0023661910090595484,0.40232574567198753,0.0002893016207963228,0.0026552738622740435,3,DF
IL_5263349,2,BKL,BKL,0.01899843694991432,0.5870201140642166,0.04857873951550573,0.00047046961117303,0.00957544520497322,0.29650942236185074,0.035418064217083156,0.0034293214994249865,1,BCC
IL_5264196,5,NV,NV,1.0421315664643771e-05,0.000324696524103274,0.4826846173091326,6.518624175555487e-05,0.0011320396733935922,0.5157570354640484,2.10031464007443e-05,4.940765165883931e-06,5,NV
IL_5264589,2,BKL,BKL,0.01712485266125441,0.01717744511552155,0.7502091825008392,0.004479165075416347,0.013841290967320674,0.08425086598435882,0.11211952857411234,0.0007976189111098542,2,BKL
IL_5267029,4,MEL,MEL,2.5608664145693183e-05,0.004748716273070386,0.04742598417215049,0.000942685476729821,0.5326976366341114,0.4133627023547888,0.0006986886246522772,9.799068720894866e-05,4,MEL
IL_5267553,1,BCC,BCC,0.0001762427846188075,0.48326632256794255,0.48530858382582664,0.0026078834789586836,0.0035294720000820234,0.02455878730324912,0.0004530234873527661,9.96752458490846e-05,2,BKL
IL_5270623,1,BCC,BCC,0.0005385589611250907,0.11625400744378567,0.09061801340430975,0.010150801013878663,0.028094822220737115,0.005997600266709924,0.7482498586177826,9.629107807995752e-05,6,SCC
IL_5271098,1,BCC,BCC,0.013959448726382107,0.40069354325532913,0.27889400720596313,0.00017646265928306093,0.0175290530314669,0.28631032817065716,0.002421618903099443,1.5561323323254328e-05,1,BCC
IL_5275481,1,BCC,BCC,0.0035113800695398822,0.49996942744473927,0.4475672947378371,3.058949840450964e-05,0.0061536351945505885,0.04230784988612868,0.00045226233487483114,7.58917861531927e-06,1,BCC
IL_5277134,4,MEL,MEL,3.6983239397159196e-05,0.06873140193670224,0.043857485019543674,0.002146173268556595,0.7593140602111816,0.12299773469567299,0.002804080217174487,0.0001120881415772601,4,MEL
IL_5277754,1,BCC,BCC,0.05005372443702072,0.10024846923988662,0.2618693634867668,0.0015726953279227018,0.06915176566690207,0.4860665127635002,0.027669877221342176,0.0033676239945634734,5,NV
IL_5278264,2,BKL,BKL,0.02772382651164662,0.0012749857269227505,0.7608710527420044,1.7159721437565167e-05,0.0072021037340164185,0.20268472912721336,0.0002178740978706628,8.223294116760371e-06,2,BKL
IL_5281501,1,BCC,BCC,0.0003578734176699072,0.008276876294985414,0.06125798774883151,1.2579410167745664e-05,0.0001155976624431787,0.0003329965320517658,0.9296422302722931,3.825444082394824e-06,6,SCC
IL_5283078,1,BCC,BCC,0.023465747945010662,0.015192677965387702,0.8957412242889404,0.000234211085626157,0.021617603488266468,0.03553086402826011,0.007900329102994874,0.0003173582663293928,2,BKL
IL_5283684,1,BCC,BCC,0.03275449434295297,0.48412271740380675,0.34372979402542114,0.007670532388146967,0.03772902689524926,0.012050856021232903,0.0783014539629221,0.0036411609034985304,1,BCC
IL_5283956,1,BCC,BCC,3.674397862596379e-05,0.0036026615898663295,0.9723021984100342,3.402080665182439e-05,0.00632593670161441,0.017641955986618996,1.6879863096619374e-05,3.965771793446038e-05,2,BKL
IL_5285305,6,SCC,SCCKA,0.009049247717484832,0.08445011894218624,0.5585364326834679,0.0005560604913625866,0.1288438277260866,0.04475601359445136,0.17352094687521458,0.0002873628673114581,2,BKL
IL_5285603,7,VASC,VASC,3.7804375896260956e-06,0.0020687635050968822,0.0011100857318875335,1.7965624720117646e-06,0.013154743465520369,0.4797294590866841,5.798109480262964e-07,0.5039307782426476,7,VASC
IL_5287694,1,BCC,BCC,0.3861811989918351,0.05976612283848226,0.012748008528433274,0.0008143090235535055,0.007183142472058535,0.028607536839444947,0.5045494474470615,0.00015021073022580822,6,SCC
IL_5287926,5,NV,NV,3.387756982498047e-06,3.08853354225036e-07,0.9956570565700531,9.893957297890665e-08,0.0005767583975284651,0.003762093198020011,1.3153568900747814e-07,2.013020283797573e-07,2,BKL
IL_5289239,6,SCC,SCCKA,0.00035262523670098744,0.3817242532968521,0.21056344360113144,0.0005964618321741,0.01285963601549156,0.09463572222739458,0.13352469576057047,0.1657431513594929,1,BCC
IL_5293525,5,NV,NV,0.00016088431220850907,0.00017528178966585983,0.004007771029137075,0.0005806341405332205,0.0729006314650178,0.9176630675792694,0.0002501231607361376,0.00426155442619347,5,NV
IL_5299543,3,DF,DF,0.002704531423660228,0.00117358542047441,0.05970034608617425,0.5166453458368778,0.010881111491471529,0.40622841753065586,0.0009171725250780582,0.0017495834836154245,3,DF
IL_5301199,2,BKL,BKL,0.01269633142510429,0.0015794505161466077,0.5265744850039482,0.0016478288671351038,0.09880748949944973,0.08395227137953043,0.2746343275648542,0.00010774748079711571,2,BKL
IL_5302007,0,AK,AKIEC,0.17173021507232988,0.0032382647004851606,0.056733475998044014,0.001178859328121007,0.05871325781845371,0.021004710008128313,0.6868645250797272,0.0005366872796876976,6,SCC
IL_5304581,5,NV,NV,2.914454398705857e-05,0.00021494352040463127,0.16733506508171558,0.00029777073723380454,0.1457585897296667,0.6861588656902313,2.638520618347684e-05,0.00017921240942087024,5,NV
IL_5304698,1,BCC,BCC,0.0016271604399662465,0.8580138981342316,0.0037286330480128527,0.011042078644095454,0.0036316533805802464,0.0006210173378349282,0.12060474697500467,0.0007308132699108683,1,BCC
IL_5310086,4,MEL,MEL,4.857180874751066e-05,3.7389720091596246e-05,0.3997362405061722,7.71833128965227e-05,0.33468781411647797,0.25248271971940994,0.012903889997687656,2.6190945845883107e-05,2,BKL
IL_5310098,1,BCC,BCC,0.012511819833889604,0.5084905382245779,0.4075717934174463,0.00016933097867877223,0.008289963006973267,0.009303043247200549,0.05360601082793437,5.742867051594658e-05,1,BCC
IL_5310300,5,NV,NV,2.201027734827221e-05,0.000758918015975496,0.38332256635612794,0.0001305121382699781,0.013349068467505276,0.6023346111178398,2.882667040182696e-05,5.3549694257526426e-05,5,NV
IL_5310317,1,BCC,BCC,0.001315122892265208,0.4738902077078819,0.4739661638159305,8.236042231146712e-05,0.002905836037825793,0.045148862060159445,0.0026819476479431614,9.558643114360166e-06,2,BKL
IL_5310552,5,NV,NV,0.00038304228291963227,0.47131337551400065,0.40492910658940673,0.00010299394398316508,0.013600026606582105,0.10406068712472916,0.005452226079597722,0.00015851687953727378,1,BCC
IL_5310899,2,BKL,BKL,0.00375686801635311,0.3875287012197077,0.01668426813557744,0.0055833503138273954,0.007897693139966577,0.23679447174072266,0.0012068143405485898,0.3405478661588859,1,BCC
IL_5311399,1,BCC,BCC,0.01566939209314122,0.06243360508233309,0.7985199689865112,0.001334881445593794,0.006426973406178149,0.01756906305672601,0.09779287996957464,0.00025326588281426865,2,BKL
IL_5311441,3,DF,DF,1.1562748113647103e-05,0.00954891235960531,0.08821253732821788,0.5000139197800308,0.029984889359184308,0.3714899215992773,0.0001654116676945705,0.0005728435962737422,3,DF
IL_5311950,5,NV,NV,0.00014573430598829873,6.83109242345381e-05,0.002357606717851013,0.00018070716032525524,0.3346557216718793,0.6619799733161926,0.00031340963460024795,0.0002985887695103884,5,NV
IL_5314103,6,SCC,SCCKA,0.052675179089419544,0.08528291806578636,0.6804808974266052,0.0035849445266649127,0.0699437614530325,0.06244265101850033,0.04219254199415445,0.0033971498487517238,2,BKL
IL_5315129,2,BKL,BKL,0.00036747187107266654,0.1879004666925539,0.2674782471731305,3.410885608445824e-05,9.253817370336037e-05,0.05966266617178917,0.48446320756283967,1.2259461357189139e-06,6,SCC
IL_5321366,5,NV,NV,7.81385725296957e-05,0.0016577020908243867,0.07013586908578873,0.00011104515670012916,0.015060493256896734,0.9127004146575928,8.292393407316467e-05,0.0001734065033360821,5,NV
IL_5324666,1,BCC,BCC,0.1580276653439796,0.5012572649866343,0.2667153312359005,0.002297601237614799,0.008556308726838324,0.061582774884300306,0.0013940766220912337,0.00016894634609343484,1,BCC
IL_5324698,2,BKL,BKL,1.0299284841641665e-08,5.058491353793215e-06,0.9983774125576019,9.345468425601272e-09,0.0009664180654453958,0.0006510142011393327,1.2068080090799072e-08,1.2429424421644963e-07,2,BKL
IL_5328329,1,BCC,BCC,0.0004874588776146993,0.41920083051081747,0.15429753810167313,0.012796488415915519,0.04095439985394478,0.34982799645513296,0.022067522862926126,0.00036771007580682635,1,BCC
IL_5328388,1,BCC,BCC,0.0066747718719852855,0.4888099293457344,0.0007470113459930872,8.693558584127459e-05,0.48317187442444265,0.020233870251104236,0.0002520275329516153,2.3635049728909507e-05,1,BCC
IL_5328451,4,MEL,MEL,0.0003683967701793023,3.523011582728941e-05,0.4719148927833885,0.0004775204752789364,0.000896805795491673,0.5255840178579092,0.0006597443800160363,6.343234024086541e-05,5,NV
IL_5331190,2,BKL,BKL,0.5379367172718048,0.0029457462951540947,0.020634314976632595,0.0002817230633809231,0.005558443983318284,0.002790370606817305,0.4296369254589081,0.00021574275524471886,0,AK
IL_5333822,4,MEL,MEL,0.24508326058275998,0.002960065357910935,0.07636686787009239,7.295217756109196e-06,0.24518641471513547,0.004149196553044021,0.4262418875005096,5.017584385313967e-06,6,SCC
IL_5334978,6,SCC,SCCKA,0.3987952132083592,0.00021210898700019243,0.04009888764267089,0.00028216355485710665,0.025840627398793004,0.015285091428950182,0.5192616321146488,0.00022427207414565942,6,SCC
IL_5337254,1,BCC,BCC,0.05324810676157199,0.6857482641935349,0.06675893120700493,0.0009898910049983556,0.005455800417848877,0.1867639220727142,0.00023779875209584134,0.000797263230567502,1,BCC
IL_5340506,1,BCC,BCC,0.00019904451255570166,0.75613072514534,0.06018998473882675,4.137451287533622e-05,0.0044265182223171,0.17873231205157936,5.0837223170674406e-05,0.00022916145189810777,1,BCC
IL_5344471,1,BCC,BCC,0.01043928464059718,0.22958096004731487,0.6520438939332962,0.0018040052382275462,0.02003833558410406,0.07269497960805893,0.013154447893612087,0.00024414378276560456,2,BKL
IL_5345860,1,BCC,BCC,0.20246481616050005,0.4869387053186074,0.07944303014392062,0.0002905824126742118,0.00777725286752684,0.2215931443770387,0.001406642130518776,8.582780939114798e-05,1,BCC
IL_5349744,1,BCC,BCC,0.00010976368866977282,0.48577766423113644,0.4788367619912606,0.006126600608695298,0.0029102906119078398,0.021043154876679182,0.0024528485955670476,0.002742890384979546,1,BCC
IL_5352548,1,BCC,BCC,0.02906296709261369,0.7326937615871429,0.010595104191452265,0.016240167897194624,0.001659147412283346,0.19956577895209193,0.007758740481222048,0.002424369813525118,1,BCC
IL_5356677,6,SCC,SCCKA,0.5583339184522629,0.17395687848329544,0.04345469943655189,0.0031373781527577194,0.0005311939094099216,0.004826279473491013,0.2150975001113693,0.0006621551358634292,0,AK
IL_5357233,1,BCC,BCC,0.004996807292627636,0.29676531441509724,0.11463205434847623,0.007672735351661686,0.00871843240747694,0.010063670808449388,0.5570068359375,0.0001441876302124001,6,SCC
IL_5358178,2,BKL,BKL,0.7267102897167206,0.08247806457802653,0.11315727606415749,2.304807736663861e-05,0.0068559396313503385,0.04998412262648344,0.020714347272587474,7.686920798732899e-05,0,AK
IL_5358454,5,NV,NV,0.00027681038773152977,2.779482701953384e-05,0.361836984870024,0.0018426369788357988,0.16812132380437106,0.467598631978035,0.00013689001207239926,0.00015894156967988238,5,NV
IL_5358765,1,BCC,BCC,0.017557940765982494,0.002017220132984221,0.5768143385648727,0.0015809484320925549,0.019668147899210453,0.37362858932465315,0.0015667259688143531,0.007166107825469226,2,BKL
IL_5359337,1,BCC,BCC,0.0001137694162025582,0.05798225197941065,0.0010831911640707403,0.0010481156423338689,0.0028838046127930284,0.017628594301640987,3.7749289731436875e-05,0.9192225635051727,7,VASC
IL_5359653,1,BCC,BCC,0.012641128152608871,0.0841597864346113,0.4662404917180538,0.029357142047956586,0.05637413653312251,0.04799988307058811,0.29780819406732917,0.005419258173787966,2,BKL
IL_5361790,5,NV,NV,2.4365851629681856e-06,2.0882628291474248e-05,0.2925134457909735,3.984674890489259e-06,0.264430767390877,0.44298626482486725,2.2013943237197964e-06,4.0029526701346185e-05,5,NV
IL_5361912,1,BCC,BCC,0.07126796164084226,0.5199368204921484,0.09210217383224517,0.002450761861382489,0.0027806534781120718,0.0004852796846535057,0.3106786537973676,0.0002977050462504849,1,BCC
IL_5363044,7,VASC,VASC,1.4174766906349667e-06,0.0061222296571941115,0.0008105103551940829,2.0331897232495066e-07,0.0010692505311453715,0.509316572919488,5.3623022022719624e-08,0.4826797587938927,5,NV
IL_5363058,5,NV,NV,0.019045214717152703,0.09233068686444312,0.10747976732818643,0.177757407851459,0.004475255060242489,0.09915084420936182,0.0003878603917542023,0.4993730050045997,7,VASC
IL_5364127,2,BKL,BKL,0.005762300054811931,0.0004203776043141261,0.6063626557588577,0.000643222108919872,0.02489227772457525,0.041071823332458735,0.3206039048786806,0.00024342298092960846,2,BKL
IL_5365301,1,BCC,BCC,0.016758563928306103,0.14890915900468826,0.09510118642356247,5.2774584048620454e-05,0.0723354029469192,0.5398737639188766,0.00039271830115694684,0.12657646360094077,5,NV
IL_5366190,4,MEL,MEL,0.0011284191828053736,0.058661919727455825,0.010610139521304518,0.3772474881261587,0.05369264632463455,0.4800133313983679,0.0014779190823901445,0.017168150530778803,5,NV
IL_5368559,1,BCC,BCC,0.0007223106806577562,0.5046231304295361,0.22254838676326472,0.0054279068638081185,0.045784756816743766,0.21879927776171826,0.0013155821912675947,0.0007787175420048698,1,BCC
IL_5369308,2,BKL,BKL,0.012825876554416027,0.19565933395642787,0.3289264254271984,0.0006702502723783255,0.002258871929370798,0.45777785731479526,0.0016678389511071146,0.0002135634422302246,5,NV
IL_5372294,1,BCC,BCC,0.002738912691711448,0.4633449167085928,0.48165785521268845,0.0018959534063469619,0.000762025414587697,0.04867199482396245,0.0005982194998068735,0.00033009544131346047,2,BKL
IL_5375403,2,BKL,BKL,0.010508537758141756,0.07981821149587631,0.028749670134857297,0.004013268771814182,0.16632270824629813,0.2600911640038248,0.44985062221530825,0.0006457898853113875,6,SCC
IL_5375846,6,SCC,SCCKA,0.05722845904529095,0.5264287292957306,0.04276564286556095,0.0007489833897125209,0.0036773507308680564,0.3686258951202035,0.0001794526706362376,0.0003454646503087133,1,BCC
IL_5378051,2,BKL,BKL,0.014868517439026618,0.0018331040046177804,0.7232510447502136,9.11643473955337e-06,0.00018667971016839147,0.046765984734520316,0.21307888627052307,6.624958928114211e-06,2,BKL
IL_5379548,1,BCC,BCC,0.000417148694396019,0.5142469219863415,0.0023571081837872043,0.00021615171135636047,0.0015267716371454298,0.006518495734781027,0.006732698893756606,0.46798463980667293,1,BCC
IL_5384329,1,BCC,BCC,0.10092235822048679,0.25223158625885844,0.5784962624311447,0.0013732000370509923,0.005594534304691479,0.06030573137104511,0.0009323271879111417,0.00014402339706975908,2,BKL
IL_5384456,1,BCC,BCC,0.6591544449329376,0.21440553665161133,0.07261607702821493,0.00607220726669766,0.0033524984028190374,0.026549483416602015,0.016864346394868335,0.0009854262134467717,0,AK
IL_5386138,1,BCC,BCC,0.0007069723069434986,0.9900042712688446,0.0029119453411112772,0.0006575890147360042,0.001755301357661665,0.002853947808034718,0.0010641519911587238,4.5808666413904575e-05,1,BCC
IL_5390577,1,BCC,BCC,0.1575744873844087,0.5768430009484291,0.05097289523109794,9.349146603199188e-05,0.0050123904657084495,0.20670940029231133,0.0024577004587627016,0.0003366838168403774,1,BCC
IL_5391929,1,BCC,BCC,0.09222545567899942,0.49771158630028367,0.0882365121769908,0.0021996742054568585,0.030572469522994083,0.2876820755773224,0.0011159566493006423,0.00025619056884806923,1,BCC
IL_5394368,1,BCC,BCC,0.047014898620545864,0.46683984249830246,0.0019467056263238192,0.1313382136868313,0.20247872546315193,0.007152463309466839,0.13285525143146515,0.010373860481195152,1,BCC
IL_5396627,4,MEL,MEL,0.4907185809147805,0.001120307089355066,1.9830341857929312e-05,6.325794282557862e-07,0.5000019925992092,0.008130722144414904,8.769851378431781e-08,7.86854149348315e-06,4,MEL
IL_5397664,1,BCC,BCC,0.004767240614455659,0.4974417081102729,0.03678229218348861,0.014946824623621069,0.3328717346121266,0.0876216902397573,0.011409909624489956,0.014158621430397034,1,BCC
IL_5399357,2,BKL,BKL,0.00013347254275686282,0.002865659276721999,0.018206573906354606,0.00016020282782847062,0.00036018225455336506,0.47692689893301576,0.5013028478715569,4.4166392456190806e-05,6,SCC
IL_5400506,5,NV,NV,0.004746659891679883,0.011801510583609343,0.027833599597215652,0.01805518427863717,0.1961401696316898,0.37588009238243103,0.35622320882976055,0.009319630917161703,5,NV
IL_5407088,1,BCC,BCC,0.059244425036013126,0.02831730293110013,0.21332266926765442,0.024703059112653136,0.10215545073151588,0.45141391456127167,0.11487296433188021,0.005970218335278332,5,NV
IL_5411298,1,BCC,BCC,0.1448566489852965,0.0012012795050395653,0.7866832613945007,5.97794286250064e-05,0.01717648096382618,0.0046313381171785295,0.04527816199697554,0.00011315574010950513,2,BKL
IL_5415624,4,MEL,MEL,0.022061359602957964,0.012534589623101056,0.10318445786833763,0.002962270278658252,0.355275496840477,0.4990103393793106,0.0029615910571010318,0.002009889572946122,5,NV
IL_5416210,6,SCC,SCCKA,0.012507412327977363,0.12057519715062881,0.011089841504144715,0.052056963677614476,0.0013657723797990684,0.0019995025427306246,0.8001026809215546,0.00030259601431747996,6,SCC
IL_5416595,5,NV,NV,4.0033758281765586e-06,2.6948466569365337e-06,0.0007770293450448662,7.151484396672458e-06,0.008063871107879095,0.9911078810691833,2.7381649374547123e-06,3.4639208735143256e-05,5,NV
IL_5417384,1,BCC,BCC,0.0015376476803794503,0.6547719091176987,0.2919460400007665,0.0006372236457536928,0.00015108336810953915,0.0486738714389503,0.0015108692823559977,0.0007713388185948133,1,BCC
IL_5417601,1,BCC,BCC,0.0011328372929710895,0.7957797348499298,0.011692256899550557,0.007648815502761863,0.09615752636455,0.07467160676606,0.011019959041732363,0.0018973082719639933,1,BCC
IL_5418242,4,MEL,MEL,0.0027270097671134863,0.0036958264536224306,0.5976316332817078,0.017626182874664664,0.34913204750046134,0.023858914151787758,0.004575442473651492,0.0007529573717874882,2,BKL
IL_5419004,6,SCC,SCCKA,0.48737367428839207,0.00789269249071367,0.30102371983230114,0.0004643963256967254,0.060657933026959654,0.13949639443671913,0.002716061193495989,0.00037515300209634006,0,AK
IL_5420018,1,BCC,BCC,0.006107883527874947,0.7222703844308853,0.1099251612322405,0.009883270031423308,0.06676798895932734,0.053340339101850986,0.029687848640605807,0.0020171338110230863,1,BCC
IL_5421067,1,BCC,BCC,0.0019206375072826631,0.7103935778141022,0.01697863871231675,0.001336387445917353,0.03183788392925635,0.11326118465512991,0.12159482575953007,0.002676825097296387,1,BCC
IL_5422211,1,BCC,BCC,0.0037282182020135224,0.13917300940374844,0.013679532283276785,1.09901375822119e-05,0.003908728584065102,0.34260550713634075,0.496802988651325,9.099024077841023e-05,6,SCC
IL_5423351,2,BKL,BKL,2.4931315323328818e-06,2.8737420279867365e-05,0.9979091584682465,1.0844236157936393e-06,0.00011460899690973747,0.0019437011505942792,5.240438438747219e-08,8.941552875896264e-08,2,BKL
IL_5424289,1,BCC,BCC,0.0035802510938083287,0.5010531878797337,0.4418733165512094,8.18749243975958e-05,0.0018148301337532757,0.049273067408648785,0.0022640144015895203,5.9403055274742655e-05,1,BCC
IL_5425005,1,BCC,BCC,0.0005725719605322865,4.000908234047529e-05,0.8783135712146759,6.552373497470398e-05,0.00550744601059705,0.11505820747697726,0.0004290644492357387,1.3688165836356347e-05,2,BKL
IL_5425299,1,BCC,BCC,0.0035543206613510847,0.2524183262139559,0.5997781008481979,0.0015611475992045598,0.0068972442095400766,0.07825436088023707,0.057509563863277435,2.6959614501720353e-05,2,BKL
IL_5428676,5,NV,NV,1.0562971510807984e-06,0.0003815824247794808,0.0012787580490112305,4.7967586397135165e-05,0.005417040549218655,0.9927938878536224,1.7511203623143956e-05,6.225685683602933e-05,5,NV
IL_5429877,1,BCC,BCC,0.11812767572700977,0.01173806018778123,0.2691725641489029,0.0020348853431642056,0.2415008507668972,0.10066048428416252,0.25619121524505317,0.0005742614375776611,2,BKL
IL_5434909,1,BCC,BCC,0.00233129458501935,0.49972114176489413,0.09944826763239689,3.238428234908497e-05,0.005041384298237972,0.39326480688760057,0.00014186159842211055,1.8887187366090075e-05,1,BCC
IL_5436207,1,BCC,BCC,0.5447016060352325,0.3241003453731537,0.0505970548838377,8.165102173052219e-05,0.0010560382070252672,0.041490045376122,0.03788151244134497,9.176272874356073e-05,0,AK
IL_5437959,7,VASC,VASC,8.778546612964178e-07,2.7352494271326577e-05,0.00016663801877569995,2.3858358524364576e-05,0.0003269853041274473,0.0016929091450492706,5.610918406562249e-07,0.9977607727050781,7,VASC
IL_5438158,5,NV,NV,5.047322702012025e-05,0.14282960262789857,0.031268868944607675,0.0021353314878069796,0.007220912899356335,0.8160953223705292,0.00010237786591460463,0.00029707226349273697,5,NV
IL_5438897,1,BCC,BCC,0.0035996492952108383,0.028684688732028008,0.38956765830516815,0.006513362750411034,0.23226425796747208,0.28420592844486237,0.04810781389824115,0.007056616537738591,2,BKL
IL_5439022,5,NV,NV,0.0004925707708025584,0.01651727813987236,0.010970834642648697,0.00014415311670745723,0.04068713402375579,0.9302769005298615,0.000814921862911433,9.62637768679997e-05,5,NV
IL_5441408,1,BCC,BCC,5.243642408458982e-05,0.5240345615893602,0.01675469212932512,0.00012577628240251215,0.00475935789563664,0.4530910474713892,9.756454545595261e-05,0.0010845175449958333,1,BCC
IL_5444067,6,SCC,SCCKA,0.02824483849144599,0.0006962322438539559,0.36160610779188573,0.003610156918512075,0.024761395503446693,0.007935531941370755,0.5726051852107048,0.0005405824973578888,6,SCC
IL_5448170,6,SCC,SCCKA,2.606571456453821e-05,0.005165075164768496,0.9892028868198395,4.4677858568320516e-05,9.805973149923375e-06,0.004088832880370319,0.0014616794069297612,9.439304164970963e-07,2,BKL
IL_5451589,6,SCC,SCCKA,0.004586573428241536,0.35389733873307705,0.15883083385415375,0.00471632310654968,0.004533885512501001,0.014930575853213668,0.4581812620162964,0.0003232423732697498,6,SCC
IL_5455457,5,NV,NV,2.6823147258880908e-08,1.7796875013686986e-06,0.0001447537359027251,3.8095546983640816e-07,0.0007557988465123344,0.9990966618061066,3.619177513236593e-08,5.58441570319701e-07,5,NV
IL_5458528,7,VASC,VASC,1.2389807466206548e-05,0.00010590779493213631,0.0012454375391826034,1.256729365195497e-05,0.008974502270575613,0.49872612120816484,2.328819562080753e-06,0.49092076474335045,5,NV
IL_5466158,1,BCC,BCC,0.2587131267856648,0.5271956529468298,0.16420427620778355,5.5071323999122956e-05,0.0037800087763599777,0.044773828514735214,0.0008309810165769704,0.00044707749711858646,1,BCC
IL_5466304,1,BCC,BCC,0.0019314557393954601,0.019497800152748823,0.0007418485838570632,0.19384732469916344,0.00949453393695876,0.00021209462283877656,0.7742713987827301,3.4889320090769615e-06,6,SCC
IL_5468213,2,BKL,BKL,0.4304790864698589,0.016324542149959598,0.3713631071150303,3.6639238487623516e-05,0.0001885624379838191,0.00014973882207414135,0.18145192228257656,6.382250189229666e-06,0,AK
IL_5469172,1,BCC,BCC,0.013429988612188026,0.12888159649446607,0.3884355388581753,0.007324960181449569,0.021692044683732092,0.43634887179359794,0.0033911762293428183,0.0004958254830853548,5,NV
IL_5470919,4,MEL,MEL,0.054598114866166725,0.009918313939124346,0.048405636101961136,0.06845540399081074,0.2349784640246071,0.5516201332211494,0.02788465614139568,0.004139304827731394,5,NV
IL_5472522,2,BKL,BKL,0.00011254262874871301,0.022396150195628906,0.5151243731379509,0.04753348582228689,0.010593807519398979,0.39797759149223566,0.005595274385996163,0.000666838739740161,2,BKL
IL_5476058,2,BKL,BKL,1.6423810761168056e-05,2.8778655192240876e-07,0.953405350446701,5.127756367073744e-06,0.002281492459587753,0.04428495676256716,2.0579689454791605e-06,4.342067118301429e-06,2,BKL
IL_5478972,5,NV,NV,0.0012506857499374746,0.02595253636354755,0.01600705794407986,0.0038923032116144896,0.04513619467616081,0.8519025146961212,0.0005891820683068261,0.05526948603801429,5,NV
IL_5482289,3,DF,DF,0.00018385056327074878,0.004616928071925486,0.056605896166502134,0.9033669829368591,0.003120268273505644,0.026174095277951892,0.003960427100537345,0.001971550876545436,3,DF
IL_5482346,1,BCC,BCC,8.037090992729645e-05,0.9673129618167877,0.0005811511364299804,5.67377711320205e-05,0.0001906851020976319,0.031764234794536605,5.475154845058228e-06,8.378122906549379e-06,1,BCC
IL_5489225,1,BCC,BCC,0.02842745116504375,0.015805665298103122,0.6275049149990082,0.03093429394539271,0.021761045674793422,0.2689223513007164,0.005880092228835565,0.0007640911153430352,2,BKL
IL_5490327,1,BCC,BCC,0.00988620346765856,0.5123213138431311,0.4151979171937157,0.001853647117522745,0.004846708037234748,0.01459323979389282,0.04021654019292953,0.0010844703751103912,1,BCC
IL_5490605,6,SCC,SCCKA,0.20757655054330826,0.6892423331737518,0.027514041401445866,0.0002681142505025491,0.0013725630124099553,0.023830402176827192,0.049114655412267894,0.0010813686239998788,1,BCC
IL_5492781,1,BCC,BCC,0.5486780107021332,0.05406283074989915,0.03301983140408993,4.456395072338637e-05,0.061896346171124605,0.2924261433436186,0.008328300435096025,0.0015439214594152872,0,AK
IL_5493547,6,SCC,SCCKA,0.16106011345982552,0.00693525280803442,0.008022218476980925,0.0002701162520679645,0.01318216909567127,0.06973385391756892,0.74074587225914,5.036507900513243e-05,6,SCC
IL_5496114,4,MEL,MEL,0.00010670251959155053,0.0006646085309509608,0.0798765839645057,0.0003496645572627702,0.5569080859422684,0.3613610357133439,0.0002467688113061417,0.0004866548623922995,4,MEL
IL_5499388,1,BCC,BCC,0.1892061190410459,0.7903817892074585,0.005107202130602673,0.0009498097226305902,6.905459065364994e-05,0.0006666865665465593,0.01360600573349302,1.3415796274784952e-05,1,BCC
IL_5504349,1,BCC,BCC,0.0010899447661358863,0.48813864635303617,0.07407390605658293,0.1703073218523059,0.24174380616750568,0.020052970852702856,0.004310977994464338,0.00028245840076124296,1,BCC
IL_5504376,5,NV,NV,8.563306153064332e-07,4.91644778044531e-06,0.0006516788034787169,1.9220033209421672e-05,0.05844147806055844,0.9408513009548187,6.397892946097272e-06,2.418192980258027e-05,5,NV
IL_5507611,1,BCC,BCC,7.850637803130667e-05,0.9623450338840485,0.01566731627099216,0.0008382352807529969,0.002423049034405267,0.018183819018304348,8.14415434433613e-05,0.00038268584285106044,1,BCC
IL_5508020,1,BCC,BCC,0.00012485463412303943,0.49984769618185965,0.08476886795870087,1.6351659603230928e-05,0.3509344690680791,0.06410756323657552,0.0001974958686332684,2.7460156388769974e-06,1,BCC
IL_5512123,1,BCC,BCC,7.925033423816785e-05,0.49923604031209834,0.4842088918230729,0.0006207671726770059,0.0006193266981426859,0.014143071515718475,0.0009516112768324092,0.00014107370589044876,1,BCC
IL_5513291,2,BKL,BKL,1.4082213965593837e-05,0.0006218878398414063,0.5024439478293061,5.414886934768104e-05,0.17198603697761428,0.3248580240906449,1.2739284044549493e-05,9.127599376990148e-06,2,BKL
IL_5518223,1,BCC,BCC,0.020436738996068016,0.014129350427538157,0.4492724185984116,0.0003649019927252084,0.01014214199676644,0.01670023478800431,0.48877332790289074,0.0001809131008485565,6,SCC
IL_5518573,2,BKL,BKL,0.10249536857008934,0.22471903823316097,0.2110568881034851,0.0008275149011751637,0.1603738199628424,0.18717407062649727,0.11278859007870778,0.000564724254218163,1,BCC
IL_5519397,1,BCC,BCC,0.010543322598095983,0.2600336875766516,0.06303443107753992,0.0039084977470338345,0.20303881913423538,0.004685537307523191,0.45324334502220154,0.001512339296823484,6,SCC
IL_5526388,0,AK,AKIEC,0.000620349426753819,0.13060048315674067,0.8596198260784149,8.019828419492114e-05,0.0002001069406105671,0.003540616191457957,0.0053335333650466055,4.888929339585957e-06,2,BKL
IL_5526869,1,BCC,BCC,0.056981926050866605,0.5078757489100099,0.4171857837927746,0.0007473218114206759,0.002384933938856193,0.010410273357592814,0.004008844433883496,0.00040519429589380707,1,BCC
IL_5527928,4,MEL,MEL,2.638162004586775e-05,1.0970750309979849e-05,0.001677987806033343,8.491899643559009e-05,0.14889694284647703,0.8489848375320435,3.6249577419766865e-05,0.0002817783006321406,5,NV
IL_5529051,0,AK,AKIEC,0.0020663408213295043,0.02385053224861622,0.03925972059369087,0.0008674050914123654,0.01325823681690963,0.8620842397212982,0.05806787358596921,0.0005457029037643224,5,NV
IL_5529544,1,BCC,BCC,0.0005381044309160643,0.053669004340918036,0.3230612659826875,0.07098965084878728,0.0066980584524571896,0.5409045144915581,0.003995248061983148,0.00014418105797631142,5,NV
IL_5533204,1,BCC,BCC,0.00355006440076977,0.4181311894208193,0.09351372346282005,0.021360780578106642,0.28055147805571323,0.1128629429731518,0.06969898426905274,0.00033078083652071655,1,BCC
IL_5534064,5,NV,NV,1.9286237087356994e-06,8.033338134083579e-05,0.00010314245874099015,2.5990040455781127e-05,0.029731518123298883,0.9700436890125275,6.246978150770133e-06,7.181525802479882e-06,5,NV
IL_5534472,1,BCC,BCC,0.4511023178929463,0.08114284090697765,0.011906025232747197,1.3346252671908587e-05,0.004908979026367888,0.04097506613470614,0.4099015142492135,4.992402477910218e-05,0,AK
IL_5535772,1,BCC,BCC,0.02162398339584115,0.6808636337518692,0.011716653649273212,0.00011698080464839222,0.0009822899992286693,0.2846604469232261,2.1639615624735598e-05,1.439019337112768e-05,1,BCC
IL_5543989,1,BCC,BCC,0.002027359209023416,0.4412989651764292,0.4543664900120348,0.0001900701754493639,0.0031213127949740738,0.09807758405804634,0.0008428917044511763,7.537092642451171e-05,2,BKL
IL_5545955,6,SCC,SCCKA,0.48393767936795484,0.0004884705267613754,0.4919861638918519,0.00020102682174183428,0.0011528579198056832,0.006040463442332111,0.01613320264732465,6.0102681857188145e-05,2,BKL
IL_5550587,5,NV,NV,0.00014159273723635124,0.2187814088538289,0.24618237931281328,0.00043238993384875357,0.0385406605200842,0.49269968643784523,0.0014024731499375775,0.0018194143194705248,5,NV
IL_5550773,0,AK,AKIEC,0.02816717396490276,0.00021090482914587483,0.9666011333465576,8.407076393268653e-05,0.00024338448929484002,0.00277541689138161,0.001891779131256044,2.614511186038726e-05,2,BKL
IL_5551611,1,BCC,BCC,7.796670365678438e-05,0.48539357489789836,0.34771919064223766,7.21482138033025e-06,0.0864890911616385,0.08007157091560657,0.00014730893383330113,9.408343987615808e-05,1,BCC
IL_5553029,1,BCC,BCC,0.01592429867014289,0.5385175794363022,0.28541280346689746,0.0009213594526045199,0.0013321967744559515,0.0053065186366438866,0.1523455005371943,0.0002397369098616764,1,BCC
IL_5554236,2,BKL,BKL,0.0150636937469244,0.355820351280272,0.4841050563263707,0.0010787533246912062,0.014826087281107903,0.0017422740929760039,0.114386469242163,0.01297730452279211,2,BKL
IL_5555237,1,BCC,BCC,0.0002413343609077856,0.5209717974066734,0.01952326064929366,0.00026632670778781176,0.00381673508672975,0.454980731359683,4.88291207147995e-05,0.00015091437671799213,1,BCC
IL_5555860,1,BCC,BCC,0.017749950056895614,0.35613067308440804,0.09017130173742771,0.02199944294989109,0.028627152802073397,0.47179318964481354,0.012063897447660565,0.0014644006150774658,5,NV
IL_5557985,5,NV,NV,0.012183803037743246,0.011529333883345316,0.46019252293899626,0.0005742180155721144,0.0025949286355171353,0.5071664415299892,0.0009237571098310582,0.0048349708399655356,5,NV
IL_5560445,1,BCC,BCC,0.019932283088564873,0.49624354764819145,0.3607750693336129,0.0009582992988725891,0.0511293416202534,0.021742107113823295,0.048705855464504566,0.0005134668192567915,1,BCC
IL_5561688,0,AK,AKIEC,0.08456232026219368,0.18812355038244277,0.3618507753126323,0.029104324989020824,0.003044895944185555,0.038837220752611756,0.29292924609035254,0.0015476465050596744,2,BKL
IL_5562402,1,BCC,BCC,2.2278220512816915e-06,0.9945622086524963,0.0019488192774588242,6.752184447123e-07,0.0004074506286997348,0.003063400397877558,9.315835882262036e-06,5.918051641629063e-06,1,BCC
IL_5563241,1,BCC,BCC,0.00707083264285302,0.500619120139163,0.02138859020124073,6.187290608750118e-05,0.03550555210131279,0.4351638743864896,0.0001522335660411045,3.790565634176346e-05,1,BCC
IL_5564093,1,BCC,BCC,0.6009976863861084,0.15537364059127867,0.07833270728588104,0.001473262112995144,0.0024623756762593985,0.14200769178569317,0.01907697972637834,0.0002756589456112124,0,AK
IL_5566169,5,NV,NV,0.0031389278592541814,0.0021574412421614397,0.21339698001975194,0.00022748153605789412,0.007566317333839834,0.7733795642852783,0.00012930966477142647,3.989043307228712e-06,5,NV
IL_5568661,1,BCC,BCC,0.013321302831172943,0.4259762614965439,0.1205008253455162,0.013171950762625784,0.0007957337511470541,0.39418552815914154,0.029488505388144404,0.002559880231274292,1,BCC
IL_5569419,2,BKL,BKL,0.14519683457911015,0.10161599796265364,0.21038128063082695,0.015504038921790197,0.045342036290094256,0.03624658571789041,0.44498171750456095,0.0007315529583138414,6,SCC
IL_5569670,1,BCC,BCC,0.3159773275256157,0.016338909044861794,0.5163704454898834,0.001683916005276842,0.004706603707745671,0.005285840947180986,0.13948993902886286,0.00014700462634209543,2,BKL
IL_5570821,6,SCC,SCCKA,0.38678354024887085,0.0681086927652359,0.20214910060167313,0.012500125216320157,0.07032023393549025,0.07858812715858221,0.16636279597878456,0.01518740737810731,0,AK
IL_5571355,4,MEL,MEL,3.2580454423225547e-07,8.389389621399346e-05,0.6213374733924866,0.00015410589621467352,0.002691658737603575,0.3757311850786209,5.687878115168132e-07,8.046167465636245e-07,2,BKL
IL_5572380,1,BCC,BCC,0.0025716511354403337,0.5140943136066198,0.4070088315056637,0.00042281561763957143,0.06585057312622666,0.006530389189720154,0.0032526671420782804,0.0002687794885787298,1,BCC
IL_5572496,5,NV,NV,6.214356017153477e-05,0.004915407029329799,0.730910450220108,0.0002606974376249127,0.0001248194821528159,0.26358774304389954,4.268083648639731e-05,9.610469408016797e-05,2,BKL
IL_5574857,5,NV,NV,4.2631496313561e-05,0.0018388949831660284,0.007304915459826589,0.00036431992339203134,0.0040828901110216975,0.9859829843044281,5.1138205549250415e-05,0.0003321802505524829,5,NV
IL_5574879,6,SCC,SCCKA,0.02440960622698185,0.5027642473578453,0.11873573041521013,0.00438055561494366,0.007730674831691431,0.0017149010964203626,0.3398278746753931,0.00043645404093695106,1,BCC
IL_5575063,2,BKL,BKL,0.09184632077813148,3.6346621527627576e-05,0.8477111756801605,4.596156713887467e-06,0.0019454057910479605,0.058443141635507345,1.0822000376720098e-05,2.2021027632490586e-06,2,BKL
IL_5575734,4,MEL,MEL,3.8967615800800104e-07,2.2716715619708339e-07,0.003606664831750095,7.316262781387195e-06,0.23689364455640316,0.7594897150993347,5.200044057573905e-07,1.5576168692632564e-06,5,NV
IL_5576259,1,BCC,BCC,0.0074011769611388445,0.25782011449337006,0.6178058385848999,0.012624441995285451,0.02623736031819135,0.013084785314276814,0.06476164888590574,0.00026459941000211984,2,BKL
IL_5576993,5,NV,NV,2.317903664561527e-06,0.003978251595981419,0.15087404940277338,0.0002672057416930329,0.0016271923668682575,0.8421790897846222,1.3167197550956189e-05,0.0010587648372393232,5,NV
IL_5577465,5,NV,NV,6.248802031905143e-05,0.00018800309771904722,0.39393035415560007,0.00015934352995827794,0.11634575575590134,0.4885239787399769,8.495123529428383e-05,0.0007051534921629354,5,NV
IL_5577667,0,AK,AKIEC,0.12113502691499889,0.00043989978439640254,0.6336453855037689,0.0028596075608220417,0.0032569701434113085,0.007883795304223895,0.2307761013507843,3.200931075753033e-06,2,BKL
IL_5579945,1,BCC,BCC,0.004454669542610645,0.43809741269797087,0.2046939916908741,0.005913010623771697,0.021024208515882492,0.275943398475647,0.04980679042637348,6.655105062236544e-05,1,BCC
IL_5580548,6,SCC,SCCKA,0.007252512499690056,0.2606669683009386,0.1306257899996126,0.011787734838435426,0.043470874670674675,0.07788317812082823,0.468261317582801,5.154468760792952e-05,6,SCC
IL_5584867,6,SCC,SCCKA,0.0006666735571343452,0.006377325102221221,0.005948711797827855,0.10731372638838366,0.004225761746056378,0.003320748161058873,0.8720682263374329,7.885011768848926e-05,6,SCC
IL_5587633,1,BCC,BCC,0.002072139352094382,0.5026586633175611,0.09101628209464252,6.020010005158838e-05,0.17382047648425214,0.2290848917036783,0.0012531769134511705,3.415037872400717e-05,1,BCC
IL_5588135,2,BKL,BKL,0.01780125021468848,0.13355732336640358,0.23482801392674446,0.45768000185489655,0.04200920322909951,0.031906028278172016,0.07248823344707489,0.00972995487973094,3,DF
IL_5590437,1,BCC,BCC,0.012057141997502185,0.03280922072008252,0.8479365110397339,0.02016993142751744,0.0054126017494127154,0.008834757376462221,0.05801739047456067,0.014762386541406158,2,BKL
IL_5590663,1,BCC,BCC,0.004268570948624983,0.15564134530723095,0.7022378444671631,0.005085223252535798,0.0013130386068951339,0.027829561615362763,0.10259223263710737,0.0010322202870156616,2,BKL
IL_5592337,0,AK,AKIEC,0.025153815833618864,0.17480869591236115,0.11236172053031623,0.035313502834469546,0.031994039862183854,0.08381293263119005,0.5349624305963516,0.001592867930412467,6,SCC
IL_5600470,2,BKL,BKL,0.018887765472754836,0.006901519314851612,0.13224947114940733,0.002653947966564374,0.025272860358654725,0.3001742870237649,0.5135495942085981,0.00031052500516182135,6,SCC
IL_5601227,1,BCC,BCC,0.040232651721453294,0.4548219293355942,0.4408603608608246,0.0023021209758553596,0.03600514639765606,0.012577999848872423,0.012604759307578206,0.0005950389610234197,1,BCC
IL_5601775,1,BCC,BCC,0.017949077299363125,0.7536150217056274,0.04450741264008684,0.04004245135001838,0.014107124414294958,0.011579335434362292,0.11060646513487882,0.0075931111337013135,1,BCC
IL_5604150,6,SCC,SCCKA,0.016961740825536253,0.45588428969495,0.45233404729515314,0.0010132870957022533,0.0040447202627547085,0.014609153848141432,0.05487395450472832,0.00027884525934496196,1,BCC
IL_5604764,1,BCC,BCC,0.22296260541770607,0.544796247035265,0.02986563925514929,1.1403898241724164e-05,0.02936474209309381,0.1705537983996237,0.0018699408101383597,0.0005756075329230725,1,BCC
IL_5606298,2,BKL,BKL,0.028446723328670487,0.017357836157316342,0.5000495968852192,0.0022502506744785933,0.0002295553422300145,0.002846869290806353,0.4486959674395621,0.0001232308459293563,2,BKL
IL_5607525,1,BCC,BCC,0.002132468274794519,0.24519949220120907,0.1478345738723874,0.000745956611353904,0.004153615955146961,0.11437693738844246,0.4832618039799854,0.0022952206204536196,6,SCC
IL_5607786,4,MEL,MEL,0.00040668408746569185,8.097697521236569e-05,0.3970970865339041,0.00020611244175938737,0.43567654862999916,0.16647231578826904,9.68363045217302e-06,5.056664940639166e-05,4,MEL
IL_5607912,5,NV,NV,5.748843841502094e-05,4.163935171419553e-05,0.018057636450976133,5.742209941672627e-05,0.07246260531246662,0.9092744886875153,9.072863576875534e-06,3.962809705626569e-05,5,NV
IL_5608215,4,MEL,MEL,0.00030505097761590605,0.00023163900052836084,0.0036246128486254747,0.0006577766015851694,0.5126301348209381,0.48032988607883453,0.0005070265051756451,0.0017138939342657977,4,MEL
IL_5610769,6,SCC,SCCKA,0.0038906121626496315,0.8482800722122192,0.022248819936066866,4.676154276239686e-05,0.004884245165158063,0.009182792033243459,0.1111607667116914,0.00030587326182285324,1,BCC
IL_5611087,6,SCC,SCCKA,0.20975945994723588,0.117441319685895,0.045446296920999885,0.00029642353183589876,0.05361114256083965,0.08313984842970967,0.4873895226046443,0.0029160533158574253,6,SCC
IL_5612108,1,BCC,BCC,0.022506736364448443,0.8620099425315857,0.020508975023403764,0.0008406111155636609,0.005125422278069891,0.07543565705418587,0.011299794306978583,0.0022728625990566798,1,BCC
IL_5614486,1,BCC,BCC,0.003223030245862901,0.40893446281552315,0.36083846166729927,0.006042577791959047,0.03718966990709305,0.17815658450126648,0.0038840913912281394,0.0017311255214735866,1,BCC
IL_5619918,1,BCC,BCC,0.0004512303239607718,0.9689789116382599,0.020309200510382652,2.655970592968515e-05,0.0014062322588870302,0.0039951500948518515,0.00457752130296285,0.0002551771904109046,1,BCC
IL_5620268,1,BCC,BCC,0.5434418767690659,0.0012912687961943448,0.30019573913887143,3.305510631435027e-05,0.0010761582670966163,0.15370869739126647,0.00010318664953956613,0.0001500086327723693,0,AK
IL_5621754,2,BKL,BKL,0.00759497944090981,0.4157395167276263,0.2774300849996507,0.0028504239380708896,0.013923137914389372,0.14701383968349546,0.13527529686689377,0.0001726822792988969,1,BCC
IL_5625000,1,BCC,BCC,0.008560636139009148,0.06358443246062961,0.8549020886421204,0.0007144479022826999,0.004612133270711638,0.06256063212640584,0.004792016654391773,0.0002735930756898597,2,BKL
IL_5625816,2,BKL,BKL,8.855755493186734e-05,0.012917760565642311,0.8533551096916199,1.9285948212655057e-05,0.0010356979400967248,0.13232237845659256,0.00024219289923621545,1.9053945493396895e-05,2,BKL
IL_5627565,1,BCC,BCC,0.0026166733587160707,0.49291353090666234,0.0019687985768541694,0.0009145554517999699,0.0008424983461736701,0.004748500068672001,0.4959814455360174,1.4019733953318791e-05,6,SCC
IL_5631172,3,DF,DF,1.0601257152131893e-06,0.0011694077482502507,0.016141537895691727,0.5003461264714133,0.0009289374809213768,0.4813910756220139,1.9550540400814498e-05,2.2867166329376687e-06,3,DF
IL_5631575,2,BKL,BKL,0.031705934554338455,0.003913320950232446,0.49408549070358276,0.007949235790874809,0.0372739793965593,0.419131126254797,0.002005634887609631,0.003935256499971729,2,BKL
IL_5645205,6,SCC,SCCKA,0.001299389754422009,0.013584181666374207,0.009761670633452013,0.44310808449085926,0.00996540836058557,0.0026547703564574476,0.5184594206511974,0.0011670912626868812,6,SCC
IL_5655244,5,NV,NV,0.0105471257525096,0.0001837822564993985,0.021934656193479896,6.546965323650511e-05,0.12173045240342617,0.8442362248897552,0.0009481946017331211,0.0003540383040672168,5,NV
IL_5655863,1,BCC,BCC,0.025982565712183714,0.13078458234667778,0.48532694578170776,0.01961351139470935,0.004014979582279921,0.17031350918114185,0.0005857068608747795,0.1633782098069787,2,BKL
IL_5657022,1,BCC,BCC,0.2575125861912966,0.09344429362863593,0.0544147826731205,0.00047296620323322713,0.41893048770725727,0.0642073767085094,0.11069269850850105,0.00032482440292369574,4,MEL
IL_5661640,1,BCC,BCC,0.000639869860606268,0.016686424729414284,0.6960729658603668,0.0012688160059042275,0.17776218056678772,0.1051339004188776,0.0008949460643634666,0.001540851138997823,2,BKL
IL_5666618,4,MEL,MEL,0.010066581307910383,0.012818070739740506,0.046825052704662085,0.00010227885286440141,0.15795611962676048,0.0894271214492619,0.00402184039921849,0.6787829995155334,7,VASC
IL_5670003,1,BCC,BCC,0.0022793904645368457,0.48369140177965164,0.4410289581865072,0.006510959239676595,0.002882761531509459,0.02230834448710084,0.01688537932932377,0.024412782746367157,1,BCC
IL_5672522,1,BCC,BCC,0.018424196547130123,0.47799134626984596,0.16147422103676945,0.027773861307650805,0.10747719267965294,0.19168683525640517,0.014487984823063016,0.0006843924929853529,1,BCC
IL_5673593,4,MEL,MEL,1.112400948954928e-05,3.175726919835142e-05,0.023916464182548225,0.0001579651857355202,0.4832938499748707,0.49236912839114666,0.00014537912284140475,7.440498666255735e-05,5,NV
IL_5675707,5,NV,NV,0.00010902424128289567,6.266958871492534e-05,0.03064216987695545,0.00013292596486280672,0.24320051074028015,0.7253726422786713,5.782155130873434e-05,0.0004222334719088394,5,NV
IL_5675796,2,BKL,BKL,0.17290080367820337,0.0038390791960409842,0.4238801971077919,0.001270762043986906,0.003501799925288651,0.0023370698472717777,0.3922015354037285,6.875963683228292e-05,2,BKL
IL_5675821,5,NV,NV,1.4698674419832969e-06,2.604050223453669e-05,0.0002842116809915751,8.067127623689885e-06,0.002663529245182872,0.996972918510437,3.657158936221094e-05,7.101172286638757e-06,5,NV
IL_5676990,1,BCC,BCC,0.012520459305960685,0.41090609785169363,0.32808513613417745,0.01123197516426444,0.01326107606291771,0.003325637197121978,0.21869412064552307,0.0019754795357584953,1,BCC
IL_5684831,1,BCC,BCC,0.03049505688250065,0.01767968526110053,0.006977475946769118,0.44907401586533524,0.0022802872117608786,0.45823714771540835,0.03521163473396882,4.4685116336040664e-05,5,NV
IL_5690254,1,BCC,BCC,0.11586935888044536,0.3702375367283821,0.25218213349580765,0.012379609870549757,0.03221607619343558,0.004829118945053779,0.2115907073020935,0.000695438441425722,1,BCC
IL_5691160,1,BCC,BCC,0.006580328379641287,0.6758608967065811,0.07940978783335595,0.11573810121808492,0.034215797306387685,0.056198396370746195,0.03179342148359865,0.00020332110420895333,1,BCC
IL_5691794,1,BCC,BCC,0.007919438416138291,0.4923483833044884,0.14787864917889237,3.578710936835705e-05,0.00021889481831749436,0.34951597498729825,0.0020044666871399386,7.84240952498294e-05,1,BCC
IL_5693413,4,MEL,MEL,7.760557127767242e-05,4.990451816411223e-05,0.000622205207037041,0.0018031957879429683,0.9785898327827454,0.01575880404561758,0.0029560007678810507,0.00014242132419894915,4,MEL
IL_5696181,5,NV,NV,0.00015599304606439546,0.07332340923676384,0.28306952604907565,0.09207949577466934,0.0013034495059400797,0.549989677965641,2.333741895199637e-05,5.512709094546153e-05,5,NV
IL_5697539,0,AK,AKIEC,0.5441452488303185,1.254915423487546e-05,0.0033159434196932125,0.00015174838691200954,0.37186244455915585,0.06924892661270121,0.011144219940888433,0.00011883605790696805,0,AK
IL_5698688,1,BCC,BCC,0.00013591171773441602,0.044312113017440424,0.9471560120582581,0.0005939200318607618,0.002438335279293824,0.005244094063527882,0.00010466645107953809,1.4992842352512525e-05,2,BKL
IL_5699716,2,BKL,BKL,2.337046356437611e-07,1.2166844066130444e-06,0.7979221642017365,3.0524744047966124e-06,0.00012167658301009965,0.20194974503829144,7.470988281355062e-07,1.173946912944035e-06,2,BKL
IL_5700109,6,SCC,SCCKA,0.18857841193675995,0.16272461600601673,0.011938062845729291,0.007714918348938227,0.06557164946570992,0.006066560687031597,0.5504181981086731,0.0069876223660685355,6,SCC
IL_5703544,5,NV,NV,2.918193604273256e-05,0.00153130076182606,0.00843426981009543,0.00011887498203577707,0.06811565207317472,0.9214879870414734,6.27252761660202e-05,0.00022005325445206836,5,NV
IL_5704362,0,AK,AKIEC,0.49666132405400276,0.0024447577307000756,0.44188963156193495,0.0007612656336277723,0.008937433740356937,0.007828396803233773,0.041237276745960116,0.00023997633252292871,0,AK
IL_5708642,6,SCC,SCCKA,0.31134592546368367,0.06601231568492949,0.5540244653820992,0.003967331813328201,0.0035217510303482413,0.006873283069580793,0.03333178854518337,0.02092317581809766,2,BKL
IL_5708693,1,BCC,BCC,0.018912874162197113,0.13759149727411568,0.5688387751579285,0.0007188938288891222,0.014863487100228667,0.07010375207755715,0.18885721266269684,0.00011352552610333078,2,BKL
IL_5709126,1,BCC,BCC,0.010220902098808438,0.36975267343223095,0.34768881648778915,0.007564243715023622,0.22012119088321924,0.03519554901868105,0.008722230035346001,0.0007344027981162071,1,BCC
IL_5709842,5,NV,NV,8.421133657066093e-06,0.000287807677523233,0.0319999773055315,0.00046924908110668184,0.0003760983163374476,0.9667207300662994,3.437390478211455e-05,0.0001033275002555456,5,NV
IL_5720105,4,MEL,MEL,4.301617622104459e-07,5.193190077079635e-06,0.8383806347846985,2.3364078174381575e-06,0.06373432066175155,0.09787455573678017,1.3663650122452964e-06,1.1530256607272804e-06,2,BKL
IL_5722759,1,BCC,BCC,0.0002110181867465144,0.0008263627532869577,0.0013391987595241517,0.024908134389988845,0.4260182688012719,0.06073841961915605,0.4859108916207333,4.776243804371916e-05,6,SCC
IL_5725663,6,SCC,SCCKA,0.02044168405700475,0.005567759566474706,0.4967042705975473,0.0006326964794425294,0.0001602712018211605,0.0030912361689843237,0.47331622801721096,8.591371351940325e-05,2,BKL
IL_5725802,5,NV,NV,3.576072344912973e-07,2.495975365945924e-06,0.012377873994410038,2.0458384142330033e-06,0.013635105220600963,0.973969578742981,6.958381533195279e-07,1.18831534337005e-05,5,NV
IL_5727849,1,BCC,BCC,0.05615568318171427,0.06677447183756158,0.47206338308751583,0.028021638048812747,0.06728477589786053,0.012876701541244984,0.2866685748449527,0.010154718213016167,2,BKL
IL_5730089,1,BCC,BCC,0.4934756455186289,0.0032131309168335065,0.09587051905691624,0.0005029810999204187,0.00953187448862991,0.3972893528698478,0.00010882329661399126,7.694375455891134e-06,0,AK
IL_5732372,1,BCC,BCC,0.01179717274851555,0.5960894003510475,0.0035543147732823854,2.1522638050441856e-05,0.00027628531620393915,0.38824148460116703,1.4689437648485182e-05,5.080935878254422e-06,1,BCC
IL_5733908,4,MEL,MEL,0.004978519216820132,0.001005231013550656,0.0026536468067206442,0.0018890357379177658,0.45207449933514,0.5369909815490246,0.00012131769426559913,0.00028680004106718116,5,NV
IL_5738134,1,BCC,BCC,0.004997427458874881,0.4926916899057687,0.4029658993240446,0.00025696742181935406,0.00832361453331032,0.0902466302504763,0.00041750576201593503,0.00010032896648226597,1,BCC
IL_5744385,2,BKL,BKL,0.0006778700361564916,2.873683293103113e-06,0.5998283252120018,0.00013518614652241467,0.3607442901120521,0.03851523110279231,8.437900334001824e-05,1.1862160068432104e-05,2,BKL
IL_5747064,2,BKL,BKL,0.018792925169691443,0.004870847857091576,0.8598611056804657,0.0010768320935312659,0.010989954316755757,0.08630485367029905,0.017740329494699836,0.0003631800427683629,2,BKL
IL_5747539,1,BCC,BCC,0.49909698660485446,0.2166908363578841,0.2421022190246731,0.000172430276961677,0.030156664521200582,0.010746509185992181,0.0007387607647615368,0.0002955571364395837,0,AK
IL_5749341,5,NV,NV,0.005780128994956613,0.473490372300148,0.0918445116840303,0.03212283132597804,0.05096389167010784,0.0658760666847229,0.2784654344432056,0.0014567156904377043,1,BCC
IL_5750100,1,BCC,BCC,0.27563091251067817,0.06882157735526562,0.3562599718570709,0.0013642062112921849,0.019935280783101916,0.27500811591744423,0.0027034758240915835,0.00027645519003272057,2,BKL
IL_5750110,5,NV,NV,0.00010485791244718712,0.0008505972946295515,0.02058725373353809,0.00027444691659184173,0.03310899855569005,0.9443430006504059,4.638051177607849e-05,0.0006845327297924086,5,NV
IL_5752488,0,AK,AKIEC,0.3675739939790219,0.0006525995595438872,0.3888178803026676,9.144214709522203e-05,0.17018479341641068,0.07198898878414184,0.0006654789322055876,2.478582109688432e-05,2,BKL
IL_5753278,1,BCC,BCC,0.06955569051206112,0.07167392026167363,0.7505843043327332,0.003432968751212684,0.0010656143422238529,0.014946482377126813,0.08811562850655719,0.0006254305544644012,2,BKL
IL_5755884,2,BKL,BKL,0.030802447523456067,0.004298603909468568,0.9477668702602386,0.00020197586229642184,0.005094981170259416,0.009255202079657465,0.00250757895435072,7.236371584440349e-05,2,BKL
IL_5759496,0,AK,AKIEC,0.00178034562850371,0.00028419829868653324,0.004982558515621349,0.001727494314991418,0.001964294457593496,0.00028364695208438206,0.9889516830444336,2.5704109912538797e-05,6,SCC
IL_5762747,1,BCC,BCC,0.045825614128261805,0.8494548201560974,0.06992813377291895,1.763682121236343e-05,0.00010705313661674154,0.03411801886977628,0.0005157270206836984,3.2973355587273545e-05,1,BCC
IL_5764596,1,BCC,BCC,0.5599910169839859,0.2725648544728756,0.07939730607904494,0.002057618181424914,0.0012249631126906024,0.04728612536564469,0.03729354990355205,0.00018456266798239085,0,AK
IL_5764702,1,BCC,BCC,0.005737533327192068,0.15368354693055153,0.5185210704803467,0.0017023225354932947,0.007596162846311927,0.0640459046990145,0.23172543951659463,0.016988023202884506,2,BKL
IL_5765069,1,BCC,BCC,0.18985337764024734,0.26430418342351913,0.05554058775305748,0.11471878737211227,0.048517093528062105,0.02668444812297821,0.28005875274538994,0.020322773838415742,6,SCC
IL_5766424,5,NV,NV,4.2939692214361e-05,0.0003560676232439164,0.12597472977358848,0.0007013032286522503,0.1273712269430689,0.7371312379837036,2.1518600016090517e-05,0.008400899417409846,5,NV
IL_5766426,4,MEL,MEL,8.189160416804953e-05,0.0017495629498398557,0.002756868187134387,0.0013742278679274023,0.47747473046183586,0.5130916610360146,0.00034537134342826903,0.0031257011432899162,5,NV
IL_5766493,1,BCC,BCC,0.07350832223892212,0.010950876479910221,0.4395342841744423,3.171561593262595e-05,0.00536381802521646,0.049212600682949414,0.4213750598937622,2.3298947780858725e-05,2,BKL
IL_5767308,2,BKL,BKL,0.008098133956082165,0.01019306038506329,0.8148803114891052,0.000885025758179836,0.007203711895272136,0.06178379338234663,0.09691457491135225,4.143440310144797e-05,2,BKL
IL_5767772,6,SCC,SCCKA,0.28872530721127987,0.02047723566647619,0.22608283162117004,0.00023378518380923197,0.008033781341509894,0.004062786872964352,0.45201537013053894,0.0003689359036798123,6,SCC
IL_5768412,5,NV,NV,4.4419292635211605e-05,0.00031315937667386606,0.007653155131265521,0.00011020008605555631,0.009167348500341177,0.9823644459247589,0.00022675754416923155,0.00012050029727106448,5,NV
IL_5769609,1,BCC,BCC,0.02590516919735819,0.4646146111190319,0.21424118801951408,0.00684569211807684,0.26088106000679545,0.007289478089660406,0.015925767133012414,0.004296968676499091,1,BCC
IL_5770532,5,NV,NV,0.005166353111690114,0.04695302911568433,0.020491974966716953,0.0003033991286960358,0.00023894821788417175,0.9261497259140015,0.0006244086308697661,7.217111458146519e-05,5,NV
IL_5770748,1,BCC,BCC,0.24809742579236627,0.6202916353940964,0.1103144830558449,0.0008460598037345335,0.002736706381710974,0.010771653498522937,0.006715741939842701,0.0002263417718495475,1,BCC
IL_5771256,1,BCC,BCC,0.05040866383933462,0.2290126271545887,0.3025931054726243,0.011239742605539504,0.02956738750799559,0.10966281255241483,0.2638272240583319,0.003688438082463108,2,BKL
IL_5775257,6,SCC,SCCKA,0.0010515735011722427,0.28926295693963766,0.24053990840911865,0.00486498954705894,0.07579518982674927,0.19879754120483994,0.18665488349506631,0.003032962267752737,1,BCC
IL_5779680,1,BCC,BCC,0.0005342326730897184,0.4327688696794212,0.06573155336081982,0.002461422933265567,0.20643927715718746,0.2836260227486491,0.002608343325846363,0.005830289388541132,1,BCC
IL_5780868,1,BCC,BCC,0.00379429566237377,0.49997266530408524,0.4737539956404362,0.0019419263742106452,0.007062618305099022,0.009684779120107123,0.003733319101684174,5.6437994004454595e-05,1,BCC
IL_5780931,5,NV,NV,1.9659929876070237e-05,0.00017672290096015786,0.3458183351904154,0.0006231455772649497,0.1541943745687604,0.4987564980983734,0.000312054868118139,9.918061550706625e-05,5,NV
IL_5782288,0,AK,AKIEC,0.18824175372719765,0.03873192286118865,0.01137555274181068,0.00024852890453530563,0.49549606069922447,0.26236697449348867,0.0014549883198924363,0.002084266030578874,4,MEL
IL_5784432,1,BCC,BCC,0.06606915835436666,0.4367012744769454,0.11264461012251559,0.10676986294038215,0.051321305669262074,0.07209608995071903,0.14945314824581146,0.004944570344406429,1,BCC
IL_5790103,1,BCC,BCC,0.00041777400474529713,0.8782379925251007,0.005945420765783638,0.00017700230364425806,0.0006840092314632784,0.10747053776867688,0.0037116076580332447,0.003355666340780772,1,BCC
IL_5790573,5,NV,NV,0.00014326743257697672,6.344949156300572e-06,0.4431152133329306,0.000256812410952989,0.0734755820594728,0.48281584307551384,3.493595352210832e-05,0.00015193698527582455,5,NV
IL_5793339,1,BCC,BCC,0.00010295464016962796,0.9914544522762299,7.731958794465754e-05,4.476880735637678e-05,1.3973802197142504e-05,0.006365086795995012,0.0019399086368139251,1.6150389683389221e-06,1,BCC
IL_5795574,0,AK,AKIEC,0.5016828429652378,3.053575838407596e-06,0.4969157251289289,5.073877601446952e-05,0.00013975320302961336,0.001033294568060228,0.00017462801633882918,5.2192112187654516e-08,0,AK
IL_5795869,4,MEL,MEL,0.021260130713926628,0.003340231160109397,0.7487154603004456,0.0006109543051024957,0.13129362277686596,0.09381585940718651,0.00030578842415707186,0.0006579831606359221,2,BKL
IL_5797500,5,NV,NV,0.000247392422863868,0.00026234492179355584,0.4100654742246661,0.005670693521096837,0.003585325728636235,0.5798542201519012,5.670990935868758e-05,0.00025782614829950035,5,NV
IL_5797843,1,BCC,BCC,0.006312051310942479,0.5049380017444491,0.31216947885786794,0.06549572487165278,0.07436009912998998,0.0230951441481011,0.010557148796578986,0.0030723001254955307,1,BCC
IL_5798814,5,NV,NV,4.901648992472474e-06,3.6898364896842395e-06,0.0011001333391504886,1.8971480642449023e-05,0.02958247996866703,0.9692496061325073,1.0384874315150228e-05,2.992071858898271e-05,5,NV
IL_5799605,1,BCC,BCC,0.0029944892958155833,0.9097792506217957,0.017782028298825026,0.0016799298771772442,0.004595996315515549,0.0048799177166074514,0.05817736647441052,0.00011096100055851821,1,BCC
IL_5802153,0,AK,AKIEC,0.7096274644136429,8.184497687580006e-06,0.024464608170092106,8.99349635128388e-05,0.07529929267104762,0.1846781353695377,0.005799908886729099,3.2381986093454884e-05,0,AK
IL_5802470,1,BCC,BCC,0.001156481132056797,0.3996842186897993,0.044624284259043634,0.0015199076588032767,0.0008506015001330525,0.4895493593066931,0.062352143237148994,0.0002629795308166649,5,NV
IL_5805980,1,BCC,BCC,0.011553228705452057,0.09755096034132293,0.0015151310071814805,5.3199167268758174e-05,0.012607886688783765,0.000703136989613995,0.8740527629852295,0.001963679682376096,6,SCC
IL_5809538,4,MEL,MEL,8.331128213967531e-07,0.00024840476157805824,0.001923602550959913,9.712798600958195e-06,0.4680105104926042,0.529794231057167,6.750402803845645e-06,5.925000778006506e-06,5,NV
IL_5809749,1,BCC,BCC,0.005059176764916629,0.9469041526317596,0.007066583493724465,0.014645133109297603,0.0017951853369595483,0.010746970772743225,0.013731306651607156,5.147151023265906e-05,1,BCC
IL_5811280,1,BCC,BCC,0.35571203473955393,0.47078156378120184,0.13457226753234863,5.40750588697847e-05,0.00466239033266902,0.021511159517103806,0.012639288790524006,6.721970021317247e-05,1,BCC
IL_5812139,4,MEL,MEL,6.406767533917446e-05,0.0005130998615641147,0.03439872758463025,0.00032873195596039295,0.1390258315950632,0.8252334296703339,0.00017324904911220074,0.0002628378206281923,5,NV
IL_5814206,1,BCC,BCC,0.002695167058845982,0.9821384847164154,0.010425045154988766,3.9681017938164587e-07,0.0001819811532186577,0.0045039167744107544,5.429388397715229e-05,7.515689333104092e-07,1,BCC
IL_5816331,5,NV,NV,8.06625166660524e-06,3.1842489534028573e-06,1.993038449654705e-05,0.0002061670493276324,0.5911410599946976,0.4085670914500952,3.8133813404783723e-06,5.065575987828197e-05,4,MEL
IL_5816419,5,NV,NV,0.00011250633065529314,0.0010140625308849849,0.00413983009821095,0.0001265133148251607,0.009482430788921192,0.9846099019050598,0.00022424489966965666,0.00029048695103028876,5,NV
IL_5818163,0,AK,AKIEC,0.06769288890063763,0.43005846644518897,0.11195562640205026,9.285652413382195e-05,0.021219873917289078,0.3598979525268078,0.008948355105530936,0.0001339608043053886,1,BCC
IL_5818168,1,BCC,BCC,0.0003006572733283974,0.7891391813755035,0.07607657741755247,0.0019674458308145404,0.02202967533867195,0.04082974907942116,0.06921494659036398,0.00044176945448271,1,BCC
IL_5818628,1,BCC,BCC,0.006587042684259359,0.135147848399356,0.36778437439352274,0.0638979896903038,0.020437060273252428,0.016107858071336523,0.38960324972867966,0.0004345115867181448,6,SCC
IL_5821357,2,BKL,BKL,0.010508699762539209,1.023058299587376e-05,0.9864092171192169,0.00012056216636935346,0.0002756442057716413,0.0008405496205341478,0.0018339183427888983,1.1718807184646352e-06,2,BKL
IL_5823414,2,BKL,BKL,0.019524508586982847,0.00010405407738289796,0.6307216286659241,0.0002534724844736047,0.03079176601022482,0.3159494766732678,0.002506970449758228,0.00014814311998634366,2,BKL
IL_5825636,1,BCC,BCC,0.007817119359970093,0.011734181578503922,0.37941277772188187,0.06246492643367674,0.5002393573522568,0.034697160590440035,0.003257513279095292,0.00037696902290917933,4,MEL
IL_5827394,6,SCC,SCCKA,0.032902532984735444,0.03321805223822594,0.6688240021467209,0.005668379410053603,0.13455982692539692,0.0799854954238981,0.042704206876805983,0.0021374926691350993,2,BKL
IL_5827688,2,BKL,BKL,7.179600288509391e-05,0.003749080898160173,0.4652940481901169,0.0016602694439598054,0.0006424663733923808,0.4591276403516531,0.0693934295559302,6.124533898166362e-05,2,BKL
IL_5829281,1,BCC,BCC,0.08501735292338708,0.5902974158525467,0.14494850917253643,0.009351320147459319,0.004275084781966143,0.12594171310774982,0.03845354598843187,0.0017150589972061425,1,BCC
IL_5830387,5,NV,NV,0.001989896241866518,0.0005382615672715474,0.16037772595882416,0.0003872152592521161,0.08258746191859245,0.7432433366775513,0.010532601736485958,0.00034348790359217674,5,NV
IL_5831054,2,BKL,BKL,0.04511555102362763,0.09319086632999074,0.5078310891985893,0.0003757434401450155,0.02413906902074814,0.3284011008217931,0.00012528505067166407,0.0008212710332600182,2,BKL
IL_5832073,2,BKL,BKL,0.2789110988378525,0.0036313533782958984,0.32275133579969406,0.009501858614385128,0.02643967652693391,0.25615825317800045,0.10179139859974384,0.000815059378510341,2,BKL
IL_5832874,6,SCC,SCCKA,0.201504148542881,0.0005963396797596943,0.002418009920802433,0.00040945608634501696,0.0319347073091194,0.0024091327795758843,0.7606939375400543,3.429010109812225e-05,6,SCC
IL_5833308,5,NV,NV,0.0002559242711868137,0.0002938382986030774,0.45442876301240176,0.00029794752481393516,0.02891489095054567,0.5150239244103432,0.0004988998698536307,0.00028579380159499124,5,NV
IL_5834228,1,BCC,BCC,0.000721438994332857,0.5130831664428115,0.4463948105694726,2.717088932513434e-06,0.002587087750725914,0.03639823183880253,0.0006153159047244117,0.00019724925732589327,1,BCC
IL_5834999,0,AK,AKIEC,0.0037046949146315455,0.0008783962402958423,0.9716982841491699,0.0004058775957673788,0.01193056139163673,0.008323526126332581,0.002958253666292876,0.00010035591185442172,2,BKL
IL_5835237,1,BCC,BCC,0.030534819699823856,0.4985956612508744,0.11698433620040305,1.2095480595775143e-05,0.004795697414010647,0.3487085229717195,3.255217978903602e-05,0.0003362667109740869,1,BCC
IL_5835931,1,BCC,BCC,0.06881513423286378,0.06886928644962609,0.20956583600491285,0.06725465981094203,0.00012165137377451174,0.42950666788965464,0.14942799675191054,0.006438766926294193,5,NV
IL_5836381,1,BCC,BCC,0.0009368958126287907,0.8746622204780579,0.09915928542613983,8.190475477931614e-05,0.002977654592541512,0.019852031022310257,0.0015205279014480766,0.0008094871391222114,1,BCC
IL_5839734,6,SCC,SCCKA,0.035924897936638445,0.5133197829127312,0.06176271429285407,0.013226472759924945,0.0008487669692840427,0.36819352488964796,0.0031868352089077234,0.003536972275469452,1,BCC
IL_5842148,5,NV,NV,3.32879187681101e-05,0.0020054475808137795,0.014998919039499015,1.830798737501027e-05,0.0007564610568806529,0.9821112751960754,1.6441199477412738e-06,7.470027776435018e-05,5,NV
IL_5842745,0,AK,AKIEC,0.0014272091211751103,0.7220757007598877,0.021131717134267092,0.09635453694500029,0.029866566881537437,0.10719586908817291,0.017335791373625398,0.004612679360434413,1,BCC
IL_5844694,1,BCC,BCC,0.004760917994644842,0.6230248063802719,0.0036007091403007507,0.00036545502371154726,0.24550532506691525,0.010366333881393075,0.08255869965068996,0.029817793073561916,1,BCC
IL_5844745,4,MEL,MEL,0.005839950928930193,0.02113312343135476,0.39217355102300644,0.002155149879399687,0.3472970873117447,0.19046788662672043,0.04049232508987188,0.0004409457033034414,2,BKL
IL_5846759,1,BCC,BCC,0.010979579470586032,0.3666897560469806,0.5025545908138156,0.0030055470124352723,0.00044176496157888323,0.1151524418964982,0.0009150761761702597,0.00026121763949049637,2,BKL
IL_5846889,1,BCC,BCC,0.010720965394284576,0.6808639764785767,0.1871944833546877,0.0005327770140510779,0.037135220889467746,0.03401854510912017,0.04936522385105491,0.00016883375786846955,1,BCC
IL_5848004,5,NV,NV,1.7985909330775485e-06,0.0002700384329727967,0.005708459955712897,8.298569365194908e-05,0.002927839756011963,0.9909893274307251,4.955487497682043e-06,1.4559789974555315e-05,5,NV
IL_5848162,6,SCC,SCCKA,0.0001612569085409632,8.88560998646426e-05,0.4958759522996843,1.112184691010043e-06,0.503009594976902,0.000765335513278842,9.449440767639317e-05,3.4203455925307935e-06,4,MEL
IL_5849837,6,SCC,SCCKA,0.0013815801066812128,0.1266385999333579,0.04141913913190365,0.002007036004215479,0.3906606063246727,0.06483071739785373,0.37259624898433685,0.00046602864676970057,4,MEL
IL_5853973,1,BCC,BCC,0.0015762732518851408,0.6404308676719666,0.1878942364710383,0.014017494783047368,0.003207063964509871,0.011776943516451865,0.14089761301875114,0.0001994759170429461,1,BCC
IL_5857209,5,NV,NV,4.293339588912204e-05,0.01687580131692812,0.0021905339672230184,7.475036545656621e-05,0.09453242761082947,0.8861161768436432,5.816117379708885e-05,0.00010918183033936657,5,NV
IL_5857700,6,SCC,SCCKA,0.0003082722469116561,0.001188116701086983,0.36780952103435993,0.002354697353780466,0.0460152715240838,0.09833789510412316,0.48368226177990437,0.0003039331906009579,6,SCC
IL_5858083,1,BCC,BCC,0.03550591180101037,0.7325076162815094,0.08620370119751897,0.00019616704230429605,0.022648398036835715,0.12056685669813305,0.0021332012947823387,0.00023810619313735515,1,BCC
IL_5858516,1,BCC,BCC,0.02753819414647296,0.5105459298938513,0.0692421281710267,0.002280502987559885,0.023345465167949442,0.15022788639180362,0.21666492753865896,0.0001549866087771079,1,BCC
IL_5858663,0,AK,AKIEC,0.0005448976444313303,0.0020259069715393707,0.729055866599083,0.002398799348156899,0.0394622478634119,0.01443039532750845,0.2119786973344162,0.00010318207478121622,2,BKL
IL_5865217,1,BCC,BCC,0.004423185135237873,0.5551911145448685,0.29352568136528134,0.002361949974329036,0.03039406112384313,0.11046171598718502,0.0034018152655335143,0.00024055933613453817,1,BCC
IL_5866168,4,MEL,MEL,0.001489270944148302,0.020997045561671257,0.22006304864771664,0.01586144173052162,0.19931444758549333,0.5417709648609161,0.0003412843943806365,0.00016251674242084846,5,NV
IL_5867572,1,BCC,BCC,0.0028305883752182126,0.5979876965284348,0.3739313958212733,0.0015317266006604768,0.0024495057223248295,0.019067369168624282,0.0007577726210001856,0.0014439509104704484,1,BCC
IL_5870575,1,BCC,BCC,0.0876430831849575,0.4445841312408447,0.05914423055946827,0.048848163773072883,0.03384446389100049,0.01473917200928554,0.3076106607913971,0.0035860449916071957,1,BCC
IL_5873826,5,NV,NV,0.0007074847283092822,0.05711143802909646,0.041179506189450876,0.097204163474089,0.025182758283335716,0.2073696213774383,0.0026961999174091034,0.5685488507151604,7,VASC
IL_5874088,1,BCC,BCC,0.12342125363647938,0.48649719485547394,0.32376602821750566,0.0032706272322684526,0.006935503159184009,0.0445588092552498,0.011257134145125747,0.00029349995747907087,1,BCC
IL_5879862,4,MEL,MEL,1.0160812422554955e-06,0.00022082589012484277,0.00960751990510289,0.00016740834564643592,0.5445454530417919,0.44536366185639054,3.222639418254403e-05,6.186349344261544e-05,4,MEL
IL_5880006,6,SCC,SCCKA,0.01082062405475881,0.4700677487999201,0.29831970925442874,0.02058537026459817,0.07382627204060555,0.044955454766750336,0.08019954164046794,0.0012252784217707813,1,BCC
IL_5880830,1,BCC,BCC,0.48301645764149725,0.2426150272367522,0.01874838676303625,0.00918783454108052,0.0003182170039508492,0.00642985780723393,0.2396532529965043,3.099946479778737e-05,0,AK
IL_5882272,6,SCC,SCCKA,0.22246469743549824,0.22265299409627914,0.14569538086652756,0.003369125181052368,0.010887947108130902,0.08657094312366098,0.30664952675579116,0.001709409902105108,6,SCC
IL_5882687,1,BCC,BCC,0.0052572573913494125,0.49463817686773837,0.15943623578641564,0.0010793304536491632,0.059487135731615126,0.27874658443033695,0.0012681411753874272,8.714328578207642e-05,1,BCC
IL_5885697,2,BKL,BKL,8.477613562263286e-06,0.005763694360211957,0.029111765325069427,3.561160701792687e-05,0.0014912430197000504,0.9635645151138306,9.995735126722138e-06,1.4680384538223734e-05,5,NV
IL_5890338,1,BCC,BCC,0.028396153094945475,0.4004500138980802,0.4869449322577566,0.00016036448505474254,0.001565412967465818,0.08146523497998714,0.0006610006676055491,0.0003569173006781057,2,BKL
IL_5890474,1,BCC,BCC,0.015386036597192287,0.2578650936484337,0.25416676700115204,0.0003103937197010964,0.013679618190508336,0.44817326962947845,0.008597281062975526,0.00182151491753757,5,NV
IL_5895681,4,MEL,MEL,0.0066154893994720965,5.470937344398408e-05,0.3129731754306704,7.0754788339399965e-06,0.6498775482177734,0.030433498206548393,2.1719532924180385e-05,1.6780149280748446e-05,4,MEL
IL_5896465,6,SCC,SCCKA,0.04199587518814951,0.040325321840100514,0.47905079275369644,0.004046899790409952,0.07301346398890018,0.35324066039174795,0.007121443210053258,0.0012055090046487749,2,BKL
IL_5897108,1,BCC,BCC,0.205901850014925,0.7307606041431427,0.01908502820879221,0.0002617647514853161,0.031808649480808526,0.00904669557348825,0.003075826847634744,5.9598303778329864e-05,1,BCC
IL_5900922,5,NV,NV,4.202463102842557e-06,0.000179413069417933,0.031235679023666307,1.1066604656662093e-05,0.00027213343855692074,0.9679413437843323,4.672205250244588e-06,0.0003514120871841442,5,NV
IL_5901848,1,BCC,BCC,0.027399957238230854,0.21875928790541366,0.5406392589211464,0.0004923300875816494,0.03720803000032902,0.01828041541739367,0.15718295238912106,3.784636464843061e-05,2,BKL
IL_5903951,1,BCC,BCC,0.12586736492812634,0.30993771960493177,0.07557479292154312,0.081675524066668,0.2886531427502632,0.06326458835974336,0.04640164040029049,0.008625227259472013,1,BCC
IL_5909950,7,VASC,VASC,1.0037592537703866e-07,1.2150446735859077e-05,3.820203286153401e-06,2.6803999788604926e-06,0.001712378660840841,0.0003451355779588994,4.588782275272152e-07,0.9979232847690582,7,VASC
IL_5910352,1,BCC,BCC,0.00025343342167616356,0.17179036798006564,0.7727055847644806,0.00022407540382118896,0.0046705405111424625,0.030014448100700974,0.020253997590771178,8.751802079132176e-05,2,BKL
IL_5911154,1,BCC,BCC,0.26694187079556286,0.5640723183751106,0.08125350531190634,0.0002624344197101891,0.003102126909652725,0.03573499502817867,0.04842540962272324,0.00020737837621709332,1,BCC
IL_5914745,1,BCC,BCC,7.00781974956044e-05,0.0024302019737660885,0.44262503721984103,6.267146909522125e-05,0.015309687063563615,0.5249702967703342,0.00028117360761825694,0.014250808091219369,5,NV
IL_5915659,0,AK,AKIEC,0.0006062406828277744,0.005364129901863635,0.4945102053316077,2.359694099141052e-05,0.0002777476311166538,0.00028851131355622783,0.4989231557265157,6.473361850112269e-06,6,SCC
IL_5916541,4,MEL,MEL,7.937385930745222e-07,1.618783721824002e-05,0.0005636793321173172,2.6926025611828663e-05,0.37033245898783207,0.6290508061647415,7.330199593980069e-07,8.38130870306486e-06,5,NV
IL_5917369,1,BCC,BCC,0.04122224490629378,0.4605640321969986,0.29802005738019943,0.0003756415408133762,0.0009453713137190789,0.18206973746418953,0.01672514308938844,7.778419239912182e-05,1,BCC
IL_5917999,5,NV,NV,1.532350825073081e-05,0.004389566369354725,0.5594943761825562,0.0013627132175315637,0.032869632821530104,0.4013134390115738,0.0005164009380678181,3.853264388453681e-05,2,BKL
IL_5922300,1,BCC,BCC,0.005012564026401378,0.1275065359659493,0.4825434921804117,8.552639883419033e-06,0.0006544105999637395,0.006937578495126218,0.37733127463707206,5.668322614837962e-06,2,BKL
IL_5922871,1,BCC,BCC,0.0009948225342668593,0.8476778268814087,0.04009193740785122,0.001849283893534448,0.005813492462038994,0.07166981359478086,0.03167909162584692,0.00022370972874341533,1,BCC
IL_5924727,2,BKL,BKL,9.522029429831491e-06,8.151177121362707e-05,0.4593572688754648,3.1275431085830974e-05,0.03153539076447487,0.508962394669652,5.907373195362942e-06,1.679150612404756e-05,5,NV
IL_5926277,1,BCC,BCC,0.08781386539340019,0.5944461226463318,0.0006697492353850976,0.0002055039518609192,0.12549502652836964,0.00468723192170728,0.1862794142216444,0.00040308001916855574,1,BCC
IL_5928623,2,BKL,BKL,0.41948491614311934,0.008152803949997178,0.14733263850212097,0.00045245706860441715,0.16674413019791245,0.25687556248158216,0.0008000826346687973,0.00015738606816739775,0,AK
IL_5930295,1,BCC,BCC,0.29837620959733613,0.016663166577927768,0.47912416607141495,0.0015297226491384208,0.004674391821026802,0.13290168344974518,0.06652609817683697,0.00020451060481718741,2,BKL
IL_5930437,5,NV,NV,8.364160908058693e-05,3.190485222148709e-05,0.024756774568231776,5.11162361362949e-05,0.02240433730185032,0.9525429308414459,4.07315969823685e-05,8.859038916853024e-05,5,NV
IL_5931575,1,BCC,BCC,0.35122313351894263,0.058456072583794594,0.04095002356916666,0.004213194013573229,0.4622031068429351,0.03426733426749706,0.041991887614130974,0.006695210468024015,4,MEL
IL_5938594,1,BCC,BCC,0.0003957917433581315,0.4570588563801721,0.1307229045778513,0.0022785582459619036,0.02475281574879773,0.35208456066902727,0.0325069492100738,0.0001995152616842688,1,BCC
IL_5940346,1,BCC,BCC,0.00083499966490308,0.0072698240110185,0.009894113754853606,0.09873149928171188,0.04555304301902652,0.49583727587014437,0.3415095338427818,0.00036976340925320983,5,NV
IL_5941345,1,BCC,BCC,0.49509419898095075,0.49355242916499265,0.004800162840183475,1.6140561172051093e-05,6.48800141789252e-05,0.00025245191136491485,0.0062188269512262195,9.863028651579953e-07,0,AK
IL_5941947,4,MEL,MEL,0.001678942091530189,0.00043221438318141736,0.5942992717027664,4.2096189190488076e-05,0.19056654358882952,0.21287211403250694,5.2574402616301086e-05,5.625409477261201e-05,2,BKL
IL_5945185,4,MEL,MEL,0.004367169445686159,0.0007102530362317339,0.05734483106061816,0.00023760129261063412,0.17853204160928726,0.7448181509971619,0.012811914522899315,0.0011780157874454744,5,NV
IL_5945369,1,BCC,BCC,0.001645538432057947,0.4973058991126891,0.4717506029701326,1.788980807759799e-05,0.0004638636310119182,0.028678557107923552,0.00012327347030804958,1.4363580703502521e-05,1,BCC
IL_5945948,6,SCC,SCCKA,0.0803203759714961,0.16390567645430565,0.349983224645257,0.008920158797991462,0.059129394590854645,0.009840438142418861,0.3270353190600872,0.0008654301054775715,2,BKL
IL_5946581,1,BCC,BCC,0.04830332280835137,0.014596489374525845,0.555463895201683,0.0006605551898246631,0.00016278976545436308,0.32582100480794907,0.05477468830940779,0.00021723088443081906,2,BKL
IL_5947209,1,BCC,BCC,0.0051568894959928,0.0055311051781927745,0.06625708099454641,6.881253693791223e-05,0.010487719206139445,0.9121857583522797,0.000238314290982089,7.432830534526147e-05,5,NV
IL_5950762,6,SCC,SCCKA,0.02271778424619697,0.07311935391044244,0.536645233631134,0.0022055382214603014,0.044019403925631195,0.008796742942649871,0.3118194341659546,0.000676550353091443,2,BKL
IL_5952880,5,NV,NV,1.5893852207682357e-06,1.3671890712885215e-05,0.027812625987280626,0.00019260804322129843,0.08015649643493816,0.8918049037456512,6.377561305725976e-06,1.1724156024683907e-05,5,NV
IL_5953610,2,BKL,BKL,3.690065841510659e-05,0.00014535376249114051,0.5007766261696815,0.0001617130656086374,0.09696584695484489,0.4015725739300251,5.090495596959954e-05,0.0002900965337175876,2,BKL
IL_5954640,2,BKL,BKL,0.008472045650705695,0.0016371120552722829,0.5940708518028259,0.0006990029490054894,0.09532558934006374,0.29851237451657653,0.0009775545587444867,0.00030543935890392504,2,BKL
IL_5954989,6,SCC,SCCKA,0.09650090418290347,0.44938312470912933,0.1604510354809463,0.005760451778769493,0.04957060655578971,0.1061653709039092,0.009284327737987041,0.1228841773699969,1,BCC
IL_5959411,1,BCC,BCC,0.003292933732154779,0.4969959973823279,0.4809426168212667,0.00012436083579814294,0.0003603647910495056,0.0181446157512255,0.00010904668124567252,3.0012325623829383e-05,1,BCC
IL_5959833,1,BCC,BCC,0.0015375356888398528,0.3314852714538574,0.1339444238692522,0.0822981707751751,0.018665244919247925,0.23874975368380547,0.19245619559660554,0.0008634493278805166,1,BCC
IL_5960278,1,BCC,BCC,0.0005053281420259736,0.9905616044998169,0.003692043464980088,6.349594696075656e-05,0.0014538032992277294,0.002715730603085831,0.0009602299187463359,4.7770204218977597e-05,1,BCC
IL_5961668,5,NV,NV,0.00013007994766667252,0.003213382624380756,0.007267358712852001,0.0003910216473741457,0.037507263012230396,0.9504426121711731,0.00017531834510009503,0.0008729637920623645,5,NV
IL_5963960,1,BCC,BCC,0.4034467190504074,0.1863202229142189,0.06895939446985722,5.710585264750989e-05,0.03270965948104276,0.29796320269815624,0.010076462058350444,0.00046714072641407256,0,AK
IL_5970079,6,SCC,SCCKA,0.2117346227169037,0.00010539494738281974,0.7814204096794128,1.6667465452258057e-06,0.0008529887818440329,0.00504734018045383,0.0008370359037144226,5.571585930397305e-07,2,BKL
IL_5974480,1,BCC,BCC,0.05516772624105215,0.7530704438686371,0.13717262540012598,0.003574211019440554,0.007370585575699806,0.018687411211431026,0.02110792463645339,0.0038490904844366014,1,BCC
IL_5975500,6,SCC,SCCKA,0.05788093386217952,0.0002516044878575485,0.8963402509689331,5.1853789045708254e-05,0.0334747790984693,0.009110230021178722,0.0028642170182138216,2.612967591630877e-05,2,BKL
IL_5979205,5,NV,NV,7.265366775754956e-06,1.5564217967778404e-05,0.0003341350384289399,2.3787152031218284e-05,0.04212315706536174,0.9573485851287842,2.7302606213197578e-05,0.0001202490957439295,5,NV
IL_5979940,1,BCC,BCC,0.008511267127232713,0.9713097512722015,0.004965126119714114,0.00025499973708065227,0.0006907097035764309,0.013970606050861534,0.00027536637207958847,2.21073156581042e-05,1,BCC
IL_5982008,1,BCC,BCC,0.0036399788223206997,0.12357721955049783,0.3802047520875931,0.0004638210084522143,0.052195582538843155,0.4350526984781027,0.0015807317467988469,0.003285239727119915,5,NV
IL_5985854,1,BCC,BCC,0.08298287750221789,0.767038881778717,0.021614013705402613,0.02225892641581595,0.004697378724813461,0.06256643682718277,0.03791710361838341,0.0009244030516128987,1,BCC
IL_5987346,1,BCC,BCC,0.010268562007695436,0.4745024791918695,0.43518508702982217,0.006143304985016584,0.011289777845377102,0.04692406393587589,0.009207871276885271,0.006478828960098326,1,BCC
IL_5992819,2,BKL,BKL,0.031401327811181545,3.1554780434817076e-05,0.9526515603065491,9.3462695076596e-06,0.0004527666897047311,0.010310191661119461,0.005142795065694372,4.7376518352848507e-07,2,BKL
IL_5993994,1,BCC,BCC,0.0023459960793843493,0.8184019327163696,0.06918284425046295,5.0743644465001125e-05,0.003268119879066944,0.00313327310141176,0.10360143007710576,1.5707090824435e-05,1,BCC
IL_5996475,4,MEL,MEL,2.6622679129673088e-05,0.0005845928945404921,0.028458213233079732,5.5081281857383146e-05,0.9127964675426483,0.057947811103076674,8.001805571211662e-05,5.123506889503915e-05,4,MEL
IL_5997841,1,BCC,BCC,0.09660324745345861,0.04266549600288272,0.1479144454933703,0.008702944964170456,0.034995660855202004,0.12445628410205245,0.529043473303318,0.015618420846294612,6,SCC
IL_6003342,2,BKL,BKL,0.0130171332093596,1.565736795328121e-06,0.4760589823126793,7.13209743707921e-07,0.14855759870260954,0.36210901476442814,2.5032148528225662e-05,0.00022997212127506828,2,BKL
IL_6003876,1,BCC,BCC,0.016117711551487446,0.5878701880574226,0.11546596935659181,0.0029261064848924434,0.004519881400483428,0.22895726019396534,0.027233190834522247,0.01690971362114624,1,BCC
IL_6004102,4,MEL,MEL,1.0914864560618298e-05,1.6092592034055997e-05,0.001935982596478425,6.362567546602804e-06,0.9597586393356323,0.03823526296764612,1.540665380161954e-06,3.525074771459913e-05,4,MEL
IL_6004651,1,BCC,BCC,0.010400196653790772,0.8522868454456329,0.01853469992056489,0.005234881838987349,0.00799881421335158,0.06897490238770843,0.03638316772412509,0.0001864521600509761,1,BCC
IL_6005068,1,BCC,BCC,0.4575144676491618,0.14551742671756074,0.37587274610996246,3.8704846701875795e-05,0.0011723432835424319,0.01756537053734064,0.0023071410541888326,1.1799265621448285e-05,0,AK
IL_6007354,2,BKL,BKL,0.0003056356004300653,5.0924731290535874e-05,0.6720534563064575,0.00015973057891827125,0.053665525180349505,0.27374303341275663,1.74450410825866e-05,4.264907519202499e-06,2,BKL
IL_6007498,1,BCC,BCC,0.005960573500487953,0.49719548830762506,0.49038360855774954,5.269286521070171e-05,0.0015437797992490232,0.0046165818348526955,0.00018613765951158712,6.119593672337942e-05,1,BCC
IL_6007909,2,BKL,BKL,8.167006134929267e-06,2.388969208588776e-05,0.979712963104248,1.8137750325664115e-05,6.110249933044543e-05,0.020101002184674144,7.116134158294263e-05,3.560561925630701e-06,2,BKL
IL_6008739,1,BCC,BCC,0.04190732154529542,0.40836356207728386,0.31810716912150383,0.009407646568433847,0.01982979802414775,0.1948123574256897,0.0066417588968761265,0.0009304217819590122,1,BCC
IL_6010748,1,BCC,BCC,0.03700490575283766,0.14167270064353943,0.3630504757165909,0.17748197086621076,0.19316136464476585,0.06291764415800571,0.005296587951306719,0.019414363312534988,2,BKL
IL_6011265,1,BCC,BCC,0.0015979094750946388,0.5714324712753296,0.021452524233609438,0.00017756401939550415,0.013075759863568237,0.07935018122952897,0.31275947982794605,0.00015416320809436002,1,BCC
IL_6014318,1,BCC,BCC,0.007491513388231397,0.037624765625878354,0.47685328125953674,0.0011346777610015124,0.017886164889205247,0.45845069363713264,0.00022274845105130225,0.0003361298004165292,2,BKL
IL_6016722,1,BCC,BCC,0.00036943968996183685,0.3146076918928884,0.6464654505252838,0.0002945239514247078,0.005179146013688296,0.031797507690498605,0.0012830468622269109,3.142924185794982e-06,2,BKL
IL_6017753,2,BKL,BKL,0.000948129832977429,0.34611746261361986,0.48667147755622864,0.0015762530820211396,0.00033165239619847853,0.15304312855005264,0.011018506716936827,0.0002933652085630456,2,BKL
IL_6019192,4,MEL,MEL,1.8216013017990917e-05,1.55039988385397e-05,0.0003804032312473282,9.949970080924686e-05,0.029073465848341584,0.9702381193637848,4.911710675514769e-05,0.00012567538033181336,5,NV
IL_6019983,7,VASC,VASC,0.011527353788551409,0.041503789310809225,0.022232301242183894,0.004696838659583591,0.025401469320058823,0.32963582791853696,0.0007151486628913517,0.5642872676253319,7,VASC
IL_6021116,1,BCC,BCC,0.4368089673225768,0.30243948101997375,0.052140699699521065,0.03010562558483798,0.008724790066480637,0.02723180002067238,0.14235679153352976,0.0001918188099807594,0,AK
IL_6021149,1,BCC,BCC,0.0011281977931503206,0.0026517960941419005,0.041978169116191566,0.001424187794327736,0.4904349148273468,0.40214842185378075,0.002526572730857879,0.05770767666399479,4,MEL
IL_6022474,2,BKL,BKL,4.372782996142632e-06,4.981127403880237e-06,0.9966410994529724,3.4148064287364832e-06,0.0004345667839515954,0.0028998806956224144,3.822789494734025e-06,7.81469930188905e-06,2,BKL
IL_6024093,1,BCC,BCC,0.0003563758455129573,0.883347362279892,0.002953797171358019,0.007865395047701895,0.008555401087505743,0.05933507811278105,0.0005408856959547848,0.03704568091779947,1,BCC
IL_6029935,6,SCC,SCCKA,0.03873529424890876,0.3633852244820446,0.056484445463865995,0.0025294928054790944,0.362872769968817,0.0772561416742974,0.09850137960165739,0.00023518974921898916,1,BCC
IL_6031338,1,BCC,BCC,0.020608315244317055,0.594868391752243,0.02480011200532317,0.2241731844842434,0.0307693297509104,0.019572403747588396,0.0766705246642232,0.00853775895666331,1,BCC
IL_6032106,1,BCC,BCC,0.0037597198970615864,0.9877784848213196,0.002121564175467938,0.00010770593871711753,4.7255890422093216e-05,0.004647773806937039,0.0007709208148298785,0.0007665381199331023,1,BCC
IL_6033161,1,BCC,BCC,0.0008472166969113459,0.04020373150706291,0.0006685044136247598,0.515465784817934,0.022085096112277824,0.0017471416795160621,0.41883749462795095,0.0001450172312615905,3,DF
IL_6033617,0,AK,AKIEC,0.0009164283640075155,0.0011291364644421265,0.7995881736278534,6.0253605909110775e-05,0.0007221169589683996,0.022890800959430635,0.1745442170649767,0.0001488908269973166,2,BKL
IL_6035276,1,BCC,BCC,0.06607690907549113,0.8458831310272217,0.03899352427106351,0.0002186575766245369,0.008980431579402648,0.02598198875784874,0.013727376994211227,0.00013797363862977363,1,BCC
IL_6035719,1,BCC,BCC,0.17369665642036125,0.46508316695690155,0.09922798536717892,0.07944587137899362,0.008195139933377504,0.03685942338779569,0.13708578050136566,0.00040594553865958005,1,BCC
IL_6037073,1,BCC,BCC,0.20270035043358803,0.20182165317237377,0.22413603402674198,0.012930053984746337,0.03211057308362797,0.06079727364704013,0.26149432733654976,0.004009746480733156,6,SCC
IL_6037224,1,BCC,BCC,0.010167063912376761,0.11360925622284412,0.11507835797965527,0.04929741472005844,0.04189822031185031,0.2854259145387914,0.36657492798985913,0.017948826498468406,6,SCC
IL_6040163,2,BKL,BKL,0.0192194432602264,0.13864272009959677,0.5119123794138432,0.0013728218764299527,0.0012403447763063014,0.32384782552253455,0.0036006787995574996,0.0001637638617921766,2,BKL
IL_6040962,0,AK,AKIEC,0.31678981021364816,0.07783377128652802,0.007631108921486884,3.7148395046537885e-05,0.05859796645165716,0.018779334246403323,0.5201922096312046,0.00013860690911959503,6,SCC
IL_6049551,1,BCC,BCC,0.03812278479745146,0.5953370854258537,0.05635258927941322,0.07346721029716718,0.0027610267279669642,0.20273961033672094,0.027174538665349246,0.004045148400223297,1,BCC
IL_6050524,1,BCC,BCC,0.00505668533151038,0.5011223868932575,0.0919136781594716,0.0174383888788725,0.0969571067794277,0.24633553717285395,0.04114905773894861,2.7145709964315756e-05,1,BCC
IL_6052093,4,MEL,MEL,0.00216947088483721,0.002048125897999853,0.021870519034564495,0.013891679467633367,0.1781560331583023,0.749645859003067,0.031060293316841125,0.0011580451537156478,5,NV
IL_6052166,6,SCC,SCCKA,0.5024695647880435,0.0017959629622055218,0.0647771437143092,1.6353742370467383e-05,0.006915847894489957,0.42398023344497204,5.488804220021848e-06,3.937873556322802e-05,0,AK
IL_6052286,2,BKL,BKL,0.0002611709251141292,0.006275430350797251,0.5425259619951248,0.0016724436427466571,0.22531739622354507,0.15828055143356323,0.0006982702579989564,0.06496878336838563,2,BKL
IL_6055895,1,BCC,BCC,0.049617543460044544,0.5064085465855896,0.018990380995091982,0.019201029960498772,0.008852017846948002,0.008951337193138897,0.38792786878275365,5.126385565290548e-05,1,BCC
IL_6060589,1,BCC,BCC,0.29949101991951466,0.32138241082429886,0.07237419705779757,0.0019577297294119944,0.07693232184828958,0.1853288735728711,0.042271953556337394,0.00026150249703427164,1,BCC
IL_6064590,1,BCC,BCC,0.0025522163487039506,0.49961169285234064,0.03688725836764206,0.0002221310027330503,0.014876148984512838,0.445613488991512,5.883229709979787e-05,0.00017817287707089235,1,BCC
IL_6066269,2,BKL,BKL,0.3524167388677597,0.002267291027237661,0.3586226999759674,0.0016788048669695854,0.13003293424844742,0.013828362338244915,0.14005892723798752,0.0010942274711851496,2,BKL
IL_6066960,6,SCC,SCCKA,0.0763573928270489,1.9647584622362047e-05,0.0005475110228871927,1.0617978375648818e-05,0.005338396647175614,0.41809411742616476,0.4996279506594874,4.309506623556558e-06,6,SCC
IL_6069436,0,AK,AKIEC,0.07615364981757011,0.009069146239198744,0.010648530442267656,0.053065525367856026,0.09747505933046341,0.7066946029663086,0.044685556582408026,0.002207987621659413,5,NV
IL_6071484,6,SCC,SCCKA,0.01025831116567133,0.35228783044658485,0.496279229875654,0.003464113746304065,0.011233850847929716,0.005555961863137782,0.08780976251000538,0.033110924312495627,2,BKL
IL_6077697,2,BKL,BKL,0.0062820701859891415,0.4856477119028568,0.48028355836868286,0.001043023745296523,0.0014258935407269746,0.02026719879359007,0.0008245676872320473,0.00422600976889953,1,BCC
IL_6079301,2,BKL,BKL,0.0007486987233278342,3.08668231809861e-05,0.9687328040599823,8.221906273320201e-05,0.0017467265715822577,0.028597074131539557,5.481819925989839e-05,6.801367987918638e-06,2,BKL
IL_6083019,2,BKL,BKL,6.497836420749081e-05,1.3869399026589235e-05,0.8466549217700958,0.0010640929394867271,0.0013089004569337703,0.15078596165403724,9.05681490621646e-05,1.6723430235288106e-05,2,BKL
IL_6084143,5,NV,NV,0.0001303679346165154,0.0004346664427430369,0.06333141587674618,0.0012277498317416757,0.3071478586643934,0.6268581598997116,9.290232264902443e-05,0.000776851928094402,5,NV
IL_6084278,4,MEL,MEL,5.60434018552769e-05,6.169909454456501e-05,0.05908036668552086,0.00012004395648546051,0.510007718577981,0.4303178284317255,8.114447791740531e-05,0.0002751605861703865,4,MEL
IL_6093082,1,BCC,BCC,0.08821032079868019,0.2804756127297878,0.4708008812740445,0.0022252644412219524,0.012094973353669047,0.1434636388439685,0.0020826446125283837,0.0006467186249210499,2,BKL
IL_6097327,6,SCC,SCCKA,0.008581205125665292,0.00047315868505393155,0.14432105257446892,0.008884726495580253,0.009600179470169223,0.0006272708323109555,0.8274986147880554,1.3760351791347603e-05,6,SCC
IL_6106772,5,NV,NV,0.0009629821215639822,0.0017214838258610143,0.8047193288803101,0.0005165542813472257,0.06732152728363872,0.12009747698903084,0.001047106270675613,0.003613485424011742,2,BKL
IL_6106939,5,NV,NV,4.247704566751054e-06,0.005592492154391948,0.000698852220466506,6.785247569496278e-05,0.15390942804515362,0.8391146063804626,1.2507921383075882e-05,0.0006000122521072626,5,NV
IL_6107862,1,BCC,BCC,0.0015189595869742334,0.4859567326493561,0.38567982497625053,0.018216325668618083,0.004853232734603807,0.09826848143711686,0.0054529492917936295,5.3446336096385494e-05,1,BCC
IL_6110349,1,BCC,BCC,0.0009630734421079978,0.4806625470519066,0.019718608644325286,0.3136560246348381,0.019009847193956375,0.14765171412727796,0.002190840634284541,0.016147344453202095,1,BCC
IL_6113276,1,BCC,BCC,0.15299037750810385,0.20597843267023563,0.33089449256658554,0.002374222945945803,0.006917864084243774,0.26398251578211784,0.023513416526839137,0.013348721549846232,2,BKL
IL_6113513,5,NV,NV,8.349991276190849e-07,3.594555198560556e-05,9.13864241738338e-05,6.947189103811979e-05,0.006481828739197226,0.9932921528816223,8.501654633619182e-07,2.74541544058593e-05,5,NV
IL_6114071,5,NV,NV,0.005297907744534314,0.5206466503441334,0.1730768388515571,0.0021424700709076205,0.11777469729076984,0.17913743550889194,0.0010641553744790144,0.0008597918030091023,1,BCC
IL_6116581,2,BKL,BKL,2.2581037001145887e-05,0.0006139954614354792,0.5332915969192982,0.0012231787445031728,0.00407188420467719,0.45811693955329247,2.7013884078996853e-05,0.002632784497791363,2,BKL
IL_6117786,4,MEL,MEL,7.034895592283874e-06,0.00011508948909977335,0.35166026279330254,5.394706136030436e-06,0.1692095324397087,0.4789822269231081,1.5224032267724397e-05,5.2698743502332945e-06,5,NV
IL_6118153,5,NV,NV,0.0002854978122286411,0.00028408639195731666,0.015250995755195618,2.478877149769687e-05,0.07074758969247341,0.9133128523826599,3.0877688914188184e-05,6.333850615192205e-05,5,NV
IL_6119017,5,NV,NV,1.416778189877732e-05,1.1020781357728993e-05,0.01441930717555806,4.449088464753004e-05,0.0263000326231122,0.959074467420578,4.466530754143605e-06,0.0001320694718742743,5,NV
IL_6119395,1,BCC,BCC,0.0033299164256277436,0.8636285364627838,0.03568911824595489,0.000922755625285987,0.0003162456125380686,0.0951702892780304,0.0006680392747853148,0.00027515616632101114,1,BCC
IL_6122240,4,MEL,MEL,0.18216622222007572,6.024820322636515e-05,0.23302703350782394,1.5995882904462633e-05,0.176151679828763,0.4017572763841599,0.006810409005112206,1.111355834382266e-05,5,NV
IL_6122367,1,BCC,BCC,0.048443983047036454,0.4233427932485938,0.44441254436969757,0.0020010431253467686,0.034618139441590756,0.03980989917181432,0.0007348522776737809,0.006636677891947329,2,BKL
IL_6122545,1,BCC,BCC,0.003164338363603747,0.6581970751285553,0.2943343296647072,7.81435792305274e-05,0.0005588688509305939,0.03857478592544794,0.004915062745567411,0.00017739125951266033,1,BCC
IL_6124707,1,BCC,BCC,0.025084107997827232,0.0023343319189734757,0.6627722084522247,0.02478058883571066,0.002539166482165456,0.05900492472574115,0.2234472284617368,3.739149724424351e-05,2,BKL
IL_6128899,1,BCC,BCC,0.32218991592526436,0.4731693953508511,0.09608259695232846,0.00010132216223723844,0.00017994665427067957,0.05927340092603117,0.04766028376093345,0.0013431969440063085,1,BCC
IL_6130939,1,BCC,BCC,0.013366382452659309,0.30274040647782385,0.040940888691693544,0.00907147116959095,0.35095581063069403,0.17357774823904037,0.10754575044848025,0.001801507649361156,4,MEL
IL_6135781,1,BCC,BCC,0.015706527774455026,0.27496037357195746,0.6277208775281906,0.00015919555153232068,0.051107787527143955,0.02128666965290904,0.007616075141413603,0.0014424666023842292,2,BKL
IL_6138895,1,BCC,BCC,0.0027227733662584797,0.5227638892829418,0.0411032676929608,0.0019409535871091066,0.007002048543654382,0.42205670883413404,0.0021290595177561045,0.00028130852115282323,1,BCC
IL_6140435,5,NV,NV,0.0019086511128989514,0.0015873829543124884,0.09851562340747932,0.23922160808291704,0.09734363118288059,0.06037358179599295,0.5001187917514471,0.0009307719216358271,6,SCC
IL_6140490,2,BKL,BKL,4.0580288285241295e-07,1.3123215645838293e-06,0.9541035592556,1.5284892111999682e-06,0.00037202131579761044,0.04552001255797222,9.552517388211612e-07,1.3697487843966627e-07,2,BKL
IL_6140598,4,MEL,MEL,1.5257650147759705e-06,1.8556588656792883e-05,0.39622699673714123,0.0003019880023202859,0.4814524739049375,0.12196460366249084,2.1068287878733827e-05,1.2765084647980984e-05,4,MEL
IL_6144791,1,BCC,BCC,0.0019655399955809116,0.4257559981197119,0.018043833784759045,0.03982198977610096,0.016766862012445927,0.05424247682094574,0.43934009969234467,0.004063185420818627,6,SCC
IL_6145906,1,BCC,BCC,0.003977884116466157,0.7781135439872742,0.030583086423575878,0.04739135503768921,0.05181507847737521,0.04071926884353161,0.046055088518187404,0.001344658692687517,1,BCC
IL_6152356,0,AK,AKIEC,0.03134649813364376,0.4608403146266937,0.18749218806624413,0.0014053892809897661,0.0013013948846491985,0.13750436040572822,0.1800278953742236,8.196663804937998e-05,1,BCC
IL_6155109,1,BCC,BCC,0.021851767087355256,0.4094255305826664,0.3345441874116659,0.0063964571309043095,0.004775176792463753,0.16281580924987793,0.059296466497471556,0.0008946588495746255,1,BCC
IL_6156024,1,BCC,BCC,0.10901984944939613,0.8137017786502838,0.01779178949072957,7.33820106688654e-05,0.0019675104340421967,0.05692817643284798,0.00048400046944152564,3.350802217028104e-05,1,BCC
IL_6156028,0,AK,AKIEC,0.0002524529536458431,0.11632442906920915,0.014407295268028975,0.0006381610653534153,0.0008603251294516667,0.36755222038846114,0.4999127963965293,5.2287561150166084e-05,6,SCC
IL_6156218,4,MEL,MEL,0.006148130720248446,0.0064734982535412655,0.4756797316149459,7.622508246640791e-05,0.4988983312214259,0.012361724395304918,0.00030000425249454565,6.243453083243367e-05,4,MEL
IL_6157145,2,BKL,BKL,1.6889985445800448e-06,1.962690232559794e-08,0.9964030385017395,7.347839243720955e-07,0.0004110206173209008,0.003182355547323823,9.347549481120154e-07,1.6268064917390745e-07,2,BKL
IL_6157521,2,BKL,BKL,0.0011312192073091865,0.0001273616580874659,0.15199834294617176,0.0006851463185739703,0.14415346272289753,0.2439626766135916,0.45732865028548986,0.0006131884179012559,6,SCC
IL_6157998,1,BCC,BCC,0.018125728904124117,0.5275175999850035,0.24272128485790745,0.013962542647277587,0.06650462336619967,0.120434448501328,0.007566238930849067,0.0031675605296186404,1,BCC
IL_6161419,1,BCC,BCC,0.01620065374299884,0.3707827397156507,0.21628278493881226,0.0007120322243281407,0.010633663448970765,0.3690516483038664,0.008227895331401669,0.008108598914532195,1,BCC
IL_6163368,2,BKL,BKL,7.12171374175341e-05,6.980757476071631e-06,0.9725144803524017,0.0002518313205728262,0.0002524436386011075,0.026892442525422666,7.450302078382265e-06,3.1432201446079944e-06,2,BKL
IL_6166867,6,SCC,SCCKA,5.2379673849412e-06,0.0005052138550780683,0.0019750343500355427,0.4200744380745789,0.004899937855006975,0.0018730674447744455,0.5706634223461151,3.653346714712659e-06,6,SCC
IL_6169727,6,SCC,SCCKA,0.0028150061843916774,0.47160065919160843,0.009032952832058072,0.0006522111798403785,8.33567437439342e-05,0.056926798075437546,0.4580677870690124,0.0008212188628533568,1,BCC
IL_6169733,1,BCC,BCC,0.019599517341703176,0.4534583231434226,0.24517755210399628,0.08031892527651507,0.006718176155118272,0.14364050328731537,0.05052486609201878,0.0005620836600428447,1,BCC
IL_6169734,6,SCC,SCCKA,0.4938681125640869,0.2471860572695732,0.00844643556047231,0.0012078499130439013,0.004970928028342314,0.24092687852680683,0.003328458231408149,6.531098233608645e-05,0,AK
IL_6170194,1,BCC,BCC,0.0003290554668637924,0.04064983781427145,0.5995678305625916,0.0001503286293882411,0.008290630707051605,0.3501637219451368,0.0008215479465434328,2.697505851756432e-05,2,BKL
IL_6172184,0,AK,AKIEC,0.2090056575834751,0.011469995399238542,0.5839849710464478,0.00016323629097314551,0.15400806441903114,0.011771864723414183,0.02939319214783609,0.00020300960750319064,2,BKL
IL_6176161,1,BCC,BCC,0.4759285938926041,0.002394582005308621,0.5160634778439999,7.916286108411441e-06,0.0005607328203041106,0.005019459887989797,2.0102471125937882e-05,5.155018527602806e-06,2,BKL
IL_6178941,5,NV,NV,7.372282198048197e-06,0.0011776639803429134,0.07171575428219512,4.34942294305074e-05,0.02769383881241083,0.8991225957870483,1.8075841580866836e-05,0.00022114421608421253,5,NV
IL_6179190,1,BCC,BCC,0.3122203629463911,0.005715508013963699,0.5792756006121635,0.0002989227978105191,0.012544096854981035,0.0683254930190742,0.02156316488981247,5.682351911673322e-05,2,BKL
IL_6181794,1,BCC,BCC,0.10196410887874663,0.3647787964728195,0.5011282740160823,0.005138335173796804,0.0008736169402254745,0.012094478122889996,0.009773722419595288,0.004248683821060695,2,BKL
IL_6182849,1,BCC,BCC,0.0022587936255149543,0.4933289466134738,0.46095680771395564,3.926781027985271e-05,0.00016025057948354515,0.04301080130971968,0.00021217078392510302,3.287996878498234e-05,1,BCC
IL_6185483,1,BCC,BCC,0.6278318464756012,0.30130367702804506,0.06703208293765783,1.1464430755836474e-05,0.0020428537427505944,0.0014661333989351988,0.0003060522376472363,5.866304007895451e-06,0,AK
IL_6186086,1,BCC,BCC,0.08390832133591175,0.24454415938816965,0.5830020755529404,0.00023293084814213216,0.005520204780623317,0.08137485384941101,0.0003057137619180139,0.0011117483009002171,2,BKL
IL_6188972,1,BCC,BCC,0.002863796427845955,0.4862109227105975,0.4794260587077588,0.0008708188615855761,0.001748236594721675,0.023045683279633522,0.004517492634477094,0.001317006073804805,1,BCC
IL_6190273,4,MEL,MEL,8.661544841359614e-07,9.8011997624603e-06,0.08217127418016901,1.812343341911493e-05,0.501033624401316,0.41676388212363236,9.719238347472015e-07,1.4367579836971345e-06,4,MEL
IL_6192656,1,BCC,BCC,4.292019139029435e-05,0.4928626067121513,0.42644147807732224,0.0010013799437729176,0.011169741890626028,0.06814837688580155,3.680801319205784e-05,0.00029674023971892893,1,BCC
IL_6192920,1,BCC,BCC,5.4452639233204536e-05,0.5033376878127456,0.0014348123222589493,7.041701428533997e-05,0.12343936311663128,0.36618153349263594,0.005453971367387567,2.779612987069413e-05,1,BCC
IL_6193516,1,BCC,BCC,0.0015459526621270925,0.3267124253034126,0.6540386527776718,9.698416226910922e-05,0.002058359910733998,0.015443739714100957,8.186007471522316e-05,2.2129494027467445e-05,2,BKL
IL_6193857,0,AK,AKIEC,0.008776965434662998,0.013216616120189428,0.42985128820873797,0.0015271631673385855,0.02944134722929448,0.01027809753031761,0.5063335075974464,0.0005749988049501553,6,SCC
IL_6194887,1,BCC,BCC,0.01578098302707076,0.026703033596277237,0.31780870724469423,0.0019222397240810096,0.16040829627308995,0.007400926435366273,0.4679627842269838,0.0020130318589508533,6,SCC
IL_6195057,1,BCC,BCC,0.00029796332819387317,0.34698253124952316,0.37204480171203613,0.007730318349786103,0.047064825892448425,0.22154026478528976,0.004187370534054935,0.00015194579100352712,2,BKL
IL_6197231,1,BCC,BCC,0.03931354405358434,0.14605328254401684,0.5913562029600143,0.0015330119640566409,0.025090978480875492,0.055358137004077435,0.14003927493467927,0.001255616603884846,2,BKL
IL_6201256,1,BCC,BCC,0.002407425141427666,0.03585425892379135,0.3023962825536728,0.004955720156431198,0.0017014082404784858,0.19221278615441406,0.4597768670646474,0.0006952103806270316,6,SCC
IL_6204310,0,AK,AKIEC,0.12422573647927493,9.493507059232797e-05,0.5695493444800377,0.00017218922482697963,0.19077996458509006,0.04121815098915249,0.07390449849117431,5.5111358392423426e-05,2,BKL
IL_6213256,2,BKL,BKL,0.008480544696794823,0.10749785845564475,0.5779812783002853,0.015194348176009953,0.040811272483551875,0.23207478085532784,0.01711051259189844,0.0008493762402395078,2,BKL
IL_6215945,1,BCC,BCC,0.023508280122769065,0.531399130821228,0.0022131869773147628,0.00044185277528185907,0.011018929337296868,0.001663893952354556,0.4297008878638735,5.385843792282685e-05,1,BCC
IL_6216018,1,BCC,BCC,0.0040083302883431315,0.24273706693202257,0.04058663174510002,0.06610696885036305,0.3636799454689026,0.1376981995999813,0.006147434236481786,0.139035414904356,4,MEL
IL_6217582,6,SCC,SCCKA,0.03751209611073136,0.12144349468871951,0.08852482680231333,5.786536530649755e-05,0.03801372670568526,0.3800523832614999,0.3335809402015002,0.000814693994470872,5,NV
IL_6219839,1,BCC,BCC,0.015254648053087294,0.7278229594230652,0.045587243512272835,0.005185517186788502,0.008278480410808697,0.19338115490972996,0.003065224678721279,0.0014248057245822565,1,BCC
IL_6220664,4,MEL,MEL,7.996320846359595e-06,1.585330494435766e-06,0.4891947906509131,1.184758457384305e-05,0.48308800254017115,0.02767188986763358,3.5931496995544876e-06,2.0325784134911373e-05,2,BKL
IL_6222346,2,BKL,BKL,0.23193449899554253,0.0028322025027591735,0.6263117641210556,0.0004992346730432473,0.024280301295220852,0.11260993697214872,0.000764924810937373,0.0007670776255963574,2,BKL
IL_6226671,1,BCC,BCC,0.0724815585417673,0.08387065218994394,0.5128032863140106,0.006477627393906005,0.21369557082653046,0.054575332906097174,0.05191076859773602,0.0041852049907902256,2,BKL
IL_6226782,1,BCC,BCC,0.00025841091701295227,0.47817723242769716,0.4364988161250949,0.001645359065150842,0.028028986300341785,0.0370631308760494,0.0183160559827229,1.1930721257158439e-05,1,BCC
IL_6228849,1,BCC,BCC,0.013439704198390245,0.471535824239254,0.08152206987142563,0.20281352195888758,0.020729069132357836,0.03228955902159214,0.05839938670396805,0.119270893803332,1,BCC
IL_6230080,7,VASC,VASC,2.2060128185008576e-06,4.6398946235370886e-05,2.8933650145640533e-06,0.000586801642588064,0.001672922010627076,0.00031216003822720495,5.504885788572625e-08,0.9973765015602112,7,VASC
IL_6234937,1,BCC,BCC,0.01742011564783752,0.0011483301786938682,0.1611588920932263,0.0007043319656077074,0.20708516985177994,0.18931008293293417,0.4229771113023162,0.0001959365763468668,6,SCC
IL_6236280,2,BKL,BKL,0.0035403278548926664,4.667241637434927e-05,0.21182156912982464,5.792478577859583e-05,0.299974643625319,0.48434798046946526,5.765681771663367e-05,0.0001532267178845359,5,NV
IL_6238861,2,BKL,BKL,1.3403665434452705e-05,0.0005993277882225811,0.9963854551315308,1.621580452138005e-06,1.683440177657758e-05,0.002979940123623237,2.0653664023484453e-06,1.3334266384390503e-06,2,BKL
IL_6242264,2,BKL,BKL,0.0021506698976736516,0.13193570502335206,0.4596565365791321,7.011987690930255e-05,0.016121064545586705,0.0615330645814538,0.32833429239690304,0.00019853702178806998,2,BKL
IL_6242822,1,BCC,BCC,0.0014836806803941727,0.18904307624325156,0.3013757123844698,0.011401940864743665,0.004147449973970652,0.1462049037218094,0.3458391837775707,0.0005040621508669574,6,SCC
IL_6244969,1,BCC,BCC,0.018890418228693306,0.3661250640434446,0.03453029809358554,0.00021730297781541452,0.007582055171951652,0.5042328890413046,0.06776988612740042,0.0006521340486349558,5,NV
IL_6246530,1,BCC,BCC,0.18325980762165273,0.658377543091774,0.1529253631233587,0.00015898161655059084,0.0006220724189915927,0.0035436888865660876,0.0010845625374713563,2.803347081226093e-05,1,BCC
IL_6246713,1,BCC,BCC,0.03384286249638535,0.5070631466805935,0.4227813569596037,0.002460848802002147,0.0019319014027132653,0.027650640113279223,0.004067306486831512,0.00020193854288663715,1,BCC
IL_6247210,2,BKL,BKL,0.000287071852653753,0.0027761894307332113,0.986790657043457,6.47718849222656e-06,0.0005560459421758424,0.002678251243196428,0.006903592053276952,1.7341598947950843e-06,2,BKL
IL_6248025,2,BKL,BKL,0.0004684069661458068,1.0833863054671156e-05,0.9932368695735931,3.9568263048295194e-05,0.00019192581385141239,0.006037369690602645,6.211928113231124e-06,8.838666174071363e-06,2,BKL
IL_6249500,1,BCC,BCC,0.008995550335384905,0.4277120307087898,0.3705583466216922,0.006457063311245292,0.004491612780839205,0.10956699214875698,0.07198085659183562,0.00023757822054903954,1,BCC
IL_6256539,4,MEL,MEL,0.09762294148094952,0.083147806712077,0.4439743310213089,0.000167334103025496,0.32880016998387873,0.022011923603713512,0.024245481079560705,2.999674461534596e-05,2,BKL
IL_6258270,1,BCC,BCC,0.4633718952536583,0.07936712680384517,0.009173972764983773,9.928727013175376e-05,0.4260742012411356,0.012144816922955215,0.008957086247391999,0.0008116428216453642,0,AK
IL_6259017,1,BCC,BCC,0.06507317427895032,0.4033020081697032,0.4835025295615196,0.0005076014276710339,0.015066923515405506,0.03150412466493435,0.0009339357784483582,0.0001097457789001055,2,BKL
IL_6259285,2,BKL,BKL,0.0011596147087402642,0.0054521472038686625,0.5268953070044518,0.00014656977509730496,0.0021974986520945095,0.005298410542309284,0.4588364250957966,1.4024771417098236e-05,2,BKL
IL_6261131,1,BCC,BCC,0.0174879205878824,0.4936446715146303,0.40054832604073454,0.002777626854197024,0.009705965174362063,0.0016285412966681179,0.07375865709036589,0.00044832314597442746,1,BCC
IL_6267051,4,MEL,MEL,0.0020991890014556702,0.002737937102210708,0.007059533498249948,0.0003968329037888907,0.5401614531874657,0.44716383144259453,9.65557746894774e-05,0.00028463210037443787,4,MEL
IL_6267520,1,BCC,BCC,0.00742869998794049,0.8329176902770996,0.03926644241437316,0.0011966719175688922,0.013314806841663085,0.10342715820297599,0.001137232466135174,0.001311313288169913,1,BCC
IL_6281110,1,BCC,BCC,0.027501091361045837,0.5256110411137342,0.10219037550268695,0.0009102410695049912,0.08041447181312833,0.25345802737865597,0.00040271061152452603,0.009512015720247291,1,BCC
IL_6289320,6,SCC,SCCKA,0.007180487911682576,0.06482198089361191,0.7365207672119141,0.02336618583649397,0.01705313427373767,0.08936279825866222,0.05088992728269659,0.01080469973385334,2,BKL
IL_6291533,4,MEL,MEL,4.67780273822882e-05,6.857308108010329e-06,0.03181798197329044,2.7139604981130105e-06,0.5855372026562691,0.3825519662350416,1.548618925539813e-05,2.0981196939828806e-05,4,MEL
IL_6292784,4,MEL,MEL,0.0022957163473620312,0.012247441615954813,0.23464602969397674,0.005508703633893219,0.5666440054774284,0.10657184943556786,0.0701379622839795,0.0019482998882267566,4,MEL
IL_6294894,5,NV,NV,0.0005290748604238615,0.003926055913325399,0.031956617487594485,0.0004453830770216882,0.24598118849098682,0.7144742906093597,0.0018859664060073555,0.0008014410122996196,5,NV
IL_6295133,1,BCC,BCC,0.31034571258351207,0.1866951510310173,0.4081544578075409,0.0006401339778676629,0.0002741901625995524,0.04925031494349241,0.044343395391479135,0.0002966307038150262,2,BKL
IL_6296094,1,BCC,BCC,0.015534839767497033,0.5935329347848892,0.3525329061085358,0.028530148271613598,0.0014434331096708775,0.007551933405920863,0.0001851498560085929,0.0006886543639836873,1,BCC
IL_6296169,1,BCC,BCC,0.022317858412861824,0.44680996239185333,0.009710696991533041,0.009269570218748413,0.004591889621224254,0.0018166655208915472,0.504661038517952,0.0008222767501138151,6,SCC
IL_6296418,1,BCC,BCC,0.0008063080449574045,0.554327167570591,0.27524472773075104,0.0003983111931233907,0.09364135827308928,0.07470547349657863,0.0008495498623233289,2.7156821126084196e-05,1,BCC
IL_6297949,1,BCC,BCC,0.0006257249478949234,0.4951332604759955,0.4821750015253201,7.270096830325201e-05,9.542975385556929e-05,0.021127520594745874,0.0007467448886018246,2.3596557184646372e-05,1,BCC
IL_6305050,5,NV,NV,2.0781123453161854e-06,1.0204568525296054e-05,0.00022823207791589084,2.4282272043762987e-05,0.004664927371777594,0.995032399892807,6.209615222019238e-06,3.163589281029999e-05,5,NV
IL_6305058,1,BCC,BCC,4.546825402940158e-05,0.05959149822592735,0.7815391421318054,0.0004899062696495093,0.05276917590526864,0.10325224790722132,0.002204772550612688,0.00010773107351269573,2,BKL
IL_6309287,6,SCC,SCCKA,0.008512281892762985,0.5022986065596342,0.37947883787273895,0.003010058073982691,0.04624166703820265,0.00945375000446802,0.05090288553037681,0.00010193159732807544,1,BCC
IL_6312723,1,BCC,BCC,0.027524184610228986,0.004728595435153693,0.9066185653209686,0.00045758168562315404,0.003334213455673307,0.03467528033070266,0.02260568441124633,5.585849612543825e-05,2,BKL
IL_6312892,1,BCC,BCC,9.725941072247224e-05,0.5025643892586231,0.4469479685649276,6.164047590573318e-06,0.006048970401025144,0.03521128906868398,0.00911492749946774,9.047324738276075e-06,1,BCC
IL_6313730,1,BCC,BCC,0.07651255838572979,0.34268879145383835,0.12466361932456493,0.17617610469460487,0.01644356269389391,0.0501133669167757,0.09903279691934586,0.11436915677040815,1,BCC
IL_6314670,5,NV,NV,2.481346962213138e-05,3.3070619338104734e-05,0.0035668640048243105,0.00036575457056642335,0.5214859694242477,0.4738398641347885,0.00014549894707727162,0.0005381478349590907,4,MEL
IL_6316014,5,NV,NV,4.930540399072925e-06,0.0005439515080070123,0.003667253695311956,6.736376644767006e-05,0.01818798611930106,0.9774247407913208,1.8695788526201795e-05,8.501669981342275e-05,5,NV
IL_6316913,1,BCC,BCC,0.004728211322799325,0.45789891481399536,0.006374915363267064,0.19254940003156662,0.061557091928989394,0.12680460512638092,0.03635857068002224,0.11372836109512718,1,BCC
IL_6317075,1,BCC,BCC,0.00013638237032864708,0.5012955404818058,0.003525750245898962,0.0029595306841656566,0.04090535081923008,0.4483477717731148,0.0027596878608164843,6.997747732384596e-05,1,BCC
IL_6322114,1,BCC,BCC,0.022044993937015533,0.5737518593668938,0.38055629003793,0.0007397486160698463,0.00021226776698313188,0.010375199373811483,0.012284261640161276,3.533048220560886e-05,1,BCC
IL_6322271,5,NV,NV,0.00948901305673644,0.00046108678907330614,0.4404727518558502,0.00034057298762490973,0.17667149379849434,0.36893023550510406,0.0003281027966295369,0.003306744823930785,2,BKL
IL_6332213,1,BCC,BCC,0.0682528920006007,0.5631846711039543,0.1418113358085975,0.026213082135654986,0.038127890322357416,0.06023234594613314,0.022738737054169178,0.07943906563014025,1,BCC
IL_6335975,1,BCC,BCC,0.49246461439179257,0.4878843466285616,0.0018458347767591476,9.43913016726583e-06,0.00021946545894024894,0.0032820568594615906,0.014291417344793444,2.790321843804122e-06,0,AK
IL_6336481,6,SCC,SCCKA,0.42183493822813034,0.05223550461232662,0.04280543653294444,0.0009746223686306621,0.021738299634307623,0.0809782842407003,0.3792166618623014,0.00021623152497340925,0,AK
IL_6336605,0,AK,AKIEC,0.0031532900720776524,0.00048126494948519394,0.15428016148507595,0.0036417694063857198,0.11239420249330578,0.6781469881534576,0.046870529502484715,0.0010317878077330533,5,NV
IL_6337790,2,BKL,BKL,5.107625753453249e-07,0.000711927836388071,0.7007006853818893,4.4620246848925404e-05,0.011007202726091236,0.2875300194209558,3.878302143434098e-06,1.0732435651306105e-06,2,BKL
IL_6338408,1,BCC,BCC,0.5262663066387177,0.46247354662045836,0.00477044319268316,3.273231504863361e-05,0.0005185513637115946,0.004948875401169062,0.0009850420829025097,4.538213261184865e-06,0,AK
IL_6342379,1,BCC,BCC,0.02278268150985241,0.36800172898801975,0.32979657500982285,0.05903739627683535,0.07499437220394611,0.1189393987879157,0.025429250672459602,0.001018566923448816,1,BCC
IL_6344914,5,NV,NV,8.845482625474688e-06,0.00020173219928665276,0.025793223176151514,5.9346288821870985e-05,0.029991162184160203,0.9438616931438446,9.30207175997566e-06,7.469077172572725e-05,5,NV
IL_6346184,1,BCC,BCC,0.008249872829765081,0.5459392964839935,0.12328290194272995,0.06907583074644208,0.04515623673796654,0.14757969602942467,0.058379878755658865,0.002336300975002814,1,BCC
IL_6346442,1,BCC,BCC,0.04384905952611007,0.8592694997787476,0.04375916416756809,0.0017716780776027008,0.018801530764903873,0.01866923039779067,0.013656033799634315,0.00022379509937309194,1,BCC
IL_6347465,2,BKL,BKL,0.06288165133446455,0.024823550891596824,0.7287318408489227,0.0044885314418934286,0.14062569290399551,0.028708203928545117,0.009052739245817065,0.0006878198473714292,2,BKL
IL_6348689,6,SCC,SCCKA,0.012638279755265103,0.011226628441363573,0.0522630400955677,0.08862165408208966,0.0010237990791210905,0.004795794258825481,0.8285503089427948,0.0008805863957377369,6,SCC
IL_6352600,1,BCC,BCC,0.3072426891885698,0.5528541132807732,0.09026179788634181,0.00042916346865240484,0.024871824109141016,0.015684335958212614,0.008103745058178902,0.0005522794963326305,1,BCC
IL_6352685,1,BCC,BCC,0.02254634629935026,0.030178810557117686,0.29308903496712446,0.0008379513274121564,0.03888039605226368,0.05749872326850891,0.5555793642997742,0.0013893835075577954,6,SCC
IL_6356620,1,BCC,BCC,0.0015499883629672695,0.7096890956163406,0.24513605621177703,4.1989400415332057e-05,0.001072595128789544,0.034496694861445576,0.004716380644822493,0.0032972056651487947,1,BCC
IL_6356650,1,BCC,BCC,0.03232034761458635,0.2207485642284155,0.5887003690004349,0.08701432181987911,0.007973488885909319,0.034506761468946934,0.019036890007555485,0.009699298912892118,2,BKL
IL_6359555,5,NV,NV,9.196613930839703e-05,5.591531078152912e-07,6.542316759805544e-05,0.00014761791044293204,0.21181929856538773,0.78764808177948,2.10914678291374e-05,0.00020596916920112562,5,NV
IL_6361071,2,BKL,BKL,0.02984338088822369,0.00038207680984214676,0.9547337889671326,1.5682377281223125e-06,0.012712325085885823,0.0022951640421524644,2.7790585477305285e-05,3.894152049710442e-06,2,BKL
IL_6361201,2,BKL,BKL,0.0011321469792164862,0.35580469435080886,0.0828312928788364,0.0003988771204603836,0.00527333956097209,0.05794852405961137,0.4960748181656527,0.0005363129498334729,6,SCC
IL_6362018,1,BCC,BCC,0.051156827289332796,0.5122199300676584,0.09554513543844223,0.0003485037255614998,0.2751047782603564,0.051944254024419934,0.012998450547456741,0.0006821086141997057,1,BCC
IL_6362579,6,SCC,SCCKA,0.3742984386626631,0.0001538494398118928,0.0005707862073904835,0.0002445295685902238,0.00020119200053159148,0.0012570268590934575,0.6232669204473495,7.304177188416361e-06,6,SCC
IL_6365127,2,BKL,BKL,3.4566908084343595e-05,0.0023223226235131733,0.9934248626232147,8.403077575991347e-06,0.0005739122493650939,0.0035690179356606677,6.177187970024534e-05,5.156921773163958e-06,2,BKL
IL_6365837,1,BCC,BCC,0.0012275927874725312,0.46619144082069397,0.3811706081032753,0.000848741769004846,0.0006612624201807193,0.14941914938390255,0.00035374438448343426,0.00012748199151246808,1,BCC
IL_6367899,4,MEL,MEL,2.2567664927919395e-06,3.586826487378403e-06,0.00018454041855875403,1.0496675940885325e-05,0.4935743138194084,0.506169319152832,4.348203901827219e-06,5.11761518282583e-05,5,NV
IL_6368595,2,BKL,BKL,0.054513422306627035,0.003417907217226457,0.48593491688370705,0.022731543256668374,0.0011378625058569014,0.015988483326509595,0.416008073836565,0.0002677830598258879,2,BKL
IL_6369359,4,MEL,MEL,0.0002076618511637207,0.04577733762562275,0.08606450453953585,0.3263617260754472,0.5010041147470474,0.03169767581857741,0.008479065661958884,0.00040794040978653356,4,MEL
IL_6369658,1,BCC,BCC,0.46994826570153236,0.5131119694560766,0.0050358545690869505,9.939721003604518e-06,0.005089859030704247,0.006490920573469339,0.00028253661730559543,3.066266857132405e-05,1,BCC
IL_6370707,2,BKL,BKL,0.7988532185554504,0.0008966064682454089,0.017414759608072927,0.0002747608391473477,0.0011495676135382382,0.0004966600754414685,0.1808526644599624,6.174912698497792e-05,0,AK
IL_6370742,1,BCC,BCC,7.521949737565592e-05,0.4117684382945299,0.3423307426273823,0.0002793562061924604,0.011583964896999532,0.22992398589849472,0.0022435150458477437,0.0017947766255019815,1,BCC
IL_6372731,6,SCC,SCCKA,0.03310791481999331,0.005446626542834565,0.0363585346040054,0.014562910476797697,0.2401833404419449,0.0761466892035969,0.5938808992505074,0.0003131388051027528,6,SCC
IL_6372832,0,AK,AKIEC,0.002589975658338517,0.5510003007948399,0.3520536908181384,0.0033771246671676636,0.0009167153184534982,0.08892965398263186,0.0011128121841466054,1.967887601495022e-05,1,BCC
IL_6374062,4,MEL,MEL,0.00257971719292982,0.0027513406530488282,0.021872372959478525,0.003834981078398414,0.18498824862763286,0.7761614322662354,0.0018661740941752214,0.0059458015821292065,5,NV
IL_6380251,5,NV,NV,0.00015408398394356482,0.00012239978332218016,0.008855261083226651,0.0003720265613083029,0.0166158068459481,0.9737051725387573,9.495964059169637e-05,8.030431490624323e-05,5,NV
IL_6381274,1,BCC,BCC,0.16027205245336518,0.8178571164608002,0.013257220562081784,8.078276960077346e-05,0.0007412906852550805,0.004656930941564497,0.0031089963449630886,2.5650040328173418e-05,1,BCC
IL_6383449,5,NV,NV,5.17758107743127e-06,3.565871703736789e-05,0.012020147565321437,1.5860484165131084e-05,0.01307090395130217,0.9748093485832214,1.245186166021206e-05,3.042173395328973e-05,5,NV
IL_6384102,2,BKL,BKL,0.0009195504535455257,0.3755457438528538,0.46632562577724457,0.002103285604789562,0.003962119575589895,0.14104237221181393,0.010047196421965054,5.411392567111761e-05,2,BKL
IL_6384302,1,BCC,BCC,0.008004955132491887,0.022157768718898296,0.3794613666832447,0.0007894987138570286,0.003598805167712271,0.06400755746290088,0.5133896507322788,0.008590430865297094,6,SCC
IL_6386977,4,MEL,MEL,0.0030605083447881043,0.002626444613269996,0.24320704862475395,0.0012111678370274603,0.32043972611427307,0.42529780603945255,0.004021592903882265,0.00013570809096563607,5,NV
IL_6389219,0,AK,AKIEC,0.0698063038289547,0.23874126747250557,0.4472745545208454,7.692332678743696e-05,0.01019805163377896,0.05643755476921797,0.17627143114805222,0.001193855314340908,2,BKL
IL_6390381,0,AK,AKIEC,0.0005279792239889503,0.004800279682967812,0.9175260365009308,0.0007401233651762595,0.016360213048756123,0.05833631940186024,0.0016476157470606267,6.141270569059998e-05,2,BKL
IL_6393566,7,VASC,VASC,2.8541975094498184e-07,8.057013565121451e-05,3.194987482668665e-05,1.26306383467778e-05,0.000177381475623406,0.000843496492052509,1.3776557195033234e-07,0.9988535642623901,7,VASC
IL_6393751,5,NV,NV,0.07645166059955955,0.1273262845352292,0.01115170307457447,0.0006010524812154472,0.39195722341537476,0.3768678605556488,0.0008424654661212116,0.014801733661442995,4,MEL
IL_6393969,5,NV,NV,0.00018062436720356345,0.21073725107999053,0.6887431144714355,0.0019220380654587643,0.004370737411591108,0.08952776715159416,0.0044481384165919735,7.032377237692344e-05,2,BKL
IL_6398771,1,BCC,BCC,0.43029147549532354,0.4367126162396744,0.06224280083552003,0.0010714042000472546,0.0023698808217886835,0.06422626972198486,0.0021462273434735835,0.0009393834916409105,1,BCC
IL_6408457,1,BCC,BCC,0.0008017077543627238,0.9761925041675568,0.021070135340778506,0.00012980867222722736,0.0006753694688086398,0.0004685282187892881,0.000658655226288829,3.349781138695107e-06,1,BCC
IL_6410644,5,NV,NV,1.8070890206445256e-07,5.748236602265422e-07,0.001211864791230255,7.0151952513697324e-06,0.003917484078556299,0.994859367609024,9.616529723643907e-07,2.518894007152994e-06,5,NV
IL_6412076,1,BCC,BCC,0.002460643998347223,0.49301024904707447,0.48203613539226353,8.614260627837211e-05,0.008828210666251834,0.01054881201707758,0.0030092296365182847,2.0588482527728047e-05,1,BCC
IL_6413155,0,AK,AKIEC,0.9397526383399963,0.016045236676745844,0.009208064540871419,4.8089594098854604e-05,0.00837452242285508,0.023841840290060645,0.0025610768100250425,0.00016857521164581613,0,AK
IL_6413460,1,BCC,BCC,0.49905999889597297,0.19641528216016013,0.2822400995064527,0.00042088053265842973,0.0058323949269833975,0.0034154979657614604,0.012310923565564735,0.0003049006750330818,0,AK
IL_6418149,1,BCC,BCC,0.00576664722757414,0.5597814321517944,0.020889616338536143,0.0008982198341982439,0.0020159181440249085,0.020555724389851093,0.05154980841325596,0.3385425941669382,1,BCC
IL_6419934,4,MEL,MEL,2.1598735585826034e-05,6.717200676575885e-06,0.027593646373134106,2.6701052320277086e-05,0.23190156742930412,0.7403421998023987,8.182858152849803e-06,9.931464319379302e-05,5,NV
IL_6420001,1,BCC,BCC,0.0366139505058527,0.32751590717816725,0.4986243508756161,0.005519396342606342,0.04894835683808196,0.06647449918091297,0.0044393322605174035,0.011864179512485862,2,BKL
IL_6421981,1,BCC,BCC,0.006528327474370599,0.11225435510277748,0.34514380991458893,0.02332058339379728,0.1357209759298712,0.16379334405064583,0.20405350322835147,0.009185100832837634,2,BKL
IL_6425993,5,NV,NV,1.2359113270576927e-06,3.137821011023334e-06,0.002345878165215254,4.9920850671014705e-06,0.002700723591260612,0.9949339628219604,1.0013138727060777e-06,9.026285397339961e-06,5,NV
IL_6427122,4,MEL,MEL,2.9129723913001726e-05,0.00026712907492765225,0.00830691130249761,0.0012115136878492194,0.9804797172546387,0.00932485394878313,0.0003609934592532227,1.9685094684973592e-05,4,MEL
IL_6427457,1,BCC,BCC,0.004586683746310882,0.0020189556234981865,0.4832508491817862,0.0002361362912779441,0.0011529453313414706,0.016347561530892563,0.4923822906166606,2.460895012745823e-05,6,SCC
IL_6427581,1,BCC,BCC,0.03455690783448517,0.9038977026939392,0.02739956219738815,0.001173000188828155,0.0020626362893381156,0.001880135154351592,0.028726333752274513,0.0003037293006400432,1,BCC
IL_6430052,1,BCC,BCC,0.008433513110503554,0.39926973916590214,0.4640983045101166,5.745114458477474e-05,0.08752692764392123,0.022372094448655844,0.01815087645809399,9.107070127356565e-05,2,BKL
IL_6430136,5,NV,NV,0.0008207517857954372,0.0011569862253963947,0.18830895773135126,0.006516855442896485,0.0394808747805655,0.7274019718170166,0.036149092789855786,0.00016451202100142837,5,NV
IL_6431723,5,NV,NV,8.825033468440324e-06,3.238281615480787e-05,0.10473956167697906,5.0987376784661365e-05,0.0018632386036188109,0.8932794630527496,6.003694455802844e-06,1.9474376625083778e-05,5,NV
IL_6434551,1,BCC,BCC,0.0010672450298443437,0.3594675260828808,0.2603879594244063,0.08549536342616193,0.02832891559228301,0.242579260841012,0.021523588970012497,0.0011501616681925952,1,BCC
IL_6439153,1,BCC,BCC,0.01725638032257848,0.33449514117091894,0.3692421119194478,0.0033270142830588156,0.0003628839913289994,0.20001710206270218,0.07513787825519103,0.0001614756492926972,2,BKL
IL_6440740,6,SCC,SCCKA,0.08909656293690205,0.00022322999325297133,0.1838668575801421,0.00020457378104765667,0.0034067547239828855,0.0011219814696232788,0.7220608741044998,1.9150874862816636e-05,6,SCC
IL_6441506,4,MEL,MEL,0.00019064646312472178,1.808296123151365e-05,0.004960929160006344,2.798253433411446e-05,0.6228155195713043,0.3716733065666631,2.4234460397565272e-05,0.0002892949882493667,4,MEL
IL_6442141,1,BCC,BCC,0.0701117878779769,0.33722414894145913,0.42928045336157084,0.0025360233266837895,0.04810788040049374,0.0330636968719773,0.07798049092525616,0.0016955259270616807,2,BKL
IL_6442521,1,BCC,BCC,0.0007795254932716489,0.02397015690803528,0.4795628611336724,9.101103159991908e-06,0.00029279919544933364,0.008196565279376955,0.4871844310914639,4.577264036242923e-06,6,SCC
IL_6446380,5,NV,NV,2.2276441541180247e-05,2.0737040358653758e-05,0.14123037457466125,1.7349050551729306e-05,0.02310158545151353,0.8355061709880829,6.586340796843615e-05,3.5705711525224615e-05,5,NV
IL_6448360,5,NV,NV,4.059642776610417e-06,7.064548907464996e-05,0.0026576980653771898,1.4284391681940178e-05,0.0024108659708872437,0.9948258996009827,3.2110022658571324e-06,1.3372207831707783e-05,5,NV
IL_6450698,1,BCC,BCC,0.00033402842018404044,0.09403082993230782,0.7987745106220245,5.195557605475187e-05,0.0028346492908895016,0.10368587449193001,0.0002745786700870667,1.3630334251502063e-05,2,BKL
IL_6451411,1,BCC,BCC,0.05924589624919463,0.20181070733815432,0.6740762293338776,6.771556422791036e-05,0.010814446955919266,0.05320397950708866,0.0006760782853234559,0.00010502410805202089,2,BKL
IL_6452981,1,BCC,BCC,0.03155518032144755,0.11802355200052261,0.3409300372004509,0.006902529043145478,0.04524820065125823,0.38844186812639236,0.05963129177689552,0.009267334215110168,5,NV
IL_6455280,1,BCC,BCC,1.0860553175007226e-05,0.0022774042445234954,0.7556408047676086,0.0006069864321034402,0.0010601719841361046,0.2402312122285366,0.00013462043716572225,3.800862555181084e-05,2,BKL
IL_6455878,1,BCC,BCC,0.8696288168430328,0.00825387192890048,0.10231717110400496,3.996387128779588e-06,0.0008783931480138563,0.01876038999762386,0.00014687068505736534,1.0474311750385823e-05,0,AK
IL_6458200,1,BCC,BCC,0.0042993404204025865,0.11288932408206165,0.35067057609558105,0.000287522365397308,0.2058300613425672,0.30151598900556564,0.008301773748826236,0.016205416970478836,2,BKL
IL_6462004,6,SCC,SCCKA,0.1524751492561336,0.04339855778380297,0.5211507081985474,0.011509059579111636,0.02141256397590041,0.22711632028222084,0.017012179916491732,0.005925414712407928,2,BKL
IL_6464483,2,BKL,BKL,0.4883666114183143,0.08031661552377045,0.3482197868870571,0.00015650776998654692,0.0031118462939048186,0.07975886575877666,6.093011143093463e-05,8.941869396039692e-06,0,AK
IL_6466353,2,BKL,BKL,0.00013301796934683807,0.006700500380247831,0.9666390419006348,0.00011257884943915997,0.00342103885486722,0.021453738445416093,0.0015120116877369583,2.8036418143528863e-05,2,BKL
IL_6475801,1,BCC,BCC,0.0076059683415223844,0.490055752036767,0.49655758077278733,2.9545426230015437e-06,0.0003106565072812373,0.00496184331132099,0.0005050768446608345,2.1694219753953803e-07,2,BKL
IL_6477197,1,BCC,BCC,0.006738292519003153,0.5003030095249414,0.46475780685432255,0.0018906851764768362,0.008702474180608988,0.009338290896266699,0.007004689075984061,0.0012647724652197212,1,BCC
IL_6478777,1,BCC,BCC,0.005027126520872116,0.5605514422059059,0.09877748426515609,0.024341432377696037,0.011297273100353777,0.22287384350784123,0.07696156948804855,0.00016991696247714572,1,BCC
IL_6480274,1,BCC,BCC,0.0355268744751811,0.44441322912462056,0.04888450913131237,0.00010650647084275988,0.11505289457272738,0.3533705435693264,0.0024128053919412196,0.0002325981404283084,1,BCC
IL_6480673,5,NV,NV,3.2156917085246484e-06,4.671982424042653e-06,0.0008978947244031588,1.8763828862233822e-05,0.16203304532973561,0.8370075225830078,8.340188946132088e-06,2.6514449217529545e-05,5,NV
IL_6481065,5,NV,NV,5.886015031819625e-06,7.73818401285098e-05,0.15184783272434288,9.23252991924528e-06,0.006237151334062219,0.8418098390102386,2.604975634312723e-06,1.0098660595758702e-05,5,NV
IL_6481233,2,BKL,BKL,0.019605150097049773,0.5060795852914453,0.4614404884923715,0.00020411689911270514,0.00021347894016798818,0.010650391530361958,0.0017929875757545233,1.3848914477421204e-05,1,BCC
IL_6481274,1,BCC,BCC,0.31853622663766146,0.4787900962983258,0.03396992897614837,0.000297699230429771,0.06579435082676355,0.09851863732728816,0.003776272395043634,0.00031677642277827545,1,BCC
IL_6481536,5,NV,NV,4.6025892515899613e-05,1.7334805875179882e-05,0.7074121236801147,8.353409930350608e-05,0.029118487087544054,0.26310843229293823,0.00018480563630873803,2.9279023692652117e-05,2,BKL
IL_6484840,1,BCC,BCC,0.01678320113569498,0.4034033726202324,0.05990610737353563,0.003893912711646408,0.01849673803371843,0.477453937754035,0.019474270313367015,0.0005884498095838353,5,NV
IL_6491562,1,BCC,BCC,0.0009183010652122903,0.12196185812354088,0.18635185704624746,5.956413122021331e-05,0.2057953514449764,0.4830838441848755,0.0017214428216902888,0.00010780176899061189,5,NV
IL_6491893,1,BCC,BCC,0.008992001414299011,0.605664573609829,0.361094024090562,2.161111024179263e-05,0.0005186947546462761,0.023039432358928025,0.00029680001898668706,0.0003728758071019911,1,BCC
IL_6493670,5,NV,NV,2.10442334491745e-06,0.00031622252095075964,0.008079383352622926,8.926098914230352e-06,0.0010855605360120535,0.9904895424842834,4.795126601564448e-06,1.3467976941683446e-05,5,NV
IL_6497290,2,BKL,BKL,0.00214780168607831,0.3997805118560791,0.06923162331804633,0.34820153564214706,0.06835178448818624,0.09140966646373272,0.01799714472144842,0.0028799467254430056,1,BCC
IL_6498121,1,BCC,BCC,0.07385729067027569,0.44931100522808265,0.0035044692340306938,0.00011519567146933696,0.0018239783530589193,0.4440764423488872,0.026426169388741982,0.0008854312163748546,1,BCC
IL_6498340,1,BCC,BCC,0.044815332046709955,0.5184221267700195,0.06032508611679077,0.001539416878586053,0.14052081480622292,0.2080528624355793,0.007415697677060962,0.018908637342974544,1,BCC
IL_6498417,1,BCC,BCC,5.01149668252765e-05,0.4991257329493237,0.49656658081221394,3.59815290646992e-05,0.00017157798989941853,0.004047186172101647,2.377487788862709e-06,4.1708412079621837e-07,1,BCC
IL_6499920,1,BCC,BCC,0.009652928449213505,0.7099572569131851,0.02481862111017108,0.006129331770353019,0.006904357811436057,0.0124520028475672,0.2272538054967299,0.0028317387113929726,1,BCC
IL_6502253,1,BCC,BCC,5.842367727382225e-06,0.9977792799472809,0.0009580629830452381,2.0602349195542047e-06,0.00036791700767935254,0.0008437821397819789,4.119211916986387e-05,1.8065025244595745e-06,1,BCC
IL_6502535,2,BKL,BKL,0.9895876348018646,0.0013573249437475177,0.003922802022771066,0.00031706580394175177,6.251810232460464e-05,0.0036796419712459283,0.0010615559507982653,1.151168654699164e-05,0,AK
IL_6503105,4,MEL,MEL,0.0025733620986443384,1.64570898277816e-05,0.7616892755031586,6.300203767750645e-05,0.052717994432896376,0.18071291339583695,0.0021907625835240196,3.6260249544284306e-05,2,BKL
IL_6505724,1,BCC,BCC,0.0002940485978797369,0.9680638015270233,0.021003967383876443,0.00025933706456271466,0.004541414265986532,0.001712692464934662,4.656997953134123e-05,0.004078247213328723,1,BCC
IL_6506756,5,NV,NV,1.9713582332769874e-05,2.352003008354586e-06,0.0037552959693130106,1.8454073142493144e-05,0.0042430812027305365,0.9919009208679199,3.251952193750185e-06,5.685263613486313e-05,5,NV
IL_6507305,1,BCC,BCC,0.06267419849609723,0.14135632570832968,0.5811354070901871,0.00547595824173186,0.01629386525019072,0.05001444718800485,0.14297636970877647,7.341188029386103e-05,2,BKL
IL_6509109,1,BCC,BCC,0.08140781242400408,0.3310655793757178,0.5277540907263756,0.002708338481170358,0.0015671694709453732,0.0049576723540667444,0.04864120704587549,0.0018981387602252653,2,BKL
IL_6511492,4,MEL,MEL,5.6655212006262445e-06,3.511432458935815e-05,0.03928542213361652,3.104652250840445e-06,0.9321261644363403,0.02850868902169168,9.679616368885036e-06,2.6144568664676626e-05,4,MEL
IL_6512054,2,BKL,BKL,0.00010216447594757483,3.260709684127505e-05,0.9602205455303192,0.0010914893852032037,0.006539190654621052,0.03117588995519327,0.0008289732949151585,9.021944578080365e-06,2,BKL
IL_6514387,5,NV,NV,3.729637967353483e-07,0.00019498688116925678,0.04999937629327178,0.0003682327933347551,0.03645002079429105,0.9129789471626282,1.817013071558904e-06,6.301278176579217e-06,5,NV
IL_6518522,1,BCC,BCC,0.019863232970237732,0.24836999271064997,0.15871651843190193,0.04145701800007373,0.0014184133906383067,0.06431990065902937,0.46451358310878277,0.0013413332462732797,6,SCC
IL_6520783,1,BCC,BCC,0.5320076756179333,0.23563728615408763,0.029428729554638267,0.00023560229763042173,0.0007577058872811904,0.002155143825802952,0.1978770737623563,0.0019007922753218054,0,AK
IL_6525739,1,BCC,BCC,0.3076792062165623,0.148069537429393,0.005913341999985278,0.0019520706671301014,0.002784219095701701,0.49731400329619646,0.036284752864958136,2.862160670247249e-06,5,NV
IL_6527343,4,MEL,MEL,0.00020140205310781312,0.00047930137407092843,0.4451471855863929,0.08367720289970748,0.36334895028267056,0.1068907268345356,0.00012516501647041878,0.00013001008460378216,2,BKL
IL_6527542,1,BCC,BCC,0.47185085713863373,0.39808137342333794,0.022376607870683074,2.9030921496087103e-05,0.004230930906487629,0.03826329484581947,0.06479976732225623,0.00036813324550166726,0,AK
IL_6528074,1,BCC,BCC,0.001800882091629319,0.9229617118835449,0.021037837956100702,0.004287104660306795,0.006875110848341137,0.016870593652129173,0.025650449795648456,0.0005162995257705916,1,BCC
IL_6528772,5,NV,NV,0.0001396158040734008,0.03200681135058403,0.28470391035079956,0.048648317810148,0.008215161971747875,0.6234369874000549,0.0010416920740681235,0.001807493797969073,5,NV
IL_6532631,1,BCC,BCC,0.05498261815137084,0.5672240555286407,0.251860899705207,0.0005611367760138819,0.06535100452674669,0.050482261282013496,0.00872469856403768,0.0008132824541462469,1,BCC
IL_6536248,1,BCC,BCC,0.0002536584916015272,0.5643125101923943,0.1673853163374588,0.002020424857164471,0.01337228628108278,0.2468261015092139,0.0006304108828771859,0.005199279095904785,1,BCC
IL_6546506,6,SCC,SCCKA,0.005460078828036785,0.3933012783527374,0.46164820343255997,0.004485720302909613,0.0028548910922836512,0.027773192152380943,0.10406611463986337,0.0004104843974346295,2,BKL
IL_6550099,5,NV,NV,0.0002423884311610891,0.006667603243840858,0.17798255495290505,0.00017287865387061174,0.0031848260550759733,0.8115658164024353,2.473453082529886e-05,0.0001592096458296055,5,NV
IL_6550593,1,BCC,BCC,0.008623220201116055,0.5546571761369705,0.3630743697285652,9.74178037722595e-05,0.017025735665811226,0.056021896190941334,0.000363191054930212,0.00013699066767003387,1,BCC
IL_6552664,4,MEL,MEL,0.00010418957199931356,0.00011244633333262755,0.19645717088133097,0.0001579486647642625,0.4607916558161378,0.34218487329781055,0.00016455081714639164,2.7170753924110613e-05,4,MEL
IL_6552855,1,BCC,BCC,0.015443455136846751,0.43184130786266905,0.224630456417799,0.001430141448508948,0.0038748239167034626,0.31166304694488645,0.009630082800867967,0.0014867143327137455,1,BCC
IL_6555203,0,AK,AKIEC,0.008233981527155265,0.0074032695847563446,0.24492839821323287,0.002277804490319113,0.009917292890804674,0.012757201344868463,0.7139312028884888,0.000550834372475606,6,SCC
IL_6555655,1,BCC,BCC,0.02302939014043659,0.49782264651730657,0.009244452230632305,0.00030450266240222845,0.01223617001232924,0.45591056684497744,0.0013391500688157976,0.00011312343849567696,1,BCC
IL_6556593,1,BCC,BCC,0.0392434848472476,0.050592579413205385,0.2810888197273016,0.009306493448093534,0.033592261373996735,0.5747642368078232,0.0006036565755493939,0.010808411170728505,5,NV
IL_6558411,2,BKL,BKL,0.5264486577361822,2.4742223445173295e-05,0.000734012352040736,0.00029086324667559893,0.027505352592015697,0.44457850405888166,0.0003011321784924803,0.0001168020035038353,0,AK
IL_6559871,1,BCC,BCC,0.0017212544626090676,0.06230119011888746,0.4681424302980304,0.009739967063069344,0.018330694641917944,0.030467269010841846,0.4085627887980081,0.0007344306068262085,2,BKL
IL_6560903,1,BCC,BCC,0.006903038054588251,0.1427977718412876,0.20214590651448816,0.007735701845376752,0.16953245667536976,0.04701629304327071,0.4222937533631921,0.0015750857437524246,6,SCC
IL_6575450,0,AK,AKIEC,0.020963195100193843,0.018749721813946962,0.3629794120788574,0.002477467554854229,0.04082272620871663,0.3321577403694391,0.22144915163516998,0.0004006225753983017,2,BKL
IL_6578198,1,BCC,BCC,0.0019169881707057357,0.4593166626073071,0.05468987487256527,0.0002821783709805459,0.00553724923520349,0.4742317833006382,0.0037798935300088488,0.0002452897606417537,5,NV
IL_6580318,2,BKL,BKL,0.0030618624296039343,0.5239059031009674,0.3427830934524536,0.006481688033090904,0.0014762421415071003,0.11521593108773232,0.0066519428946776316,0.00042337016202509403,1,BCC
IL_6581276,4,MEL,MEL,0.0001611361820437196,8.22346430595644e-06,0.6328113824129105,6.466130173521378e-06,0.007169749567765393,0.3597878646105528,2.206753288191976e-05,3.3170232711654535e-05,2,BKL
IL_6582258,6,SCC,SCCKA,0.31390638649463654,0.3393426053771691,0.30791106540709734,0.00013060956371191423,0.011044218204915524,0.007491317024687305,0.019426222250331193,0.0007475417260138784,1,BCC
IL_6583801,2,BKL,BKL,0.016941285866778344,0.44249746708374005,0.4601375162601471,0.002992714798892848,0.013499044347554445,0.0383495029527694,0.011536767240613699,0.0140456433291547,2,BKL
IL_6585247,1,BCC,BCC,0.02193269957206212,0.47101967647176934,0.4891637919645291,0.00010147885768674314,0.0004785935307154432,0.016534570138901472,0.0005601346783805639,0.0002090191969728039,2,BKL
IL_6586182,1,BCC,BCC,5.074466025689617e-05,0.48707156130694784,0.10500728944316506,0.014428875874727964,0.10874096948828083,0.2808664801996201,0.0037968505639582872,3.72807899111649e-05,1,BCC
IL_6587096,4,MEL,MEL,0.0006505528417619644,0.00011514777361298911,0.4272775799036026,9.658867929829285e-05,0.42990301363170147,0.13462500693276525,0.0072420647520630155,9.008791312226094e-05,4,MEL
IL_6588313,1,BCC,BCC,0.002434447640553117,0.875270426273346,0.05948564154095948,0.0015537153085460886,0.028985609766095877,0.01597517402842641,0.01452533109113574,0.0017696670693112537,1,BCC
IL_6591521,1,BCC,BCC,0.005896368507819716,0.4772727646850399,0.023608977091498673,0.015244035777868703,0.032478192100825254,0.4420068422332406,0.0034440630552126095,4.873563375440426e-05,1,BCC
IL_6591567,1,BCC,BCC,0.006064031505957246,0.5106133595108986,0.014466656270087697,0.0009142742383119185,0.0004102059842807648,0.00040716865623835474,0.4671121761202812,1.2147413144703023e-05,1,BCC
IL_6592756,1,BCC,BCC,0.0003181024658260867,0.001386095313137048,0.4840786885470152,0.0013994992114021443,0.005496323108673096,0.49005595687776804,0.01723481910812552,3.050611803701031e-05,5,NV
IL_6592976,1,BCC,BCC,4.066357996634906e-05,0.4483137420611456,0.47435231506824493,4.3267340785746455e-05,0.006023480505973566,0.07103439001366496,0.00011586247001105221,7.63529185690004e-05,2,BKL
IL_6594915,4,MEL,MEL,0.002009592009159178,2.805988538057136e-05,0.007786665810272098,0.0010174234773785429,0.0955181885510683,0.6355386674404144,0.2580454573256361,5.5988285112107405e-05,5,NV
IL_6595342,5,NV,NV,0.0005389850903156912,0.6820099502801895,0.046837806701660156,1.0432743692945223e-05,0.016438294333056547,0.25190859008580446,0.002243595772597473,1.2402795050547866e-05,1,BCC
IL_6599749,5,NV,NV,0.00014567909676799218,4.406327522499254e-05,0.10942241627344629,0.00013449055427372514,0.00897619768511504,0.8811205327510834,6.085226789309672e-05,9.574189539307554e-05,5,NV
IL_6600785,6,SCC,SCCKA,0.05960503889718893,0.11852732114493847,0.018396440871583764,0.00011155265019624494,0.40152171114459634,0.0016922474387683906,0.3999408963136375,0.00020476710824368638,4,MEL
IL_6605794,1,BCC,BCC,0.3462441051378846,0.20801065489649773,0.146708270534873,0.0010190091707045212,0.005794732831418514,0.006022437009960413,0.28504564776085317,0.0011551078641787171,0,AK
IL_6606069,1,BCC,BCC,0.0011403605749364942,0.5601838380098343,0.395735869940836,2.8816759964911398e-05,0.0034642395894479705,0.03939654119312763,2.150535783584928e-05,2.8800905965908896e-05,1,BCC
IL_6607350,5,NV,NV,0.00010464740626048297,1.4553652135873563e-05,0.24709505820646882,0.0012272306685190415,0.0018889614730142057,0.7495469748973846,1.7565675989317242e-05,0.0001050372411555145,5,NV
IL_6607832,4,MEL,MEL,9.778515277503175e-07,7.680949278210392e-05,0.012726603890769184,2.0117102508265816e-06,0.013687465339899063,0.9734928905963898,9.898127615315389e-07,1.2268767022760585e-05,5,NV
IL_6609864,5,NV,NV,0.00010897647189267445,1.9192882575680414e-05,9.881883852358442e-05,3.7483628148038406e-05,0.06145155429840088,0.9378361403942108,0.00011054799801968329,0.000337303430569591,5,NV
IL_6613281,1,BCC,BCC,0.002745262929238379,0.4969270178116858,0.47090278602263425,6.493675755336881e-05,0.003930966138796066,0.025212066480889916,0.00019623922344180755,2.0718717792078678e-05,1,BCC
IL_6613514,5,NV,NV,1.538189956562519e-05,0.0001570589647599263,0.015986144586349837,2.888423205149593e-05,0.05321425572037697,0.9302884042263031,1.3737806682456721e-05,0.0002961433183372719,5,NV
IL_6615985,1,BCC,BCC,0.02052877377718687,0.03433732036501169,0.04516174644231796,0.011818601720733568,0.0965927562356228,0.37547382002230734,0.41353215847630054,0.002554799255449325,6,SCC
IL_6616097,4,MEL,MEL,9.233454693458043e-05,0.012908227508887649,8.472684658045182e-05,8.129811658363906e-05,0.006422349717468023,0.016710066265659407,0.0004153396915853591,0.9632855951786041,7,VASC
IL_6616661,1,BCC,BCC,0.21857056870794622,0.46626640227623284,0.10572722944925772,3.7280365177139174e-06,2.9053311664029025e-05,0.1754013862082502,0.03399115017600707,1.0474234898083523e-05,1,BCC
IL_6617592,4,MEL,MEL,0.000353757270204369,0.09780876222066581,0.009302191901952028,0.12036069195528398,0.4984343657270074,0.27004312770441175,0.001837141258874908,0.0018599542090669274,4,MEL
IL_6618073,5,NV,NV,4.481345376916579e-05,2.128566944747945e-05,0.0018504056433812366,0.0004081832489646331,0.1142020602710545,0.8824235796928406,8.22959550532687e-05,0.0009674044267740101,5,NV
IL_6622231,5,NV,NV,1.1545553206815384e-05,1.2024727141124458e-05,0.02279826602898538,6.963468331377953e-05,0.0851193256676197,0.8918489813804626,6.9750117290823255e-06,0.00013331366062629968,5,NV
IL_6622693,4,MEL,MEL,0.00011264063869020902,2.9078015813865932e-05,0.48920639464631677,0.0006337132606404339,0.4894957108263043,0.0203307019546628,0.00014909369201632217,4.264170155465763e-05,4,MEL
IL_6627876,1,BCC,BCC,4.814569001609925e-05,0.8922597467899323,0.025135066942311823,0.017548094678204507,0.022751246113330126,0.039554950781166553,0.002678128133993596,2.462141310388688e-05,1,BCC
IL_6629928,5,NV,NV,1.2893281521542121e-05,8.423811959801242e-05,0.029997886158525944,2.8211035100866866e-05,0.5073079615831375,0.46248047053813934,3.400246782803151e-05,5.430067221823265e-05,4,MEL
IL_6632725,4,MEL,MEL,0.009790511327310014,0.00013039073564868886,0.021593002602458,0.00017512175190859125,0.09036715317051858,0.6052010208368301,0.27271413901786445,2.8633095098484773e-05,5,NV
IL_6634369,1,BCC,BCC,0.0008795043104328215,0.5044997143559158,0.001045777382387314,0.00010285063081028056,2.526502123600949e-05,0.0036985816404921934,0.4897067048441386,4.1614157133551544e-05,1,BCC
IL_6635942,1,BCC,BCC,0.03543941583484411,0.35353041228518123,0.4734233827330172,0.0026615326969476882,0.0029841105751984287,0.007034909911453724,0.12474392911826726,0.0001823482425606926,2,BKL
IL_6636674,0,AK,AKIEC,0.7044033408164978,0.14787651877850294,0.05097321420907974,0.00015744550773888477,0.0364142790722326,0.056723764591879444,0.0033890406630234793,6.240619967456951e-05,0,AK
IL_6638180,1,BCC,BCC,0.1337529529700987,0.24130716966465116,0.07909274660050869,0.005064501627202844,0.011610150802880526,0.07469110935926437,0.0019724103694898076,0.4525089547969401,7,VASC
IL_6638218,1,BCC,BCC,0.003664159798063338,0.19673581421375275,0.7744097411632538,0.000408029489335604,0.0012481017620302737,0.012686283327639103,0.010770380846224725,7.750263466732576e-05,2,BKL
IL_6639439,1,BCC,BCC,0.004705746338004246,0.50793082639575,0.2902163923718035,0.06464671786307008,0.019978132186224684,0.10091030124021927,0.011534418910741806,7.743415426375577e-05,1,BCC
IL_6639519,1,BCC,BCC,0.21024507144466043,0.506328284740448,0.23733704339247197,0.005309802480041981,0.011388992890715599,0.006929912720806897,0.01408467662986368,0.00837625632993877,1,BCC
IL_6646437,1,BCC,BCC,0.001034605345921591,0.3059766748920083,0.0847162976861,0.001345935343124438,0.11701851338148117,0.1690598763525486,0.2905905112856999,0.03025760967284441,1,BCC
IL_6647524,1,BCC,BCC,0.0008219221576837299,0.8026387989521027,0.10211960652554808,0.0002847680452617851,0.008621954234513396,0.07886814125959063,0.006605539368877089,3.917263839348095e-05,1,BCC
IL_6647837,1,BCC,BCC,6.688448593195062e-05,0.9837776124477386,0.002554158165366971,1.1357248695276212e-05,0.00022764750610804185,0.013234708923846483,0.0001121051172958687,1.5548857845715247e-05,1,BCC
IL_6649542,1,BCC,BCC,0.48861614835914224,0.49913179749273695,0.007680546841584146,3.762878233004585e-06,3.1611091344529996e-05,0.0044295749758020975,0.00010269572885590605,3.915155913247759e-06,1,BCC
IL_6650596,1,BCC,BCC,0.006657684687525034,0.40958122164011,0.004339509061537683,0.025086404173634946,0.01895063054689672,0.03732109642442083,0.49631808139383793,0.001745332244581732,6,SCC
IL_6653244,5,NV,NV,0.0020063541360286763,0.0018174897704739124,0.4757618121948326,0.0003534356374075287,0.07863269746303558,0.4402797045186162,0.0010122246167156845,0.00013626154395751655,2,BKL
IL_6654419,0,AK,AKIEC,0.011085034580901265,0.12641133274883032,0.04911448387429118,0.0017989233310800046,0.28413317581726005,0.030339560064021498,0.4953879523091018,0.0017294898425461724,6,SCC
IL_6654739,2,BKL,BKL,0.00033507696369383666,0.00013317109712218667,0.948119193315506,4.772271472575085e-05,6.859677125703456e-05,0.04953628405928612,0.0017528367779959808,7.062172851846071e-06,2,BKL
IL_6655417,5,NV,NV,1.1623473028521403e-06,0.00035044113815274613,0.040917692182119936,8.079447638920101e-06,0.12138859275728464,0.8370687067508698,9.08788628350976e-06,0.00025629065476096,5,NV
IL_6657702,4,MEL,MEL,5.8550856010697316e-05,3.3058256576623535e-06,0.4996673911809921,9.988142167571823e-06,0.44344109296798706,0.05681061604991555,5.353964297682978e-06,3.638907855929574e-06,2,BKL
IL_6658554,2,BKL,BKL,0.00019778141722781584,0.6170461922883987,0.0021593249985016882,0.00043895455019082874,0.006707223015837371,0.366904154419899,0.004970325855538249,0.0015759971574880183,1,BCC
IL_6659828,4,MEL,MEL,0.12097865165196708,0.0001487454937887378,0.29630199156235904,2.6560295054878225e-05,0.5786203220486641,0.0025420050078537315,0.001373616138153011,8.11354698271316e-06,4,MEL
IL_6660376,4,MEL,MEL,3.372222181496909e-05,0.000349709817328403,0.005347167811123654,0.00010026834024756681,0.33907074481248856,0.6544932723045349,1.242137386725517e-05,0.0005926718149567023,5,NV
IL_6662747,2,BKL,BKL,4.972265912783769e-06,0.0001814744664443424,0.07017311174422503,3.453866065683542e-05,0.19876650627702475,0.7307295650243759,5.376838703341491e-05,5.6101229347405024e-05,5,NV
IL_6665105,0,AK,AKIEC,0.003045174193175626,0.0005247790977591649,0.6490017473697662,0.00027374782166589284,0.0001961629168363288,0.00037325519951991737,0.3465831708163023,1.973000507859979e-06,2,BKL
IL_6665809,0,AK,AKIEC,0.03351105638284935,0.0004266641626600176,0.41357123412308283,0.000138469947160047,0.00019745575991692021,0.006875297220517496,0.5452331528067589,4.669169505788773e-05,6,SCC
IL_6673700,5,NV,NV,2.956137041110196e-05,0.005078637885162607,0.0024907210608944297,0.012391118565574288,0.167877946048975,0.8085936307907104,0.00010152999675483443,0.0034368614433333278,5,NV
IL_6676284,0,AK,AKIEC,0.05867973901331425,0.036594973877072334,0.003219651465769857,0.00040115816227626055,0.10446196590783074,0.0031254813948180526,0.7933623194694519,0.00015473843814106658,6,SCC
IL_6677545,1,BCC,BCC,0.46008507162332535,0.45382077246904373,0.006287599797360599,0.00883688178146258,0.018443258479237556,0.023361144587397575,0.028556952252984047,0.0006083126063458622,0,AK
IL_6677993,5,NV,NV,0.0013077615294605494,0.45882477104169084,0.3367068637162447,0.00019581729429773986,0.002954376890556887,0.1964808665215969,0.003419500309973955,0.00011007671309926081,1,BCC
IL_6679773,1,BCC,BCC,0.0022324154269881546,0.4064564829459414,0.35832387951086275,0.00016360568406526,0.11921451293164864,0.018943516988656484,0.09420306712854654,0.0004625376695912564,1,BCC
IL_6680109,1,BCC,BCC,0.031644726637750864,0.03288347025227267,0.024950139224529266,0.2262377305305563,0.27002616319805384,0.23121666035149246,0.18151390575803816,0.0015272059536073357,4,MEL
IL_6681910,1,BCC,BCC,0.01915451791137457,0.4896977795287967,0.3295141668058932,0.005296736342643271,0.0020910789480694802,0.14994558366015553,0.0009763212583493441,0.003323853537949617,1,BCC
IL_6684084,2,BKL,BKL,0.011532741598784924,0.34478529531043023,0.485930714989081,0.0008319404732901603,0.01004589261719957,0.0057647498324513435,0.14086685224901885,0.00024187554845411796,2,BKL
IL_6684225,1,BCC,BCC,0.004083625506609678,0.012882633880508365,0.9261629581451416,0.0002932986603809695,0.015053343493491411,0.04127752536442131,0.00024069629580480978,5.975493991172698e-06,2,BKL
IL_6686200,1,BCC,BCC,0.00024238098558271304,0.5399997644126415,0.02781382662942633,4.099350007891189e-05,0.0018638442033989122,0.42748730489984155,0.0011909190288861282,0.001360914971883176,1,BCC
IL_6687584,6,SCC,SCCKA,0.015450382372364402,0.42820547241717577,0.04324586736038327,0.08981418440816924,0.003958563742344268,0.010539612034335732,0.4084656275808811,0.00032032209855969995,1,BCC
IL_6687595,0,AK,AKIEC,0.0061730618190267705,0.08448934106854722,0.17409822717308998,0.00659119718693546,0.1660561942444474,0.05805056868121028,0.49560566805303097,0.008935693083913065,6,SCC
IL_6690716,2,BKL,BKL,1.1561060482279117e-06,0.0001998172574531054,0.4761893884278834,3.3783806955511864e-05,0.00043930056654062355,0.029788565676426515,0.4933298014839238,1.813031817521349e-05,6,SCC
IL_6691534,1,BCC,BCC,7.004102371865883e-05,0.4934652592637576,0.48524936009198427,0.00021345038840081543,0.0002216524421783106,0.020715637016110122,5.150480592419626e-05,1.3058345302852103e-05,1,BCC
IL_6691831,1,BCC,BCC,0.4472683157946449,0.03294099075719714,0.1395856374874711,9.106195733465938e-05,0.0011801766157191196,0.37729198206216097,0.0016126063419505954,2.9292623537457985e-05,0,AK
IL_6692380,0,AK,AKIEC,0.8269149363040924,0.14268025154888164,0.011941599659621716,4.783043357292627e-05,0.0003844340826617554,0.0008931679476518184,0.016907692220229364,0.00023005010791621316,0,AK
IL_6693472,4,MEL,MEL,0.0001019159053612384,2.244725874334108e-05,0.9233532249927521,4.018547940631834e-06,0.044228062441106886,0.032114715955685824,0.0001710102984588957,4.585729087125401e-06,2,BKL
IL_6695406,4,MEL,MEL,0.0005733668385801138,0.2709601279348135,0.2546847574412823,0.0003005614798894385,0.43363039195537567,0.03954658377915621,0.00022633994922216516,7.782026841596235e-05,4,MEL
IL_6705491,4,MEL,MEL,0.009148067845671903,0.0015245243557728827,0.08067531883716583,0.0034146649995818734,0.02013653260655701,0.8740537166595459,0.010786223807372153,0.000260942688328214,5,NV
IL_6706303,0,AK,AKIEC,0.024888220952561824,0.1653832676820457,0.00468462155549787,0.0003176463328600221,0.004796705554326763,0.00013431858678814024,0.7997836768627167,1.1489448652923784e-05,6,SCC
IL_6710445,1,BCC,BCC,0.4518868627783377,0.5269694663584232,0.004904519708361477,1.1282749142083048e-05,0.0074739804258570075,0.008105173241347075,0.0006257872846617829,2.294722139595251e-05,1,BCC
IL_6711797,1,BCC,BCC,0.0026849460264202207,0.4993375213816762,0.10192272695712745,0.0002706144014155143,0.007087602858518949,0.38718050601892173,0.0014460247766692191,7.009040632510732e-05,1,BCC
IL_6717785,5,NV,NV,0.00015242364452205948,0.01424158486321403,0.1016336614266038,6.1001808717264794e-05,0.043747576157329604,0.840087503194809,2.266514502480277e-05,5.361076182452962e-05,5,NV
IL_6718051,1,BCC,BCC,0.06053711846470833,0.023642060346901417,0.2237284556031227,0.00045421134200296365,0.15201954916119576,0.2918772716075182,0.2465090318582952,0.0012323146183916833,5,NV
IL_6719325,1,BCC,BCC,4.266459473001305e-05,0.3979244716465473,0.1260537482521613,5.761126608661016e-05,0.005047747805747349,0.0035491887269927247,0.4673185918945819,5.977777277621499e-06,6,SCC
IL_6727928,0,AK,AKIEC,0.15438215690664947,0.03576275100931525,0.5093387812376022,0.001349884185344763,0.004777222842676565,0.0257688220590353,0.2679439438506961,0.0006764452164702561,2,BKL
IL_6728054,4,MEL,MEL,3.4906975997728296e-05,3.276209304203803e-05,0.529161348938942,0.0003110705965809757,0.3356760051101446,0.13446135818958282,0.00011659240681183292,0.00020593668887158856,2,BKL
IL_6731689,2,BKL,BKL,0.03788283238100121,0.04366945382207632,0.5163011699914932,0.0007553374744020402,0.30218415707349777,0.06550940498709679,0.02608619094826281,0.007611426277435385,2,BKL
IL_6731781,5,NV,NV,0.0047378529561683536,0.017861098946013954,0.0015843567380215973,4.716588864539517e-05,0.21188691536372062,0.7634333074092865,1.9534017155820038e-05,0.0004297469786251895,5,NV
IL_6732051,1,BCC,BCC,0.14613039343385026,0.0023008749121800065,0.1544872136437334,0.49523569850134663,0.0036917035467922688,0.19643729005474597,0.0016236363735515624,9.316953946836293e-05,3,DF
IL_6733818,1,BCC,BCC,0.006179019128467189,0.002328607370145619,0.6659983396530151,0.0037770087701574084,0.0034173980820924044,0.0550845880061388,0.2629887486618827,0.00022632081527262926,2,BKL
IL_6738007,1,BCC,BCC,0.00025551944418111816,0.5574386417865753,0.21303213480859995,0.00017061843391275033,0.0028337216936051846,0.029180504148826003,0.19677323558425996,0.00031564255186822265,1,BCC
IL_6741185,4,MEL,MEL,0.4955042831134051,0.009508601971901953,0.13634934845003954,8.523760229575683e-05,0.3529647210079929,0.0038457096306956373,0.0004779506320460314,0.001264141385568962,0,AK
IL_6743301,1,BCC,BCC,0.004670439753681421,0.618606835603714,0.009884942788630724,0.0014528028623317368,0.13460021489299834,0.005787387490272522,0.2244784622453153,0.0005188411305425689,1,BCC
IL_6751385,6,SCC,SCCKA,0.319143945351243,0.4677928644232452,0.09048565430566669,0.0012590496626216918,0.011883385879627895,0.0051637322176247835,0.10416540317237377,0.00010589196244836785,1,BCC
IL_6752385,5,NV,NV,4.0320674386862265e-05,0.00019693659518082995,0.07390378720538138,0.00014692105833091773,0.013013266958296299,0.9122391045093536,7.125544852470966e-05,0.0003884773886966286,5,NV
IL_6753634,6,SCC,SCCKA,0.008346671238541603,0.015751103637740016,0.4136537667363882,0.3897144019138068,0.018892363645136356,0.059826264157891273,0.09205504599958658,0.001760413171723485,2,BKL
IL_6755192,1,BCC,BCC,7.76607066654833e-06,0.028772838762961328,0.03625993063906208,8.892668120097369e-06,0.00027417459023126867,0.46247669351578224,0.47219952330323167,1.9305104359546021e-07,6,SCC
IL_6762452,1,BCC,BCC,0.00017825995382736437,0.9472995698451996,0.009286974323913455,0.001029470528010279,0.015060451114550233,0.026851584436371922,0.00016916370077524334,0.00012466159296309343,1,BCC
IL_6764559,6,SCC,SCCKA,0.08586785290390253,0.0041477749473415315,0.01119420351460576,0.05743388645350933,0.07089921570150182,0.08071598993410589,0.6890199035406113,0.0007211116833332198,6,SCC
IL_6765370,1,BCC,BCC,0.3962522448709933,0.08229999616742134,0.00567738815152552,0.0011377212040315499,0.04531819326803088,0.02068127441452816,0.4485133749549277,0.00011987950711045414,6,SCC
IL_6767086,1,BCC,BCC,0.24227507412433624,0.05364904925227165,0.5711390823125839,0.032053225208073854,0.043009031913243234,0.025928071700036526,0.02480579260736704,0.0071406501810997725,2,BKL
IL_6767312,1,BCC,BCC,0.07155163236893713,0.39942733422503807,0.40442262403666973,0.00013339397628442384,0.07593959546647966,0.047534964978694916,0.0005402477690950036,0.0004502553929341957,2,BKL
IL_6768350,1,BCC,BCC,0.023290961515158415,0.5539798960089684,0.40692805912112817,6.707218267365533e-05,0.0008574135172239039,0.012107448994356673,0.0027309393626637757,3.822769667749526e-05,1,BCC
IL_6770376,6,SCC,SCCKA,0.3779955857926325,0.0059070736897410825,0.5561859421432018,0.0006773785388709541,0.004486470688334521,0.024072968416476215,0.03065125720894457,2.3276362157376163e-05,2,BKL
IL_6777208,0,AK,AKIEC,0.03227683936711401,0.388844208791852,0.4224466271698475,0.0008499197283526883,0.005220583756454289,0.010773722679005004,0.1330531518906355,0.006534968623327586,2,BKL
IL_6780614,1,BCC,BCC,0.00023537383799521194,0.5102226035669446,0.4153465979543398,0.00015439115705362383,0.02643753220763756,0.0020668883903454116,0.04551756851742539,1.9092346136062588e-05,1,BCC
IL_6780891,1,BCC,BCC,0.10754060989711434,0.8743772804737091,0.005682052273186855,7.623090550623601e-05,0.0005490085895871744,0.009014022420160472,0.0026399738708278164,0.0001207943755616725,1,BCC
IL_6781250,2,BKL,BKL,0.4231941218204156,3.838046382043103e-06,0.33832897990942,3.681705936742219e-05,0.07118959253421053,0.16721601675089914,2.0071958715561777e-05,1.0517494793305104e-05,0,AK
IL_6783043,1,BCC,BCC,0.6230478882789612,0.06761781359091401,0.24040583986788988,0.00043661702807185065,0.004459765972569585,0.047337381169199944,0.013499619672074914,0.003195119497831911,0,AK
IL_6783933,1,BCC,BCC,0.026429782330524176,0.050826154940295964,0.7394182980060577,0.006464717036578804,0.04719517519697547,0.043813347816467285,0.08486184393404983,0.000990700833426672,2,BKL
IL_6784777,1,BCC,BCC,0.005769272102043033,0.38329361233627424,0.09728337824344635,0.0015151222833083011,0.4181648073717952,0.08777510561048985,0.006001030185871059,0.00019771339066210203,4,MEL
IL_6787106,2,BKL,BKL,0.023061708896420896,0.009545879438519478,0.7672007381916046,0.0006068768416298553,0.005305137485265732,0.0771092101931572,0.11703995421703439,0.00013045633750152774,2,BKL
IL_6788244,1,BCC,BCC,0.0031595164618920535,0.5205434672534466,0.053366854786872864,0.012754800853144843,0.08305273053701967,0.31563984334934503,0.009074035217054188,0.0024087364436127245,1,BCC
IL_6790433,1,BCC,BCC,0.002493457985110581,0.40486749820411205,0.12285415083169937,0.00020037448393850354,0.004618548322468996,0.4435348380357027,0.017317578676738776,0.004113566346859443,5,NV
IL_6793597,1,BCC,BCC,0.06318643456324935,0.03390177007531747,0.7573133111000061,0.015274737830623053,0.006429536500945687,0.1127956211566925,0.008381650142837316,0.0027169633940502536,2,BKL
IL_6800675,1,BCC,BCC,0.050498441560193896,0.7392985820770264,0.07432771101593971,0.06757768441457301,0.00575402591493912,0.014192268485203385,0.02722242008894682,0.021128900423718733,1,BCC
IL_6802570,1,BCC,BCC,0.003927764482796192,0.5200470611453056,0.17588979378342628,0.0012058801730745472,0.004852411220781505,0.29270578268915415,0.0011722168128471822,0.00019907010573660955,1,BCC
IL_6802806,1,BCC,BCC,0.00042448731983313337,0.48792608827352524,0.4926812138874084,2.6149207769776694e-05,0.006354430763167329,0.011762226931750774,0.00031876477260084357,0.0005066444136900827,2,BKL
IL_6803383,1,BCC,BCC,0.3917319105239585,0.47527885521412827,0.03639722755178809,0.0013080582139082253,0.05111785838380456,0.015707811573520303,0.0281826788559556,0.0002756100439000875,1,BCC
IL_6806231,5,NV,NV,1.8114894828613615e-06,4.896200516668614e-05,0.032531833001030463,0.0002740735340012179,0.1214401088654995,0.8456609845161438,1.120165177326271e-05,3.107486463704845e-05,5,NV
IL_6812104,1,BCC,BCC,0.0009048815409187227,0.5406029373407364,0.4204210473690182,0.0004747458042402286,0.0017954388167709112,0.009237831924110651,0.026442331785801798,0.00012076097846147604,1,BCC
IL_6812828,2,BKL,BKL,8.05269846750889e-05,0.0021078645950183272,0.43790502357296646,1.1296358934487216e-05,0.00017626049520913512,0.5595615059137344,0.0001354338046439807,2.207468269332935e-05,5,NV
IL_6816104,1,BCC,BCC,1.3816529190080473e-05,0.4758984809741378,0.02402745420113206,0.0004399713361635804,0.044337451457977295,0.05563952587544918,7.990265658008866e-05,0.3995634721359238,1,BCC
IL_6816811,1,BCC,BCC,0.044328298870823346,0.887062668800354,0.0015511837300437037,0.01286121348675806,0.009864380667949035,0.04179695644415915,0.0020165628130826008,0.0005187320047816968,1,BCC
IL_6816964,1,BCC,BCC,0.06915741972625256,0.43295589927583933,0.45438699098303914,0.0012793865316780284,0.006001267611281946,0.03158384291600669,0.004240297072101384,0.0003949547099182382,2,BKL
IL_6820116,1,BCC,BCC,0.19135342980735004,0.5603404939174652,0.22788720260723494,0.00042430437315488234,0.0003350541774125304,0.01166057086084038,0.00789065210847184,0.00010831332403427041,1,BCC
IL_6820172,5,NV,NV,3.053236923733493e-05,0.03132090903818607,0.0027126491186209023,3.3795608032960445e-05,0.0002585914626251906,0.9653515219688416,0.00010100818718683513,0.00019096168307441985,5,NV
IL_6825163,2,BKL,BKL,0.5794244185090065,0.000916032309419279,0.22662462235894054,0.0003481727726466488,0.00022017970331944525,0.1923311465070583,0.0001315683600751072,3.873603901638489e-06,0,AK
IL_6826946,1,BCC,BCC,0.05909184127813205,0.15956140973139554,0.2460721117677167,0.001356153457891196,0.003298456809716299,0.5256732255220413,0.0031817778799450025,0.001765049426467158,5,NV
IL_6827791,1,BCC,BCC,6.43412008685118e-05,0.1985595105215907,0.009236961137503386,0.0001432646095054224,0.03202443104237318,0.45123950263950974,0.3086889814494498,4.304202184357564e-05,5,NV
IL_6829628,7,VASC,VASC,0.00020080422837054357,0.4970492483371345,0.016736766789108515,0.0034966092789545655,0.0013459031688398682,0.4804952467093244,8.980999427876668e-05,0.0005855866329511628,1,BCC
IL_6831423,2,BKL,BKL,0.38957394659519196,0.03803350287489593,0.4809326585382223,0.0038742860488127917,0.013330675254110247,0.028920375742018223,0.045153759070672095,0.0001807585940696299,2,BKL
IL_6833958,0,AK,AKIEC,0.012674490644712932,0.0021585267677437514,0.25625256687635556,0.0004313863669267448,0.09942101126580383,0.129026559079648,0.49785067662014626,0.0021847715066769524,6,SCC
IL_6834280,1,BCC,BCC,0.006901317974552512,0.4920303368708119,0.38831063848920166,0.00029337780506466515,0.015304190892493352,0.0934318364597857,0.0026777050807140768,0.0010506048711249605,1,BCC
IL_6834343,1,BCC,BCC,0.002042072097538039,0.6236591190099716,0.12801221711561084,0.0029377488026511855,0.16671408049296588,0.010663717504939996,0.06472939439117908,0.0012416720637702383,1,BCC
IL_6836295,1,BCC,BCC,0.6340520679950714,0.06721580738667399,0.24840638195746578,4.860334661316301e-05,0.04504653252661228,0.003952642873628065,0.0011956871894653887,8.224123303079978e-05,0,AK
IL_6836759,1,BCC,BCC,0.034101580269634724,0.012737074983306229,0.455364981200546,0.0001029192135320045,0.00987632037140429,0.03309058787999675,0.4544997656266787,0.00022680164556732052,2,BKL
IL_6836938,5,NV,NV,0.00984319608687656,0.5075564831495285,0.013599906727904454,0.005783280736068264,0.0021476622787304223,0.35742248268797994,0.013642694102600217,0.09000432622269727,1,BCC
IL_6839518,1,BCC,BCC,0.002809965197229758,0.8004014492034912,0.1813995923148468,0.0005722974092350341,0.005145767834619619,0.009154553757980466,0.00035656346153700724,0.00015982819604687393,1,BCC
IL_6841105,1,BCC,BCC,0.03448908880818635,0.5159537270665169,0.16699565201997757,0.0016780556470621377,0.00040033773984760046,0.2753324192017317,0.0034413732355460525,0.0017092794296331704,1,BCC
IL_6845657,1,BCC,BCC,0.31767638027668,0.5631206929683685,0.012863649113569409,1.3646261777466862e-05,0.00073131280078087,0.04710794763013837,0.05846531130373478,2.108160356328881e-05,1,BCC
IL_6847142,1,BCC,BCC,0.0030963807803345844,0.02989673455886077,0.49827426369301975,0.0006480211923189927,0.0006255837506614625,0.004789297701790929,0.4623374415677972,0.00033226967570954,2,BKL
IL_6847557,5,NV,NV,1.2853882935814909e-06,1.8965960144612382e-06,0.006675780197838321,2.8066720005881507e-05,0.05960005708038807,0.9336536228656769,4.371136128611397e-06,3.485920933599118e-05,5,NV
IL_6847653,1,BCC,BCC,0.0010858226887648925,0.48996772480313666,0.5025118966586888,0.0002954577357741073,0.0009897797281155363,0.002761109732091427,0.0021733008870796766,0.00021489141158781422,2,BKL
IL_6849118,6,SCC,SCCKA,0.4957532277330756,0.17948165070265532,0.02511996985413134,0.0005557444674195722,0.001078204542864114,0.012238232418894768,0.28539243098930456,0.00038049262002459727,0,AK
IL_6850540,2,BKL,BKL,0.14865405403543264,0.002389196341027855,0.8022873103618622,3.744168282082683e-05,0.023810976621462032,0.022592766326852143,0.00022049233666621149,7.81456958520721e-06,2,BKL
IL_6852784,6,SCC,SCCKA,0.1463454240001738,0.0013598079094663262,0.005875477916561067,0.00017078900418709964,0.0062194193014875054,0.004247017503075767,0.8357588648796082,2.3165940774561022e-05,6,SCC
IL_6853458,1,BCC,BCC,0.0014187852793838829,0.9915448427200317,0.0024262017686851323,0.002407268279512209,0.00019366215565241873,0.0005720676272176206,0.001411837147315964,2.5289584300480783e-05,1,BCC
IL_6853764,5,NV,NV,0.31014253662578994,0.1321161836385727,0.1283479854464531,0.013716278837819118,0.00035569626197684556,0.4102742224931717,0.004922009073197842,0.00012504184996942058,5,NV
IL_6860509,5,NV,NV,0.000622259292773375,0.06463665408591623,0.0032758868183009326,6.333124306934224e-05,0.002459810218724101,0.9135504961013794,1.1439565234638849e-05,0.01538009008643293,5,NV
IL_6862607,4,MEL,MEL,0.0006519065955217229,5.3927993121760665e-05,0.04611940681934357,0.0006311015458777547,0.7883112132549286,0.1615445539355278,0.0022928191647224594,0.00039506758912466466,4,MEL
IL_6863139,1,BCC,BCC,0.0015638443237548927,0.06696235906383663,0.8732842803001404,0.0003699495064211078,0.0010999021615134552,0.055583723820745945,0.0010882497590500861,4.768793769471813e-05,2,BKL
IL_6865850,2,BKL,BKL,0.0017101882258430123,0.001824524049879983,0.6430308073759079,0.0019287914037704468,0.16953886859118938,0.11128456518054008,0.07042587810428813,0.0002563644593465142,2,BKL
IL_6867211,1,BCC,BCC,0.014619039371609688,0.500713661313057,0.039783827029168606,0.0019804475450655445,0.37970905960537493,0.04714165843324736,0.0064623726066201925,0.009589938563294709,1,BCC
IL_6868637,1,BCC,BCC,0.0006233987514860928,0.48436332526034676,0.47457873076200485,0.0016959588870122388,0.0007848972745705396,0.03665996342897415,0.00031938198662828654,0.0009743347884523246,1,BCC
IL_6869608,5,NV,NV,0.43727292330777345,0.0016368363806122943,0.03510017070948379,0.2291528860832841,0.014958717401896138,0.2778667267411947,2.8728691972901288e-05,0.0039830701280152425,0,AK
IL_6873122,1,BCC,BCC,0.07611488760448992,0.3880202420987189,0.4989823615178466,3.7769686969113536e-05,0.023299178574234247,0.010985557921230793,0.0010692814539652318,0.0014906924770912156,2,BKL
IL_6877500,5,NV,NV,2.0465704210437252e-05,3.1580516406393144e-05,0.37418134906329215,5.5489633268734906e-05,0.012389391660690308,0.6132213622331619,6.9734243197672185e-06,9.344482896267436e-05,5,NV
IL_6877594,4,MEL,MEL,0.00010483336666311516,0.00017712055068841437,0.13620360742788762,0.0002051784031209536,0.05586711619980633,0.8065192699432373,7.597189414809691e-05,0.0008468943779007532,5,NV
IL_6879944,1,BCC,BCC,0.050361230329144746,0.5008940224070102,0.1957327152194921,0.004993044742150232,0.07793797585691209,0.14701945647539105,0.02259511683951132,0.0004664242806029506,1,BCC
IL_6881549,4,MEL,MEL,5.547387956994498e-06,8.288818753499072e-05,0.008775416994467378,4.8084224999911385e-05,0.42065298883244395,0.5703861489892006,6.562359317285882e-06,4.226957844366552e-05,5,NV
IL_6887782,4,MEL,MEL,2.68043314237687e-05,8.985947275164108e-08,0.0033201415790244937,4.0602927242616715e-07,0.42385675486002583,0.5727936401963234,2.999879953335949e-07,1.8960000147671963e-06,5,NV
IL_6888709,1,BCC,BCC,0.5063103777356446,0.0003642066949396394,0.4245275448975008,0.0005503095019711579,0.03441112872633312,0.031189558083028146,0.0015290009137061134,0.001117889418079443,0,AK
IL_6889294,5,NV,NV,4.5825094275642186e-05,0.005642812117002904,0.32952949427999556,0.0004182753946224693,0.004760974901728332,0.6595542430877686,1.617586622160161e-05,3.219099744455889e-05,5,NV
IL_6890613,1,BCC,BCC,0.006625051239097957,0.6603884994983673,0.020481073806877248,0.28417510678991675,0.00808202219195664,0.01127099129371345,0.004153827307163738,0.004823450464755297,1,BCC
IL_6891715,1,BCC,BCC,0.5274544060230255,0.3350426022079773,0.09096934227272868,0.00012073680045432411,0.02909491490572691,0.011088924133218825,0.002778337791824015,0.0034507628697610926,0,AK
IL_6893390,1,BCC,BCC,0.24509835429489613,0.034842586144804955,0.4784964397549629,0.08650895766913891,0.010138800367712975,0.056457435712218285,0.08153350988868624,0.0069239442236721516,2,BKL
IL_6893895,6,SCC,SCCKA,0.012477114796638489,0.05943549796938896,0.009698433801531792,0.009845165041042492,0.1947969403117895,0.307767815887928,0.3603362301364541,0.045642828568816185,6,SCC
IL_6897591,1,BCC,BCC,0.03328628389863297,0.5137762799859047,0.02996153482581576,0.0007677202665945515,0.007188133953604847,0.41307857970241457,0.0015222538859234191,0.00041921736556105316,1,BCC
IL_6900005,6,SCC,SCCKA,0.004190290434053168,0.0010068710253108293,0.12003515860124025,0.0017650427316766581,0.001677549586929672,0.006908095573180617,0.8642238080501556,0.0001932219965397053,6,SCC
IL_6901137,5,NV,NV,4.928261116421417e-07,0.00011405664777996982,0.0011221199038118357,0.0003974651436582377,0.006058653350919485,0.9921995103359222,0.0001063677563970522,1.4090758639895284e-06,5,NV
IL_6904251,4,MEL,MEL,0.01918797594271382,0.00028044089234668945,0.6157545000314713,0.0004231666881651108,0.2746958062525664,0.08616436249576509,0.003338898942047308,0.0001548446443031537,2,BKL
IL_6907035,0,AK,AKIEC,0.0190312706399709,0.13439174741506577,0.3823430724442005,0.0002826041163643822,0.021453045643283986,0.01903402339667082,0.42322926194174215,0.00023491268802899867,6,SCC
IL_6907846,1,BCC,BCC,2.035822944890242e-05,0.9425933659076691,0.0007295207178685814,1.079079652299697e-05,0.0007148942240746692,0.05576025974005461,0.00016401824029799172,6.855285391793586e-06,1,BCC
IL_6910887,6,SCC,SCCKA,0.7690616846084595,0.020507548935711384,0.050562191143399104,0.0030076723924139515,0.002824312774464488,0.05881914270139532,0.08973148418590426,0.005485998088261113,0,AK
IL_6914353,2,BKL,BKL,3.4007470048891264e-06,2.349220551423059e-06,0.5625403299927711,2.838590194187418e-05,0.0009444827155675739,0.43647493922617286,1.494243662136796e-06,4.598472912675788e-06,2,BKL
IL_6916787,4,MEL,MEL,2.6980927714248537e-05,0.0027702414363375283,0.00200329402287025,1.5677269033176344e-05,0.009744341456098482,0.9854225218296051,6.048065571917505e-06,1.0885937172133708e-05,5,NV
IL_6918825,1,BCC,BCC,0.18961376696825027,0.12464846856892109,0.14793602816644125,0.007738156316918321,0.15889070910634473,0.004746359743876383,0.36458122823387384,0.0018452591430104803,6,SCC
IL_6920562,1,BCC,BCC,0.19845154326867487,0.6398820281028748,0.06792594317812473,0.0016399485588749485,0.001730152338922153,0.08924759365618229,0.0009848085730368439,0.0001380613005039777,1,BCC
IL_6921234,6,SCC,SCCKA,0.9389317333698273,0.003709690528921783,0.03754508728161454,0.00199295972197433,0.0013001785628148355,0.0059964441461488605,0.010406834306195378,0.00011707888234013808,0,AK
IL_6922157,1,BCC,BCC,0.018213366041891277,0.7257232815027237,0.010916527731751557,0.000648052883661876,0.006282061644014902,0.23115815498749726,0.007052569417282939,5.991952633621622e-06,1,BCC
IL_6923101,2,BKL,BKL,0.00011270848955291513,6.983526691328734e-05,0.4971267881337553,1.7420620366692674e-05,0.0012332273763604462,0.5014237579889596,1.4979375009716023e-05,1.254501512448769e-06,5,NV
IL_6926663,2,BKL,BKL,0.060448182746768,0.009560950566083193,0.38040580035885796,0.00017716995353111997,0.3201461684075184,0.018176574958488345,0.21102669090032578,5.848179353051819e-05,2,BKL
IL_6931875,1,BCC,BCC,0.04731829739466775,0.7810823917388916,0.06795306270942092,0.0011549603077583015,0.016473633237183094,0.04774324642494321,0.02962296862074254,0.008651459822431207,1,BCC
IL_6934051,1,BCC,BCC,0.041998735163360834,0.13211349211633205,0.10183867299929261,0.09598165261559188,0.1266386820934713,0.13510911888442934,0.36350973695516586,0.0028098818147554994,6,SCC
IL_6935621,1,BCC,BCC,0.03809895849553868,0.023399538215016946,0.4308135360479355,0.006699993507936597,0.007192364239017479,0.09035887662321329,0.4027658700942993,0.0006708812725264579,2,BKL
IL_6938296,4,MEL,MEL,0.00010219944761047373,0.0032224508468061686,0.005231152958003804,0.0018506549704397912,0.6404618471860886,0.3479547668248415,0.0005042050197516801,0.0006726732572133187,4,MEL
IL_6940421,1,BCC,BCC,0.00013712289182876702,0.46516976738348603,0.4919778723269701,0.0004939075151924044,0.0012595145744853653,0.01316129876067862,0.027787025919678854,1.3523324469133513e-05,2,BKL
IL_6942277,1,BCC,BCC,0.0004060721767018549,0.4699130905792117,0.01632483841967769,0.0033177970253746025,0.017307925561908633,0.4618777739815414,0.030275183948106132,0.0005773593229605467,1,BCC
IL_6943395,1,BCC,BCC,0.0001000664603125756,0.4682447761297226,0.4726845473051071,3.456346939856303e-05,0.0010924999078270048,0.056260022218339145,0.0015770210361552017,6.454710899106431e-06,2,BKL
IL_6943696,4,MEL,MEL,0.000821163227751498,0.0020639629947254434,0.39376888156402856,7.901830701939616e-05,0.07780693145468831,0.5248833075165749,6.502357240378842e-05,0.0005116881658580041,5,NV
IL_6944538,1,BCC,BCC,0.003381408518180251,0.4354482305352576,0.366425234824419,0.00040812677914914275,0.02812353416811675,0.16597038367763162,0.00014264628543969593,0.00010045499598732022,1,BCC
IL_6946441,1,BCC,BCC,0.01779554839595221,0.48807834670878947,0.48405100870877504,0.00018281359882621473,0.0035234183305874467,0.004742167686345056,0.0012593313199431577,0.00036738777839673276,1,BCC
IL_6947198,1,BCC,BCC,0.0009987394150812179,0.4263216555118561,0.06679401593282819,0.005629523038805928,0.01766489048168296,0.4799940437078476,0.0025160297518596053,8.10949140941375e-05,5,NV
IL_6947307,4,MEL,MEL,2.4804085967389256e-05,0.00019371346934349276,0.47142849690317234,5.382351588423262e-06,0.5252670664340258,0.002865940681658685,0.0002113934942826745,3.2164645062948694e-06,4,MEL
IL_6950082,1,BCC,BCC,0.011361462671629852,0.1853900744463317,0.6011244654655457,0.00016107047849800438,0.0004966318656443036,0.20125864818692207,0.00016366470117645804,4.398488817969337e-05,2,BKL
IL_6950574,6,SCC,SCCKA,0.009073418332263827,0.0006743157609889749,0.05157923186197877,0.006456374596382375,0.2131070550531149,0.0048264135766658,0.714224249124527,5.8888264902634546e-05,6,SCC
IL_6952283,1,BCC,BCC,3.471549916866934e-05,0.49818646535277367,0.31218863488174975,0.0010339532564103138,0.08574185206816765,0.10213031648891047,4.2217756345053203e-05,0.000641895381249924,1,BCC
IL_6953253,2,BKL,BKL,8.625243003734795e-05,0.0007386171737380209,0.6879391223192215,1.6986907667160267e-05,0.00036613843258237466,0.31028015445917845,0.0005681621987605467,4.603917659551371e-06,2,BKL
IL_6954282,1,BCC,BCC,0.001934555322804954,0.2794285863637924,0.33734137803548947,7.397668014164083e-05,6.244904898267123e-05,0.3803173825144768,0.00039374084371956997,0.0004479637173062656,5,NV
IL_6955894,6,SCC,SCCKA,0.019950419207816594,0.4312238340960448,0.04250709867733349,2.550414613722296e-05,0.0002975798454940559,0.003873305001079075,0.5021098060533404,1.246082062017484e-05,6,SCC
IL_6955950,1,BCC,BCC,0.006848248012829572,0.042837067507207394,0.07211124918103451,0.12738140486908378,0.056953182676807046,0.021904589055338874,0.6702557802200317,0.0017085497820517048,6,SCC
IL_6960759,5,NV,NV,0.001972273284991388,4.6546813791792374e-05,0.009157356224022806,0.00032520104286959395,0.18245012685656548,0.8022789061069489,0.000801794574726955,0.0029678206774406135,5,NV
IL_6962056,1,BCC,BCC,0.08505938971211435,0.4829905068036169,0.40334901586174965,0.00046919818919377576,0.01506508607417345,0.010283110896125436,0.0024179540923796594,0.00036573859688360244,1,BCC
IL_6962518,2,BKL,BKL,0.028846876537954813,0.004713091573585126,0.9387462735176086,0.0004471050197571991,0.0011359732452547178,0.025768917599634733,0.0002546395625557807,8.712582804859537e-05,2,BKL
IL_6962525,4,MEL,MEL,0.012969762796274154,0.03295532040647231,0.3217602693475783,0.00016637970838928595,0.11748578120023012,0.5123446211218834,0.002281339048749942,3.651709948826465e-05,5,NV
IL_6964615,6,SCC,SCCKA,0.06635256879962981,0.4341766824363731,0.46995992213487625,6.79573458910454e-05,0.014413526445423486,0.006581726251170039,0.007481243461370468,0.000966308277384087,2,BKL
IL_6967466,0,AK,AKIEC,0.3770068197627552,0.08482055648119058,0.5129604022949934,4.4862663372668976e-05,0.010214781379204396,0.0036926829488947988,0.01120844241722807,5.146304681602487e-05,2,BKL
IL_6968028,1,BCC,BCC,0.008551327046006918,0.5919247269630432,0.09659894698415883,0.029329428716664552,0.009507973896688782,0.2567891466896981,0.004763170290971175,0.0025352288721478544,1,BCC
IL_6970769,0,AK,AKIEC,0.01027868215169292,0.3164785239569028,0.03559744288213551,6.651697640336351e-05,0.4697120161727071,0.003405253402888775,0.16439510520285694,6.640880201302934e-05,4,MEL
IL_6970839,1,BCC,BCC,0.009611384477466345,0.46046310232759424,0.25686478801071644,0.0004749954241560772,0.023731037974357605,0.24814411252737045,0.00047130488383118063,0.0002392733294982463,1,BCC
IL_6971040,1,BCC,BCC,0.014317902037873864,0.31246280670166016,0.0028256833320483565,0.00024286000507345307,0.0042490367268328555,0.0024474449455738068,0.6634207665920258,3.355761418788461e-05,6,SCC
IL_6972994,2,BKL,BKL,6.779896011721576e-05,1.533436734746374e-05,0.9195109307765961,2.3085415364221262e-05,0.04628625183249824,0.034077577060088515,1.0169666666115518e-05,8.901629826141289e-06,2,BKL
IL_6975771,2,BKL,BKL,1.5368504833190855e-06,0.00021024495822175027,0.9935217201709747,2.5653270512293602e-06,0.0017793335719034076,0.004482241813093424,2.091333842102472e-06,2.735294373223951e-07,2,BKL
IL_6976997,1,BCC,BCC,0.25813017250038683,0.15602306835353374,0.5180580168962479,0.0004908754053758457,0.019152668304741383,0.03463765885680914,0.013079396914690733,0.00042813621621462516,2,BKL
IL_6980799,1,BCC,BCC,0.4964768011122942,0.03434923570603132,0.07207132363691926,1.640557165405454e-05,0.35636116859677713,0.006377381505444646,0.03432997023799089,1.7696879211825944e-05,0,AK
IL_6981677,2,BKL,BKL,0.0037882057949900627,6.107336594141088e-05,0.8886069059371948,0.0013901827798008526,0.020173824101220816,0.08536868513328955,0.00038581827539019287,0.00022524127564338414,2,BKL
IL_6982257,2,BKL,BKL,0.0036861583939753473,8.407747372984886e-06,0.21808120608329773,1.9215521433579852e-05,0.14183370023965836,0.6362581551074982,5.960006274108309e-05,5.3504238167079166e-05,5,NV
IL_6983089,1,BCC,BCC,0.005625652731396258,0.011476455227239057,0.8698087334632874,0.00029155320589779876,0.006613536286749877,0.10359739908017218,0.002445111982524395,0.00014158998533275735,2,BKL
IL_6985784,1,BCC,BCC,0.023216149769723415,0.5968559086322784,0.26263250363990664,0.03320459229871631,0.024461011867970228,0.022630034713074565,0.03673124499619007,0.00026857692500925623,1,BCC
IL_6987623,6,SCC,SCCKA,0.00180726701918843,0.0011511965796060508,0.0016764726856308698,0.2691850680139396,0.0003306340911723993,0.0008865773779422881,0.7249364852905273,2.629685196853075e-05,6,SCC
IL_6994946,1,BCC,BCC,0.10175523452926427,0.11440961342304945,0.10694912262260914,0.010397606994956732,0.07807292137295008,0.06844099424779415,0.5156153440475464,0.004359191818366526,6,SCC
IL_6995611,1,BCC,BCC,0.003962274771765806,0.4931041849195026,0.49236409552395344,0.0009285397754865699,0.0006069943192414939,0.008650168776512146,0.0003266106596129248,5.7059177834162256e-05,1,BCC
IL_6995800,1,BCC,BCC,0.0028028995729982853,0.2385965771973133,0.2220238447189331,0.006086634937673807,0.037150656804442406,0.4765787720680237,0.00783166956534842,0.008928957642638125,5,NV
IL_7001999,2,BKL,BKL,4.314167927077506e-05,0.0009557274170219898,0.009707938530482352,5.312186840455979e-05,0.150101063773036,0.8387898206710815,0.00016809575390652753,0.00018111662211595103,5,NV
IL_7002218,1,BCC,BCC,0.04980060993693769,0.5801085531711578,0.02987922343891114,0.002936406555818394,0.1533031743601896,0.02171265175275039,0.025288392789661884,0.13697099778801203,1,BCC
IL_7009317,1,BCC,BCC,0.002527112618594174,0.14272775774588808,0.2677500282297842,0.00043466918850754155,0.003528282104525715,0.237417618278414,0.3455588091264872,5.576828414177726e-05,6,SCC
IL_7010716,1,BCC,BCC,0.42474143323488533,0.36106997821480036,0.03835088729101699,0.0007449474433087744,0.0016678877509548329,0.014157171186525375,0.1590849021449685,0.0001827847553954598,0,AK
IL_7018812,5,NV,NV,7.125780211936217e-05,0.0006239940303203184,0.17571108788251877,0.00023767892344039865,0.020608748774975538,0.8024461269378662,0.0001067766897904221,0.00019437774608377367,5,NV
IL_7020464,1,BCC,BCC,0.01649186389931856,0.6712357401847839,0.07315229788946453,0.16880539126873373,0.006432657937693875,0.059411988462670706,0.003544024169968907,0.0009260108736270922,1,BCC
IL_7021252,1,BCC,BCC,0.5086211953312159,0.4888800825283397,0.0016631559701636434,1.0369268149346134e-05,2.9276449708959262e-05,0.00044722478196490556,0.00034483604706991855,3.847946129953428e-06,0,AK
IL_7023343,2,BKL,BKL,0.000852489669341594,0.7288306653499603,0.03847368550486863,0.0014101015985943377,0.015384492988232523,0.15527183935046196,0.05973347747931257,4.330642900640669e-05,1,BCC
IL_7023776,4,MEL,MEL,0.0004064270469825715,0.026522117666900158,0.22297018766403198,0.00015782600326019747,0.40896320762112737,0.34045016951859,0.00014239137817639858,0.0003876590672007296,4,MEL
IL_7025715,1,BCC,BCC,0.008977679803138017,0.5366611108183861,0.3622471302805934,0.0004038726175892293,0.04005726922287067,0.04918237712990958,0.0018841707387764473,0.0005864067122018923,1,BCC
IL_7034228,6,SCC,SCCKA,0.05872241104952991,0.2532808147370815,0.18671146593987942,0.00029911210549471434,0.005674456368069514,0.05725603920291178,0.4376551164314151,0.0004005127659638674,6,SCC
IL_7034758,1,BCC,BCC,0.059975792828481644,0.3303850367665291,0.127321674808627,0.0016535395789105678,0.021925434237346053,0.004270327801350504,0.45431241393089294,0.00015578687509787414,6,SCC
IL_7037144,1,BCC,BCC,0.00011599572462728247,0.5396503619849682,0.00379154400434345,0.00321198052552063,0.002342799329198897,0.44713457161560655,0.0018298407521797344,0.0019229469980928116,1,BCC
IL_7041328,1,BCC,BCC,0.00999464172491571,0.4900748268294137,0.0059758961615443695,4.373332336271574e-06,4.326374121887966e-05,0.4938995570773841,3.4829833754912443e-06,3.998752870826294e-06,5,NV
IL_7047069,1,BCC,BCC,0.08606052928371355,0.4404263123869896,0.2512479890137911,0.01096573262475431,0.004055935190990567,0.07542417757213116,0.13047179853310809,0.001347492405329831,1,BCC
IL_7048697,3,DF,DF,0.017695870308671147,0.3620015159249306,0.15128504484891891,0.11530074232723564,0.04667326621711254,0.30200857343152165,0.0006947576475795358,0.0043402304872870445,1,BCC
IL_7050947,1,BCC,BCC,0.012117896927520633,0.8595347702503204,0.1094019035808742,0.0006344427292788168,0.009732898906804621,0.006666618748567998,0.00180892733624205,0.00010251968706143089,1,BCC
IL_7052424,5,NV,NV,1.6731939496139603e-06,1.0841651487680792e-05,0.0011060502147302032,5.235375738266157e-06,0.03169822599738836,0.9671535193920135,1.4536133789988526e-06,2.3014049020275706e-05,5,NV
IL_7059623,5,NV,NV,3.855326689006233e-06,2.5731286541486043e-05,5.487615089805331e-05,6.734057024004869e-06,0.02397694392129779,0.9758799076080322,6.048004649983341e-06,4.594869460561313e-05,5,NV
IL_7060630,0,AK,AKIEC,0.21137458086013794,0.0009570089750923216,0.059239499270915985,0.0103625567862764,0.14333362132310867,0.42631309293210506,0.13457616744562984,0.013843482476659119,5,NV
IL_7061463,1,BCC,BCC,0.00021773110802314477,0.853105366230011,0.0015358502423623577,0.000901699204405304,0.0005989552100800211,0.14360906183719635,2.8762658303094213e-05,2.6323321264953847e-06,1,BCC
IL_7062666,1,BCC,BCC,0.04281667247414589,0.00853822601493448,0.6500954329967499,0.0598788121715188,0.044942826963961124,0.043632819782942533,0.14824121817946434,0.0018540439778007567,2,BKL
IL_7063855,1,BCC,BCC,0.06665642815642059,0.5241710618138313,0.2213759225269314,0.021594969555735588,0.012685853755101562,0.1406033710227348,0.007171531906351447,0.00574083442279516,1,BCC
IL_7064564,1,BCC,BCC,0.026030091219581664,0.5818350538611412,0.29543270231806673,0.00912691780004593,0.06278908642980241,0.012414778961101547,0.007120676413705951,0.005250702172816091,1,BCC
IL_7068236,1,BCC,BCC,0.0007306829938897863,0.7307669222354889,0.029307551681995392,0.05460758552362677,0.004921651736367494,0.004894776298897341,0.17199397587683052,0.0027768774598371238,1,BCC
IL_7070259,1,BCC,BCC,1.2777351685144822e-05,0.680525466799736,0.03400425976724364,9.242487948313283e-07,0.03065946097149208,0.25477445856449776,1.7258917409890273e-05,5.429068920648206e-06,1,BCC
IL_7071169,0,AK,AKIEC,0.00011095292575191706,2.3229847556649474e-05,0.49979670616448857,3.1961613444764225e-05,0.24371472955681384,0.25601794769499975,5.5976988733164035e-05,0.00024851346914545047,2,BKL
IL_7072256,0,AK,AKIEC,0.004967735265381634,0.011821748164948076,0.9189784526824951,0.00021849600307177752,0.014613064857257996,0.013570977840572596,0.03570005198707804,0.0001293792447540909,2,BKL
IL_7074375,1,BCC,BCC,0.1539087131677661,0.2358002004766604,0.6041556745767593,0.00010498156370886136,0.001196205848827958,0.0026878915959969163,0.0016875366563908756,0.0004588130923366407,2,BKL
IL_7077656,1,BCC,BCC,0.0012537322704702092,0.933618038892746,0.038630775816272944,1.6238309854088584e-05,0.0007777405990054831,0.022824137995485216,0.0028428173864085693,3.6556989698510733e-05,1,BCC
IL_7084309,1,BCC,BCC,0.2842296473681927,0.24259625165723264,0.44105056016269373,4.761652780871373e-05,0.0051230964963906445,0.022775875695515424,0.004159060443271301,1.781850187398959e-05,2,BKL
IL_7085147,5,NV,NV,0.05102712268126197,0.3341525394935161,0.059238119050860405,0.006095461933000479,0.32177308667451143,0.1615547244437039,0.05661330424845801,0.009545721346512437,1,BCC
IL_7085786,1,BCC,BCC,0.0014845528057776392,0.046143049374222755,0.43325932137668133,0.00024367716105189174,0.024431052443105727,0.011779294582083821,0.48232074547559023,0.00033831569089670666,6,SCC
IL_7092034,1,BCC,BCC,0.168824092077557,0.5673100799322128,0.006235445117340532,0.0009482761937391615,0.008293821590996231,0.14024009060813114,0.10803952388687321,0.0001086945139263662,1,BCC
IL_7093777,5,NV,NV,1.1400891821722325e-06,9.325550672656391e-05,0.1869884394109249,8.29254560130721e-06,0.3195708459825255,0.4933023788034916,4.366223777196865e-06,3.12956290144939e-05,5,NV
IL_7096412,1,BCC,BCC,0.42957989126443863,0.3940911046047404,0.03181740490254015,0.0001450352395977461,0.10361280990764499,0.03907726111356169,0.0016475620006985991,2.897512467825436e-05,0,AK
IL_7099045,0,AK,AKIEC,0.010972668183967471,0.06596202589571476,0.08953577093780041,0.057968903332948685,0.06037247972562909,0.015409800224006176,0.6988096535205841,0.0009686791890999302,6,SCC
IL_7101016,1,BCC,BCC,8.737525695323711e-05,0.4994325981824659,0.2526021896628663,0.0001022763228348822,0.00039978216236136177,0.2468058978265617,0.0005626812438208617,7.230667321778128e-06,1,BCC
IL_7103139,5,NV,NV,2.1598140165224322e-07,5.640321397493153e-06,0.00150790948451629,9.857481018116232e-06,0.009610363282263279,0.9888559579849243,1.5469963159375766e-06,8.47991464070219e-06,5,NV
IL_7103424,1,BCC,BCC,0.004221298597258283,0.4828865338131436,0.14554499477162608,0.00019826303150694002,0.020648986697779037,0.33168422477319837,0.013667498176801018,0.001148163092238974,1,BCC
IL_7108184,1,BCC,BCC,0.06608556862920523,0.509910874068737,0.0206283942097798,0.32470938774349634,0.01222204984878772,0.06312865891959518,0.003190773044480011,0.0001242889170498529,1,BCC
IL_7110419,1,BCC,BCC,0.07378752157092094,0.09350583853665739,0.3790604530368,0.0003460807565716095,0.04287102198577486,0.012744588657369604,0.39766236656942056,2.2138795429782476e-05,6,SCC
IL_7110951,1,BCC,BCC,0.007940967538161203,0.8185941874980927,0.1376417825504177,0.000247824818927711,0.00977267116695657,0.024105604097712785,0.0015204601040750276,0.00017644440714548182,1,BCC
IL_7113968,6,SCC,SCCKA,0.030473203863948584,0.03516681818291545,0.1862941870931536,0.01996971742482856,0.015236443025059998,0.2359146809176309,0.47667246125638485,0.0002724850255617639,6,SCC
IL_7115746,1,BCC,BCC,0.0005055674719187664,0.7374556958675385,0.016039675567299128,5.177050385896109e-05,0.0027670104464050382,0.24297036416828632,0.00013118767765263328,7.875193193740415e-05,1,BCC
IL_7117274,1,BCC,BCC,0.0003256632808188442,0.5241439267992973,0.12563114427030087,0.0008116645076370332,0.0011103009110229323,0.3370328349992633,0.010761254030512646,0.00018325553355680313,1,BCC
IL_7117904,2,BKL,BKL,0.00011940474360017106,0.496345579624176,0.1064246798196109,0.0009773091687748092,0.0019114335591439158,0.32857157045509666,0.06549351674038917,0.0001565318297025442,1,BCC
IL_7119358,5,NV,NV,0.00011837972942885244,0.001633111064620607,0.019244856433942914,0.0005997883126838133,0.23839955558651127,0.7395325303077698,0.00022753431653654843,0.00024425616948065,5,NV
IL_7124552,5,NV,NV,2.566822809058067e-05,2.6725746465672273e-05,0.010939066822174937,2.790740393265878e-05,0.0260561651957687,0.9628165364265442,7.563083613604249e-06,0.00010038183131655387,5,NV
IL_7126907,1,BCC,BCC,0.39581890404224396,0.14201142542879097,0.3638123329728842,0.0005553046794375405,0.022981363290455192,0.02164805372012779,0.052338660520035774,0.0008339319902006537,0,AK
IL_7127568,1,BCC,BCC,0.005480616287968587,0.03727258829167113,0.8397342264652252,0.0051649315682880115,0.009168590884655714,0.006219432107172906,0.09686809009872377,9.148277945314476e-05,2,BKL
IL_7130960,5,NV,NV,9.567100676122209e-07,0.002455609820515292,6.6884676925838e-05,4.003846959221846e-05,0.006836482556536794,0.9905117452144623,3.7794758895870473e-06,8.45575143557653e-05,5,NV
IL_7131133,1,BCC,BCC,0.00010942343214992434,0.9879119694232941,0.006489353370852768,1.2818361597055627e-05,5.244668045634171e-05,0.0008276103435491677,0.004595226029778132,1.1021419084045192e-06,1,BCC
IL_7133935,5,NV,NV,1.2039077375902707e-05,6.556870265228554e-05,0.11432149679785653,2.1752066004410153e-05,0.06971924938261509,0.8156901597976685,0.00011622724559856579,5.349998627934838e-05,5,NV
IL_7135513,2,BKL,BKL,0.7789319753646851,0.0006431290839827852,0.1941928679589182,0.011098861027676321,0.003663352704961653,0.006159061565995216,0.004743655968923122,0.0005670552375249827,0,AK
IL_7136184,5,NV,NV,7.2610853294463595e-06,7.22974961320233e-05,0.29489442529302323,0.033057454358640825,0.0022408541990444064,0.6695882230997086,4.990360503143165e-05,8.95535104064038e-05,5,NV
IL_7136276,0,AK,AKIEC,0.7471404373645782,0.02191910980764078,0.22576909512281418,1.7219816072611138e-05,0.001544886952615343,0.001060904593032319,0.0025363703025504947,1.1952809472859371e-05,0,AK
IL_7137624,6,SCC,SCCKA,0.047309134955867194,0.44787890277802944,0.04540205001831055,0.0003355290720037374,0.004729172651423141,0.001213911920785904,0.4526967881247401,0.00043447789357742295,6,SCC
IL_7140483,1,BCC,BCC,0.00023315600265050307,0.5261076912283897,0.030213432997697964,0.0007032719440758228,0.20317115071520675,0.09612818603636697,0.07450067065656185,0.06894245011835665,1,BCC
IL_7140493,2,BKL,BKL,0.0026737358275568113,0.007262003084179014,0.3455574130639434,0.0004793514672201127,0.021680618898244575,0.011289506684988737,0.6107739508152008,0.000283378951735358,6,SCC
IL_7141559,7,VASC,VASC,8.978639152701362e-05,0.6094758361577988,0.016664177492202725,0.04083905005487054,0.05712458175912616,0.2735104020102881,0.00039113926257527964,0.0019050596019951627,1,BCC
IL_7142205,5,NV,NV,2.166389779212352e-05,3.5716037842803416e-06,0.055456014481023885,5.694291229474402e-05,0.22066612960770726,0.7234652936458588,8.534396336301597e-06,0.0003219513098429161,5,NV
IL_7144691,1,BCC,BCC,0.011359451302269008,0.4566170424222946,0.3980740010738373,0.0013669873660546727,0.010533234104514122,0.11329847667366266,0.007605798309668899,0.001145014350186102,1,BCC
IL_7145393,4,MEL,MEL,0.0006352430427796207,4.7520992211502744e-05,0.3903611898422241,0.0002490522492735181,0.5125801116228104,0.09576289262622595,0.00021029561685281806,0.0001536831268822425,4,MEL
IL_7146228,1,BCC,BCC,0.002781066419288436,0.06324205920100212,0.5291716158390045,0.004155651171458885,0.02849667612463236,0.358935609459877,0.012449291469238233,0.0007680065389195079,2,BKL
IL_7147534,1,BCC,BCC,0.11248934736067895,0.05191639845725149,0.4999561132863164,0.008713805937873076,0.2171489766042214,0.03936990723013878,0.06977597269974467,0.000629445005870366,2,BKL
IL_7147688,0,AK,AKIEC,0.013084232108667493,0.4045255035161972,0.45122426748275757,0.016961405985057354,0.08596559800207615,0.012928764801472425,0.011736501008272171,0.0035737112630158663,2,BKL
IL_7148705,5,NV,NV,4.217826671037983e-05,0.0001614489738130942,0.0267357777338475,0.0007785229427099694,0.012063700007274747,0.9595642983913422,0.00019793227761510934,0.0004560831139315269,5,NV
IL_7148774,1,BCC,BCC,0.010989024769514799,0.8125539422035217,0.020476371981203556,0.0014614283572882414,0.004797725705429912,0.04297736659646034,0.10054552729707211,0.006198669667355716,1,BCC
IL_7151010,2,BKL,BKL,0.0010587737015157472,0.00038708119518560125,0.9935594797134399,0.00023134759521781234,0.0008517422666045604,0.0038771680556237698,3.32679291830118e-05,1.1292215447156195e-06,2,BKL
IL_7154137,6,SCC,SCCKA,0.008954791919677518,0.5337110757827759,0.01863839605357498,0.00021916720288572833,0.0007504685781896114,0.17693759567919187,0.2607644219024223,2.4154634957085364e-05,1,BCC
IL_7159942,5,NV,NV,0.0012487320254876977,0.0007049632113194093,0.43511504912748933,0.0017369328679706086,0.0044602334091905504,0.519838148728013,0.03657349923059883,0.00032245053444057703,5,NV
IL_7161164,5,NV,NV,0.001207508146762848,0.013706061654374935,0.044498971197754145,0.0003410524222999811,0.02188694616779685,0.9113855957984924,0.006801351664762478,0.00017259879314224236,5,NV
IL_7164412,6,SCC,SCCKA,0.007510325376642868,0.11323894374072552,0.29827464965637773,0.0016340821530320682,0.0012702152562269475,0.09721512303804047,0.47803668724372983,0.0028199660095538093,6,SCC
IL_7165616,0,AK,AKIEC,0.2678522600326687,0.10183401496033184,0.4377964169252664,0.0014340291963890195,0.06426484696567059,0.05263036739779636,0.07111508392699761,0.003073046629651799,2,BKL
IL_7168178,1,BCC,BCC,0.02240130482823588,0.11193941161036491,0.2916226677771192,0.001410463111824356,0.054905387631151825,0.004799059242941439,0.5128656700253487,5.60511887215398e-05,6,SCC
IL_7168991,1,BCC,BCC,0.016281606629490852,0.5368116796016693,0.3969676504493691,0.00025145477079036027,0.03839060919563053,0.010291333670465974,0.0005022814102630946,0.0005034218298760607,1,BCC
IL_7170892,1,BCC,BCC,0.001168764897101937,0.5000225864350796,0.49033705799956806,0.00020130672794493876,0.0004388934703456471,0.003580033138860017,0.004207419464364648,4.3935552326956895e-05,1,BCC
IL_7173541,2,BKL,BKL,0.22049218567553908,0.16929950565099716,0.14743024483323097,0.006303018482867628,0.010956123820506036,0.10354998335242271,0.3407023698091507,0.001266606166609563,6,SCC
IL_7173573,5,NV,NV,6.123547876768498e-06,2.9246190697662655e-05,0.0026764956337501644,6.265300953600672e-06,0.01742460031528026,0.9797960817813873,1.2519576078062755e-06,5.998011624797073e-05,5,NV
IL_7178513,1,BCC,BCC,0.008751189166105178,0.515693761408329,0.1000660341233015,3.2927393021964235e-05,0.03157176686454477,0.33312309300526977,0.002554708902607672,0.008206476119084982,1,BCC
IL_7181510,1,BCC,BCC,9.280214226237149e-05,0.9794118404388428,0.008136356511386111,0.00017816076598364816,0.004157345938438084,0.0037611957523040473,0.0038258854028754286,0.0004364483202152769,1,BCC
IL_7182568,1,BCC,BCC,0.004015331389382482,0.47060306009370834,0.45493717631325126,0.0006426704057957977,0.0024283110760734417,0.06470822356641293,0.0017820796929299831,0.0008831683990138117,1,BCC
IL_7183355,4,MEL,MEL,0.00027381921674418663,0.02191530278241771,0.37888088822364807,0.011347620864398777,0.37429361045360565,0.20688959956169128,0.005465047914185561,0.0009340923116383237,2,BKL
IL_7186549,1,BCC,BCC,0.006082733045332134,0.1518305167555809,0.07985248789191246,0.0003940824681194499,0.016361397567379754,0.3062632030341774,0.43791747838258743,0.0012981174554624886,6,SCC
IL_7193768,5,NV,NV,3.886507329298183e-06,2.8186329473101068e-05,0.016088446558569558,2.4612082825115067e-05,0.024178664956707507,0.9595259726047516,1.0166657830268377e-05,0.00014011066105013015,5,NV
IL_7197131,1,BCC,BCC,0.01059205120191109,0.8078161776065826,0.06161055696429685,0.01653807004367991,0.038117162650451064,0.05131510782666737,0.013975990754261147,3.492270298011135e-05,1,BCC
IL_7198144,1,BCC,BCC,3.99342798118596e-06,0.5001854255970102,0.0005722089799746755,8.645855807720704e-05,0.0013640587053487252,0.002430495669841548,3.0499093099933816e-06,0.49535429634650086,1,BCC
IL_7199069,1,BCC,BCC,0.09191158972680569,0.022852018475532532,0.2883553886786103,0.0018297602400707547,0.013725690427236259,0.5770990699529648,0.002274898608447984,0.0019515399981173687,5,NV
IL_7204368,1,BCC,BCC,0.0047420545015484095,0.32594867795705795,0.008388568588998169,0.29250888162641786,0.001475970553656225,0.13147820881567895,0.23498097830452025,0.0004766544197991607,1,BCC
IL_7206184,0,AK,AKIEC,0.003370411941432394,0.15300277268397622,0.28088536486029625,0.005035831892854503,0.007768891853629611,0.07147975300904363,0.47817690670490265,0.0002800267796629896,6,SCC
IL_7206391,1,BCC,BCC,0.01879711527362815,0.004569209646433592,0.47111480523017235,0.48367427446646616,0.0023829165584174916,0.006757481562090106,0.012486255669500679,0.00021798419402330182,3,DF
IL_7208264,6,SCC,SCCKA,0.14752610586583614,0.4198989873402752,0.31827668100595474,0.009407328208908439,0.03107296279631555,0.030602376209571958,0.04242332372814417,0.0007922915683593601,1,BCC
IL_7209123,1,BCC,BCC,4.7558651203871705e-05,0.973077267408371,0.0023761718312016455,7.645775440323632e-06,0.00021228520199656487,0.02420632977737114,4.315670230425894e-05,2.9618877306347713e-05,1,BCC
IL_7210800,4,MEL,MEL,2.3925143519010206e-05,1.9899750896001933e-06,0.24516973085701466,6.2577798800589335e-06,0.2549289232119918,0.49976184498518705,9.770658660546161e-05,9.679559610731303e-06,5,NV
IL_7210952,1,BCC,BCC,0.0002633721524034627,0.08577832510491135,0.6756525784730911,0.0003264369582893778,0.05610866518691182,0.18181318044662476,3.8455179492302705e-05,1.8990415355801815e-05,2,BKL
IL_7212919,5,NV,NV,5.518208922694612e-06,7.219932626867376e-06,0.4048934003985778,0.0011756427420550608,0.006310877506621182,0.5875346884131432,1.335908677901898e-05,5.929266626480967e-05,5,NV
IL_7213317,6,SCC,SCCKA,0.4402694145683199,0.00768227013759315,0.481843788176775,0.00929832668043673,0.008159187505953014,0.017765742901246995,0.024372255662456155,0.01060906215570867,2,BKL
IL_7213774,1,BCC,BCC,0.0162883578450419,0.14665674045681953,0.007136076223105192,0.010114178992807865,0.017507348209619522,0.3785926946438849,0.42020843127102125,0.003496151650324464,6,SCC
IL_7215009,6,SCC,SCCKA,0.0007369559316430241,0.006965752625546884,0.016202252823859453,0.001161600662442197,0.8530540764331818,0.006015425758960191,0.11547081917524338,0.00039310210922849365,4,MEL
IL_7216182,1,BCC,BCC,5.272603266348597e-05,0.972377598285675,0.02476164189647534,7.394280316930235e-07,0.00047819107203395106,0.0007552798124379478,0.0015608872963639442,1.2963908829988213e-05,1,BCC
IL_7216660,5,NV,NV,2.3075053832144476e-06,5.8050633015227504e-05,0.04749919823370874,3.016740529915296e-05,0.1689347399806138,0.783267080783844,1.842102039972815e-05,0.00019000464797613859,5,NV
IL_7217453,5,NV,NV,1.6421638974861708e-05,0.002575211580051473,0.4127813605591655,6.231157203728799e-05,0.011484469869174063,0.5727782920002937,5.854313712916337e-05,0.00024328697327291593,5,NV
IL_7219424,1,BCC,BCC,0.000500497713801451,0.6552285403013229,0.01834300721384352,0.00017002996742121468,0.001724167464999482,0.025642305612564087,0.006922748943907209,0.29146873124409467,1,BCC
IL_7224392,1,BCC,BCC,0.04257476516067982,0.053723500575870275,0.25010574609041214,0.006130970548838377,0.01721779676154256,0.04698699712753296,0.580315038561821,0.0029451701266225427,6,SCC
IL_7227279,0,AK,AKIEC,0.8034042418003082,0.004687771666795015,0.04079555851058103,0.0011965214928517653,0.008909474296160624,0.07083639068878256,0.06910037345768671,0.0010697206105589885,0,AK
IL_7229080,2,BKL,BKL,0.052609631798063106,0.000792271357670904,0.6667560189962387,0.01959281629830656,0.04060270511536146,0.21026416130553116,0.004974395129465847,0.004408059624028127,2,BKL
IL_7230035,4,MEL,MEL,1.7064423190049638e-06,1.791734952405477e-05,0.24429977175896056,1.0461951887918985e-05,0.3280802331864834,0.42757652699947357,4.913166208098119e-06,8.490740356137394e-06,5,NV
IL_7230788,3,DF,DF,0.013994179898872972,0.2784594995318912,0.025238795671612024,0.5775324180722237,0.005638755625113845,0.08073601825162768,0.017287094407947734,0.001113264912419254,3,DF
IL_7232316,1,BCC,BCC,0.12309267371892929,0.10340630066639278,0.0006078794103814289,9.103972391244497e-05,0.43289357610046864,0.05132164071437728,0.2883622385561466,0.00022462642118625809,4,MEL
IL_7232351,1,BCC,BCC,0.043833667412400246,0.25280948728322983,0.045254822354763746,0.008392465504584834,0.01689745532348752,0.004864156013354659,0.6173956990242004,0.010552220279350877,6,SCC
IL_7234452,5,NV,NV,7.89999447192713e-06,0.004039736552709172,0.0012595223460891702,3.074561914218066e-05,0.00601599647779949,0.9886249303817749,5.203081335558579e-06,1.6024461956476443e-05,5,NV
IL_7235681,0,AK,AKIEC,0.05186346545815468,0.00020521145582108602,0.5330198965966702,6.451186063793912e-06,0.0004122401587665081,0.4144039067950871,7.936669365449234e-05,9.45102315474955e-06,2,BKL
IL_7237834,1,BCC,BCC,0.004134974296903238,0.0017854555626399815,0.9101919531822205,7.869272303651087e-05,0.00025340100546600297,0.08196219452656806,0.0015716359739599284,2.1711182853323407e-05,2,BKL
IL_7237859,5,NV,NV,0.0005648676233249716,0.03736282219688292,0.008436317788437009,0.00043849558278452605,0.010288410412613302,0.9385968446731567,0.0001815280738810543,0.004130733083002269,5,NV
IL_7238711,1,BCC,BCC,0.002413754991721362,0.3503837361931801,0.07114870054647326,0.030731729697436094,0.14036034629680216,0.20287315183668397,0.19786060764454305,0.004227956189424731,1,BCC
IL_7239273,1,BCC,BCC,0.01816783773028874,0.4999810946974321,0.1945445115060238,0.00027288549745208,0.2251773706957465,0.0613929106220894,0.0002894046101573622,0.0001740608213935957,1,BCC
IL_7240190,1,BCC,BCC,0.00861673198733115,0.5013133808970451,0.1877144283207599,0.0021168239941289357,0.1271825891953995,0.16639642189693404,0.006263932446017861,0.00039565624275894606,1,BCC
IL_7240345,5,NV,NV,1.3603524422478586e-06,3.2739934461289977e-06,0.004226029818255483,1.2085435855624382e-05,0.10880191437900066,0.8868082761764526,2.8019204307838663e-06,0.00014422400636249222,5,NV
IL_7242208,1,BCC,BCC,0.0016554748581256717,0.4589393493370153,0.13924124208278954,0.009890710527542979,0.09717695275321603,0.26134997326880693,0.001118089334340766,0.030628194799646735,1,BCC
IL_7242669,5,NV,NV,5.4585959333053324e-05,6.401639075193089e-05,0.012367488961899653,0.00012833394066547044,0.2679341905750334,0.7190325856208801,5.1056728011644736e-05,0.0003677289660117822,5,NV
IL_7243389,5,NV,NV,0.11121854195891956,0.017811441935009498,0.016947020078077912,0.0006612832207792962,0.011377473347238265,0.8416290581226349,0.00011357600169503712,0.00024165619970517582,5,NV
IL_7244140,5,NV,NV,1.8631313452033282e-06,7.906603478602392e-07,0.8137647807598114,8.475253290285423e-06,0.00017967137500818353,0.18602530285716057,1.577934821561655e-05,3.292412232624997e-06,2,BKL
IL_7244270,1,BCC,BCC,3.2322823699360015e-05,0.9982640743255615,0.00012384887668304145,4.981679950333273e-06,5.6860957556637004e-05,0.001509101981355343,7.1670698389425525e-06,1.6861076943541775e-06,1,BCC
IL_7251492,1,BCC,BCC,0.011495210696011782,0.03065669594798237,0.3179142624139786,0.0018375675426796079,0.11753560928627849,0.47972628474235535,0.035010550171136856,0.005823851912282407,5,NV
IL_7252139,2,BKL,BKL,0.005720961322367657,0.5722822844982147,0.055900591891258955,0.028641803607570182,0.04256090315175243,0.2741464779828675,0.020274257462006062,0.0004727171160539001,1,BCC
IL_7253119,6,SCC,SCCKA,0.010815381654538214,0.2652906430885196,0.30341219156980515,0.002037344573182054,0.0013526250259019434,0.008069307383266278,0.40896438993513584,5.8183579312753864e-05,6,SCC
IL_7253924,1,BCC,BCC,0.17082863673567772,0.4481746405363083,0.1011142311617732,0.01706014589035476,0.0250091259367764,0.06304507702589035,0.14304714370518923,0.031721014907816425,1,BCC
IL_7257166,1,BCC,BCC,0.00011161597285536118,0.5573133006691933,0.01683772265096195,9.563161174241941e-05,0.03931467514848919,0.38398388735367917,0.0023315545258810744,1.1572524577729837e-05,1,BCC
IL_7257549,1,BCC,BCC,0.00036959123872293276,0.7983940243721008,0.0015633345756214112,1.0084896075568395e-05,0.0001299776431551436,0.1995175311458297,1.0428020232211566e-05,5.023167659601313e-06,1,BCC
IL_7263910,0,AK,AKIEC,0.0021217546116076846,0.003501180442981422,0.3230575085617602,0.008730858680792153,0.05030138086294755,0.6057849302887917,0.0014769589179195464,0.00502540919637795,5,NV
IL_7270407,1,BCC,BCC,0.012023330224110396,0.4992264658212662,0.46489880629087565,0.00017551745258970186,0.016687965937308036,0.004041862797748763,0.0029238754650577903,2.2088674995757174e-05,1,BCC
IL_7273243,5,NV,NV,0.00041897347546182573,0.0032738965237513185,0.7541794180870056,0.008709165972959454,0.007451016870618332,0.22387787327170372,0.0019672608557357307,0.0001223894432769157,2,BKL
IL_7274856,2,BKL,BKL,0.15026549086906016,0.5702192708849907,0.08234853204339743,0.000315879013214726,0.034445108282397996,0.1597747472114861,0.002615462028188631,1.5568562275802833e-05,1,BCC
IL_7278606,1,BCC,BCC,0.022848844062536955,0.46908123791217804,0.00832961464766413,0.1462550018914044,0.08042293461039662,0.007002201396971941,0.2651900202035904,0.0008701470505911857,1,BCC
IL_7281878,1,BCC,BCC,0.0004348862364622619,0.49615097732748836,0.49518635333515704,3.675703396766039e-06,0.0002501957133063115,0.003953462772187777,0.004005381953902543,1.5129373196032248e-05,1,BCC
IL_7287548,1,BCC,BCC,0.6217790320515633,0.0006654126118519343,0.000833528523799032,1.5196161200492497e-06,0.00015475916893592512,5.100015056314078e-05,0.37651447736425325,2.8779464855688275e-07,0,AK
IL_7288279,1,BCC,BCC,0.022901759948581457,0.14015437825582922,0.4358921945095062,0.014634990133345127,0.19371123611927032,0.036034056916832924,0.15378345362842083,0.0028878787416033447,2,BKL
IL_7288845,1,BCC,BCC,0.793819785118103,0.016723370412364602,9.530190254736226e-05,4.9718234862439203e-08,0.02704129257472232,0.1623167046927847,2.2286045009423106e-06,1.2675346852120128e-06,0,AK
IL_7289099,2,BKL,BKL,0.015153563364037836,0.00011890016321558505,0.981944352388382,0.00011211739274585852,0.0012967783259227872,0.0009825945016928017,0.00035502994433045387,3.669937632366782e-05,2,BKL
IL_7291887,1,BCC,BCC,0.02346640347968787,0.47390656219795346,0.44616449082968757,0.0059344719629734755,0.00808225414948538,0.031755541800521314,0.005993365135509521,0.0046969319228082895,1,BCC
IL_7292405,6,SCC,SCCKA,0.5686611086130142,0.01394740354771784,0.2743216179023875,0.00033785953709752903,0.008494913033700868,0.12639291891218818,0.007721027446677908,0.0001231444317162378,0,AK
IL_7294235,1,BCC,BCC,0.05295701138675213,0.5659109577536583,0.18077730992808938,0.0010749201974249445,0.003962161485105753,0.17667584167793393,0.016945879440754652,0.001695932645816356,1,BCC
IL_7294930,1,BCC,BCC,0.04497829033061862,0.25363609194755554,0.23967060446739197,0.019938946701586246,0.3527468144893646,0.026442408794537187,0.04860508115962148,0.013981784868519753,4,MEL
IL_7295306,1,BCC,BCC,0.13314390375307994,0.47419151570647955,0.0024252537987194955,6.115036285336828e-05,0.26703571854159236,0.1019831383600831,0.020573210378643125,0.0005861255194758996,1,BCC
IL_7296591,1,BCC,BCC,0.00012002024595858529,0.5113327354192734,0.43371909763664007,0.0001191668925457634,0.003369488171301782,0.022995841223746538,0.0280611538910307,0.00028248112357687205,1,BCC
IL_7297013,4,MEL,MEL,1.388600736618173e-06,0.0002098029117405531,0.011579348356463015,2.8149319405201823e-05,0.4665614403784275,0.5215476900339127,3.6937969980499474e-06,6.845928510301746e-05,5,NV
IL_7304734,6,SCC,SCCKA,0.0025076791062019765,3.6666080177383265e-05,0.8393715918064117,0.0001804758758225944,0.00033705851092236117,0.0026447892596479505,0.1549084410071373,1.327246786786418e-05,2,BKL
IL_7308703,5,NV,NV,1.3646483239426743e-05,0.00013455629959935322,0.3854819186963141,0.018735043457127176,0.003417326253838837,0.5909517258405685,0.0008965400338638574,0.00036923209472661256,5,NV
IL_7308979,2,BKL,BKL,0.3590164401102811,0.06666397117078304,0.4166076257824898,0.000909480600967072,0.08269849792122841,0.055674542440101504,0.016470711008878425,0.001958803866727976,2,BKL
IL_7309398,5,NV,NV,0.0015286639534224378,0.0004970520130882505,0.3062049001455307,8.034529673750512e-05,0.029989121481776237,0.6615545302629471,1.8386450392426923e-05,0.0001269699869226315,5,NV
IL_7319157,1,BCC,BCC,0.00015707242710050195,0.25729992985725403,0.030486615374684334,0.0030678665498271585,0.010988382640789496,0.6807248592376709,0.0011776801620726474,0.016097564912342932,5,NV
IL_7320172,4,MEL,MEL,0.0015797291343915276,0.00012199945740576368,0.14200571738183498,6.988329369050916e-05,0.8383762538433075,0.017171216430142522,0.000640435864625033,3.474120694590965e-05,4,MEL
IL_7327250,0,AK,AKIEC,0.32249061251059175,0.007649014387425268,0.27904848009347916,0.0005340942443581298,0.06890678442141507,0.044167139305500314,0.27719540521502495,8.514066166753764e-06,0,AK
IL_7329436,1,BCC,BCC,0.005108032608404756,0.6880307495594025,0.1690586842596531,0.0010988639060087735,0.008938401006162167,0.12736527621746063,0.0003004278587468434,9.955742279998958e-05,1,BCC
IL_7331550,0,AK,AKIEC,0.023981804930372164,0.19646604545332735,0.05641009192913771,0.0001257357388908531,0.460043640807271,0.2625230649136938,0.0004423546824909863,7.271242015605139e-06,4,MEL
IL_7332620,1,BCC,BCC,0.0004236839190525643,0.7510457336902618,0.241483017540304,1.9840726054098923e-05,0.00012989135802854435,0.0012485069164540619,0.005647365876939148,1.858671416332669e-06,1,BCC
IL_7333819,1,BCC,BCC,0.10153971552063012,0.4097561463713646,0.1068369431886822,0.05548841876225197,0.0070222909562289715,0.31279897689819336,0.001224797739268979,0.0053326413681134,1,BCC
IL_7333978,4,MEL,MEL,5.139601633175062e-07,4.4917604213878803e-07,0.07852700739749707,3.923378699255409e-06,0.70005664229393,0.22140732407569885,1.1279106217898516e-06,3.009938382092514e-06,4,MEL
IL_7335735,1,BCC,BCC,0.031935909297317266,0.47749003767967224,0.4871991779655218,2.732029452090501e-05,0.00018690075376071036,0.0017079392564482987,0.0014283109339885414,2.4386434461121098e-05,2,BKL
IL_7336042,1,BCC,BCC,0.00047824431749177165,0.48413677560165524,0.05279731936752796,5.529316422325792e-05,0.2929575189773459,0.16646079829661176,0.0030665224185213447,4.75316155643668e-05,1,BCC
IL_7336420,5,NV,NV,1.91416402541833e-05,7.181655746535398e-06,0.00045370384032139555,0.011303405489343277,0.027074199606431648,0.9610634446144104,1.2866759107055259e-05,6.605232897527458e-05,5,NV
IL_7336538,1,BCC,BCC,0.001313185814069584,0.3580181058496237,0.03360541019355878,0.005842563579790294,0.0128096291446127,0.09505800897022709,0.49316202383488417,0.00019104720524865115,6,SCC
IL_7337481,1,BCC,BCC,0.0045221985201351345,0.013743453135248274,0.32130301743745804,0.0006288787844823673,0.015545945148915052,0.46256157010793686,0.18140706194390077,0.0002878770974348299,5,NV
IL_7337548,4,MEL,MEL,0.00012930251624254652,0.13157004490494728,0.004525397642282769,0.0006922461761860177,0.024082421325147152,0.838417649269104,8.20694338017347e-05,0.0005008171428926289,5,NV
IL_7340279,6,SCC,SCCKA,0.06383751076646149,0.2794372325515724,0.0028557002297020517,7.452426689269487e-05,0.022467767383204773,0.00032175870728679,0.6309217661619186,8.373849118470389e-05,6,SCC
IL_7343687,4,MEL,MEL,9.077836854487487e-05,2.2072137198847486e-05,0.04421531269326806,2.4444111204502406e-05,0.2870271150022745,0.668327659368515,4.153166042897283e-05,0.00025113229730777675,5,NV
IL_7344766,6,SCC,SCCKA,0.10657324735075235,0.0026707780780270696,0.16147060226649046,0.001133532103494872,0.0018284940560988616,0.01384382184187416,0.7121712863445282,0.00030818493380024847,6,SCC
IL_7348200,1,BCC,BCC,0.11210386455059052,0.07354995608329773,0.23555872961878777,0.019294099212856963,0.13989389615744585,0.21331622451543808,0.20493360236287117,0.0013496522151399404,2,BKL
IL_7348404,1,BCC,BCC,0.0009004401088024139,0.6879404038190842,0.26766322717054436,0.00014234636503263065,0.00021817971041571127,0.0421280210466648,0.0009049822162943144,0.00010241098158880746,1,BCC
IL_7348450,1,BCC,BCC,0.012425860855728388,0.9414603412151337,0.010138881159946322,0.0011795043875508782,0.0010461875226610573,0.02646675510914065,0.007240769380587153,4.170579200035718e-05,1,BCC
IL_7350361,4,MEL,MEL,3.233224981613603e-05,5.496157882589614e-06,0.06769400158373173,2.016977623497951e-05,0.4110112898051739,0.5211818143725395,8.129943125823047e-06,4.680679876400973e-05,5,NV
IL_7353062,2,BKL,BKL,0.0001662677450440242,5.779214097856311e-05,0.48758759815245867,3.99050404666923e-05,0.0013452236889861524,0.5099077690392733,0.0006229610030459298,0.0002724568184930831,5,NV
IL_7356109,6,SCC,SCCKA,0.00257147999946028,0.18019759189337492,0.05900294752791524,0.00025947864924091846,0.11543021956458688,0.004979250021278858,0.6373660564422607,0.00019291701028123498,6,SCC
IL_7356292,1,BCC,BCC,0.01067300420254469,0.3931818522978574,0.5009860172867775,0.005017673363909125,0.007381012546829879,0.07427041698247194,0.006158168893307447,0.002331815179786645,2,BKL
IL_7358979,5,NV,NV,0.0005525109883706136,0.2592358225838325,0.09036714921239763,0.03473314631264657,0.09431788045912981,0.47002245858311653,0.0010990032060362864,0.049672019347781315,5,NV
IL_7360885,6,SCC,SCCKA,0.5052285715937614,0.00017983991932624122,0.003580884513212368,3.363810719747562e-06,2.8929413929290604e-05,4.4820950733992504e-05,0.49093279195949435,7.625506412978211e-07,0,AK
IL_7361065,1,BCC,BCC,0.0597699536010623,0.49870629608631134,0.1327085355296731,0.0018075335553930927,0.19006760683805624,0.01921755136208958,0.07495609251782298,0.022766384624674174,1,BCC
IL_7361410,5,NV,NV,1.694616327085896e-05,0.0003303861586516632,0.0002818229295371566,7.251433771671145e-06,0.0845125496853143,0.9148141145706177,7.770401452944498e-06,2.9171879759815056e-05,5,NV
IL_7361836,1,BCC,BCC,0.0006328407143882941,0.9893278479576111,0.004422397760208696,4.473566986007427e-05,7.277383338077925e-05,0.0054276317823678255,6.908246723469347e-05,2.6580414385080076e-06,1,BCC
IL_7363229,1,BCC,BCC,0.0007069289276842028,0.3276386708021164,0.062450850282402826,3.280490471979647e-05,0.0006202115837368183,0.00017118627488343918,0.6083727926015854,6.570133109562448e-06,6,SCC
IL_7363364,1,BCC,BCC,0.4967799340374768,0.4776960153831169,0.00039020879194140434,1.1058959501042409e-05,0.006875373728689738,0.018219617661088705,1.7726367786963237e-05,1.0036910282451572e-05,0,AK
IL_7363444,1,BCC,BCC,0.011721495813617366,0.5466356836259365,0.2780610517088462,0.001127229051448353,0.0009639065074225073,0.16053795343032107,0.0008617857965873554,9.091955485018843e-05,1,BCC
IL_7363602,1,BCC,BCC,0.23498360067605972,0.2498647933389293,0.09040054990327917,0.0006188698898768052,0.0032950701424852014,0.41683724464382976,0.00392667499545496,7.317184326893766e-05,5,NV
IL_7364791,1,BCC,BCC,0.27220640145242214,0.47955903178080916,0.03041112219216302,0.0001965228248081985,0.0074614261466194876,0.20672487732372247,0.0014390558062586933,0.0020015226618852466,1,BCC
IL_7366789,2,BKL,BKL,8.838068055183612e-07,2.7548154974965655e-06,0.9959628880023956,2.651784866358753e-06,0.0008402251405641437,0.0031837240676395595,1.080768301520152e-06,5.855447218650056e-06,2,BKL
IL_7367397,1,BCC,BCC,0.134061299264431,0.36085093463771045,0.46017469465732574,4.1196024781697815e-05,0.0015944595797918737,0.0014506790321320295,0.04181689885444939,9.894065897242399e-06,2,BKL
IL_7368324,1,BCC,BCC,0.44790858030319214,0.02968375664204359,0.1727064521983266,0.0009491877135587856,0.046880933150532655,0.2900006268173456,0.011360783129930496,0.0005096439344924875,0,AK
IL_7369841,4,MEL,MEL,0.0001437013606846449,0.5228988043963909,0.059185692109167576,2.949725148937432e-05,0.04324459831696004,0.3634394204709679,0.0004423594618856441,0.010615941209835,1,BCC
IL_7372717,2,BKL,BKL,0.02202928807673743,0.0311065253263223,0.6041003167629242,3.1890584068605676e-05,0.31732987612485886,0.025089334696531296,0.00028623969046748243,2.6543737476458773e-05,2,BKL
IL_7373612,1,BCC,BCC,0.0005199431398068555,0.6738167256116867,0.07178755081258714,0.012778683074088804,0.029826412905094912,0.0542605992523022,0.0006711032765451819,0.15633895574129042,1,BCC
IL_7376173,2,BKL,BKL,0.007388510479358956,0.001188984668260673,0.9846868813037872,2.758459714868877e-06,0.0003261630606345989,0.006380805745720863,2.494318141543772e-05,9.32733691172416e-07,2,BKL
IL_7376850,1,BCC,BCC,0.0008929485256885528,0.5212965048849583,0.36642817175015807,0.0012289930891711265,0.05220413071947405,0.04969165753573179,0.004181489435723051,0.004076105228250526,1,BCC
IL_7377156,1,BCC,BCC,0.05340080941095948,0.0028460899484343827,0.021610126364976168,0.0012546496545837726,0.0309235667809844,0.4812071695923805,0.4085213132202625,0.0002362565865041688,5,NV
IL_7382399,5,NV,NV,4.018531853944296e-07,8.374386180509674e-06,5.6712879086262546e-05,1.8863743747488115e-05,6.201902579050511e-05,0.9996562898159027,4.2057853066879147e-07,0.00019685355300680385,5,NV
IL_7385851,0,AK,AKIEC,0.0809385849715909,0.17074879072606564,0.12180600606370717,0.0005468605522764847,0.00685885307029821,0.026685740565881133,0.5907684415578842,0.0016466958986711688,6,SCC
IL_7387291,5,NV,NV,7.687523338972824e-05,0.0002783184040708875,0.03381226213241462,0.000417815927448828,0.012779911514371634,0.9521497189998627,0.0001201434049562522,0.0003649410828074906,5,NV
IL_7389782,1,BCC,BCC,0.026328262698370963,0.39766988158226013,0.360265952302143,0.00029132321651559323,0.00495024723932147,0.07921405509114265,0.13122382969595492,5.641637608277961e-05,1,BCC
IL_7390451,1,BCC,BCC,1.871983613455086e-05,0.011377256363630295,0.15498820756329224,9.017998581839493e-05,0.002670961548574269,0.3401243138596328,0.49072906818037154,1.237470328874224e-06,6,SCC
IL_7394402,1,BCC,BCC,0.001042845644406043,0.4994710970495362,0.47733388258802734,1.598681006953484e-05,0.00018919120179816673,0.021822343347594142,0.00010605985517031513,1.861681285930672e-05,1,BCC
IL_7397211,6,SCC,SCCKA,0.0028282030252739787,0.4977267498616129,0.0012114612964069238,0.00012925426102583515,0.011825264828075888,0.003909105183993233,0.48234334238804877,2.662089741534146e-05,1,BCC
IL_7397466,5,NV,NV,1.02935513268676e-06,0.00028891823603771627,0.0012901306035928428,1.3382601082412293e-05,0.3978577293455601,0.6003934890031815,9.853122378444823e-06,0.00014543550059897825,5,NV
IL_7397642,1,BCC,BCC,0.0017626320477575064,0.4695596243509499,0.476052014157176,0.0005559242454182822,0.030818658979114844,0.015238472493365407,0.005908618040848523,0.00010407773152110167,2,BKL
IL_7398845,1,BCC,BCC,0.08964813873171806,0.7375830709934235,0.036374788149259984,0.00010307700176781509,0.0103958204126684,0.12007195502519608,0.0054063930292613804,0.00041678793786559254,1,BCC
IL_7400064,2,BKL,BKL,0.019599261559458014,0.0014946111064402245,0.9738755226135254,0.0002910455480531482,0.0005872194597031921,0.0038604799192398787,0.0002623667555550213,2.9466894898799723e-05,2,BKL
IL_7402046,6,SCC,SCCKA,0.0792217655107379,0.35160186141729355,0.2327476665377617,0.041124848397885216,0.017076745920348912,0.16405943222343922,0.11357649532874348,0.0005911249800192309,1,BCC
IL_7402183,5,NV,NV,9.198761085826845e-05,0.0002888453768719046,0.8945553600788116,4.030029299428861e-05,0.054292441345751286,0.05069082393310964,2.9173576876928564e-05,1.1145077678520465e-05,2,BKL
IL_7402756,1,BCC,BCC,0.0012031331134494394,0.9770627021789551,0.0009343065466964617,0.00015313048106690985,0.00036026469024363905,0.020221604383550584,5.599401902145473e-05,8.842818289167553e-06,1,BCC
IL_7402808,1,BCC,BCC,0.028744282200932503,0.35241064243018627,0.006028065010468708,0.00023831324870116077,0.003262248821556568,0.00010279924390488304,0.6091925948858261,2.110083278239472e-05,6,SCC
IL_7406040,1,BCC,BCC,0.26561592909274623,0.05167222395539284,0.05009054980473593,0.00023021337256068364,0.004013281912193634,0.17248329608264612,0.45321274339949014,0.0026817263933480717,6,SCC
IL_7408764,1,BCC,BCC,0.002603169861686183,0.05111582763493061,0.5601332187652588,0.009308046865044162,0.001488115563915926,0.036711562890559435,0.33855504103485146,8.502125638187863e-05,2,BKL
IL_7416189,1,BCC,BCC,0.007010005647316575,0.49349614791572094,0.4841524691946688,0.0007571077189822972,0.003414183884160593,0.002109954291881877,0.009026402840390801,3.371603997948114e-05,1,BCC
IL_7417538,4,MEL,MEL,0.0011904652928933501,0.00543964598182356,0.32205042243003845,0.0021264542010612786,0.39184131007641554,0.2759687937796116,0.0009053788016899489,0.0004775525158038363,4,MEL
IL_7418665,1,BCC,BCC,0.0008427935572399292,0.9290395975112915,0.061859913446824066,3.157942245479717e-06,1.986701499845367e-05,0.008058927196543664,0.000166192497999873,9.52934829001606e-06,1,BCC
IL_7423062,1,BCC,BCC,0.0033293341293756384,0.46736051235347986,0.45710350561421365,0.0008929885516408831,0.03145887330174446,0.006460689241066575,0.0332144673448056,0.00017961531466426095,1,BCC
IL_7424810,1,BCC,BCC,0.17778106033802032,0.45529399812221527,0.2288181260228157,0.0048526914324611425,0.09161908831447363,0.021248419303447008,0.015743274707347155,0.004643360385671258,1,BCC
IL_7425145,1,BCC,BCC,0.1150554807682056,0.6463664472103119,0.18091535742860287,2.6257575882482342e-05,0.00017272283184865955,0.05602050572633743,0.0013905594914831454,5.265527352094068e-05,1,BCC
IL_7426204,1,BCC,BCC,0.3419585624942556,0.1472391514107585,0.17012128233909607,0.00024283818129333667,0.0025769214844331145,0.03137275855988264,0.30596690042875707,0.0005215961537032854,0,AK
IL_7428104,2,BKL,BKL,0.21494498010724783,0.09210798420826904,0.26529025845229626,0.003967235126765445,0.013597056444268674,0.24930685758590698,0.16047827701549977,0.0003073590123676695,2,BKL
IL_7431688,6,SCC,SCCKA,0.3077777069993317,0.03600077144801617,0.004850775294471532,7.932895459816791e-05,0.0019735690439119935,0.1682933868141845,0.48102058846416185,3.894474559729133e-06,6,SCC
IL_7434637,2,BKL,BKL,0.0075853103917324916,0.9452834129333496,0.021343208383768797,9.719599069768492e-05,9.734248271797696e-05,0.02531917579472065,0.00019092153445399163,8.335485502186657e-05,1,BCC
IL_7437076,1,BCC,BCC,0.11953702918253839,0.3519315868616104,0.29549445398151875,0.002607273061585147,0.005284342565573752,0.07042014598846436,0.013389282779826317,0.1413358438294381,1,BCC
IL_7437846,1,BCC,BCC,0.0446036503999494,0.2545250169932842,0.049806601367890835,0.011245840578339994,0.024989423342049122,0.553942859172821,0.015713268890976906,0.045173279941082,5,NV
IL_7438148,1,BCC,BCC,0.11883632885292172,0.41814498230814934,0.3105725422501564,0.003307123202830553,0.05761929485015571,0.0820941124111414,0.007370605831965804,0.00205499108415097,1,BCC
IL_7439441,5,NV,NV,8.110866843935582e-05,0.0006987765518715605,0.18550954014062881,0.0009938075024820137,0.010989922098815441,0.8014684319496155,9.55327656697591e-05,0.00016293593765226433,5,NV
IL_7439967,1,BCC,BCC,0.06431110270204954,0.708977147936821,0.10857254610164091,0.005150874087121338,0.0015605275580128364,0.07719880994409323,0.022141747642308474,0.0120872727711685,1,BCC
IL_7440371,5,NV,NV,0.00031141551153268665,0.0006509331433335319,0.35388433933258057,0.00040896443533711135,0.3498756056651473,0.2938392907381058,0.0006729390297550708,0.0003564957751223119,2,BKL
IL_7443254,1,BCC,BCC,0.011307824548566714,0.50800846144557,0.4670680179260671,0.00040611169788462576,0.0009792389537324198,0.006266797776333988,0.005943394091445953,2.023910337811685e-05,1,BCC
IL_7443834,1,BCC,BCC,0.3924723882228136,0.2821291156578809,0.2761349678039551,0.0005468833187478594,0.0031776636897120625,0.03273779805749655,0.010537653637584299,0.0022634593187831342,0,AK
IL_7444227,0,AK,AKIEC,0.24597078002989292,0.002476785026374273,0.2826643791049719,0.0009455235831410391,0.022655373439192772,0.24452501721680164,0.20073869393672794,2.344033055123873e-05,2,BKL
IL_7444377,1,BCC,BCC,0.040659723948920146,0.37315848002253915,0.544599637389183,0.004372791108153251,0.009432405848201597,0.02581296779680997,0.0015018136291473638,0.0004620887641522131,2,BKL
IL_7447582,1,BCC,BCC,0.004205978645586583,0.010268002282828093,0.2613936140041915,0.0005530517955776304,0.021836084604728967,0.20591877075275988,0.49570643884362653,0.00011799331906559019,6,SCC
IL_7451238,1,BCC,BCC,0.007140537374652922,0.49545259977458045,0.4373201137777869,7.602950722684909e-05,0.0006790061604533548,0.053969708944350714,0.0053497456765398965,1.219816545727781e-05,1,BCC
IL_7451964,1,BCC,BCC,0.0006376869282576081,0.5532816350460052,0.12020065588876605,0.0039494253076099994,0.005093846470117569,0.3041251674294472,0.008001668335055001,0.004709971761258203,1,BCC
IL_7452533,1,BCC,BCC,0.14185401238501072,0.5001247525215149,0.23535093292593956,0.002881477204937255,0.002644693620823091,0.026855886913836002,0.08996263245353475,0.0003255948413425358,1,BCC
IL_7453995,1,BCC,BCC,0.0016413091798312962,0.3118607751093805,0.5445322543382645,0.008490359119605273,0.11001876078080386,0.01789472351083532,0.003598219103878364,0.001963618916761334,2,BKL
IL_7459473,2,BKL,BKL,0.00027733850583899766,0.0008928559836931527,0.7442280799150467,0.08231284487396806,0.0019662840277305804,0.16801870532799512,0.0012591675715611927,0.0010447345552506704,2,BKL
IL_7462032,1,BCC,BCC,5.7759942137636244e-05,0.5013955999165773,0.4757622532779351,6.600511142096366e-06,0.00011297350101813208,0.022257900520344265,0.00040183141754823737,5.114094278724224e-06,1,BCC
IL_7464523,6,SCC,SCCKA,0.001366758719086647,0.2427111342549324,0.6555664241313934,3.919966502508032e-05,0.00027273288287688047,0.010179562261328101,0.08984191808849573,2.224756644864101e-05,2,BKL
IL_7464874,6,SCC,SCCKA,0.5049703167751431,0.11561455554328859,0.04555384523337125,0.0009623377432319558,0.013062357618764509,0.0044280472211539745,0.3137585265067173,0.0016499975754413754,0,AK
IL_7465840,1,BCC,BCC,0.00022143663954921067,0.4714603889733553,0.19000241346657276,0.0002695417027496205,0.2660199413076043,0.07158163923304528,0.00034757711000565905,9.706668242870364e-05,1,BCC
IL_7466506,1,BCC,BCC,0.024652989581227303,0.04353946400806308,0.5550409704446793,0.00020491923351073638,0.0007897331670392305,0.37379911355674267,0.0018797788302435947,9.301504269387806e-05,2,BKL
IL_7469546,5,NV,NV,9.406270692124963e-06,0.0001513221793629782,0.017433195156627335,0.0003369912155903876,0.02536167946527712,0.9565981328487396,8.000175375855179e-05,2.925484204752138e-05,5,NV
IL_7471218,6,SCC,SCCKA,0.041585189261240885,0.6051540151238441,0.015945645660394803,0.19235952108644483,0.008805796685919631,0.004574799227611948,0.11733358743731515,0.014241333090637909,1,BCC
IL_7471558,4,MEL,MEL,0.007225639674288686,0.009925451282470021,0.43499553203582764,1.5850736417633016e-05,0.021370345930336043,0.5261386930942535,0.00021036898760939948,0.00011813684977823868,5,NV
IL_7474908,1,BCC,BCC,0.0062088816477441355,0.949903130531311,0.008219566041589133,0.0014643432823771008,0.0002066786730097192,0.022246732019993942,0.011409867769998527,0.00034084954559129854,1,BCC
IL_7478637,5,NV,NV,1.1192911870239186e-05,0.02507987746503204,0.07001950591802597,0.00017457496323913801,0.23935325536876917,0.6652162969112396,0.00010237398691970157,4.2979676436516456e-05,5,NV
IL_7480471,0,AK,AKIEC,0.4870160421705805,0.48603164197993465,0.0002407111314823851,0.0005653443100896993,0.0011192793390364386,0.012379504441923928,0.012643514709452575,3.984503450737975e-06,0,AK
IL_7481126,4,MEL,MEL,1.9707105593624874e-05,0.0001428381492587505,0.2529957001861476,7.168609954533167e-06,0.6506767868995667,0.09605172136798501,4.527156704625668e-06,0.00010153840048587881,4,MEL
IL_7483628,1,BCC,BCC,0.6096421703696251,0.06490192159617436,0.008092481875792146,0.0007257334677888139,0.011856581084430218,0.003307827457319945,0.2992907699481293,0.002182493399232044,0,AK
IL_7484711,1,BCC,BCC,0.0021744254045188427,0.507982961833477,0.05232204729691148,0.000508055837599386,0.34738123789429665,0.08086524810642004,0.00853081583045423,0.0002351774564886,1,BCC
IL_7487058,1,BCC,BCC,0.4584629237651825,0.05138515599537641,0.01894635334610939,0.000343634448654484,0.0028246440342627466,0.01784974877955392,0.44914451241493225,0.0010429862959426828,0,AK
IL_7490546,1,BCC,BCC,0.5082487910985947,0.13617737805179786,0.2547435259912163,0.0001648200905037811,0.0038077151111792773,0.020151883974904194,0.07615309924585745,0.0005528428227989934,0,AK
IL_7494236,1,BCC,BCC,0.001308829349000007,0.4988299887627363,0.319209907669574,0.0006446564511861652,0.017811971774790436,0.00919941917527467,0.15292972882161848,6.545526412082836e-05,1,BCC
IL_7496538,1,BCC,BCC,0.00016558145580347627,0.08085386505990755,0.814377099275589,4.336272945693054e-05,0.0007038156618364155,0.10383118502795696,1.7144553567050025e-05,7.945517268126423e-06,2,BKL
IL_7502626,1,BCC,BCC,0.008013310376554728,0.4704357571899891,0.014132777287159115,0.0003605063793656882,0.42258768854662776,0.03954647108912468,0.04352307514636777,0.0014004393087816425,1,BCC
IL_7502658,6,SCC,SCCKA,0.17903731763362885,0.15322719234973192,0.41226989310234785,0.0002080215053865686,0.001634755746636074,0.004722826764918864,0.24880698730703443,9.29723828448914e-05,2,BKL
IL_7503105,1,BCC,BCC,0.005273564602248371,0.9277364909648895,0.04861772432923317,0.0001429248004569672,0.00029557146262959577,0.016255953116342425,0.0009568615350872278,0.0007208921745132102,1,BCC
IL_7504517,6,SCC,SCCKA,0.004329245653934777,0.12336086190771312,0.2226488601809251,0.00048408641305286437,0.006094496347941458,0.0024408572853644728,0.6405003666877747,0.00014123739128990564,6,SCC
IL_7508882,5,NV,NV,0.05856036627665162,0.0025732583890203387,0.5796059966087341,0.001180158667921205,0.08960628658792302,0.26751155336387455,0.0009071015047084074,5.526527884569532e-05,2,BKL
IL_7509121,1,BCC,BCC,0.00012120385144953616,0.6469247788190842,0.24918294697999954,0.0004069455935677979,0.017019836697727442,0.08395491167902946,0.002031372336205095,0.0003579942640499212,1,BCC
IL_7510888,1,BCC,BCC,2.5812253284129838e-05,0.018575819674879313,0.5113382842391729,7.999533909242018e-05,0.0002893611090257764,0.0072200518334284425,0.4624647700958917,5.8549734376356355e-06,2,BKL
IL_7511780,2,BKL,BKL,0.010733764780070487,0.005312341620992811,0.49105001194402575,0.01150626759044826,0.00035648916309583,0.4804153898730874,0.00015721118688816205,0.0004685250356999404,2,BKL
IL_7514466,1,BCC,BCC,0.10416627069935203,0.49393883935408667,0.2823181643616408,6.347127225581062e-06,0.0016232782066936124,0.1178595120945829,4.8047459131339565e-05,3.9606080122212006e-05,1,BCC
IL_7518108,2,BKL,BKL,0.00013652654388351948,0.0008564343224861659,0.22089249826967716,0.0021065102555439807,0.275111835449934,0.49969784542918205,0.0008860877569532022,0.0003122499765595421,5,NV
IL_7520966,6,SCC,SCCKA,0.003249742090702057,0.6637233197689056,0.10057541620335542,0.00014014374028192833,0.022173485078383237,0.0010104463290190324,0.20898122154176235,0.00014621251830249093,1,BCC
IL_7523112,1,BCC,BCC,0.007825885782949626,0.509112935513258,0.288771690800786,0.012001986728137126,0.003681904700897576,0.1751644287724048,0.0029855447355657816,0.00045554967437055893,1,BCC
IL_7523835,5,NV,NV,9.912134135703354e-07,0.0003146332292089937,0.003972094782511704,3.191325482987395e-06,0.0055064979824237525,0.9901566207408905,4.384635595044983e-06,4.151206027813714e-05,5,NV
IL_7525754,1,BCC,BCC,0.4805100618104916,0.018467488145461175,0.4987155683338642,9.22928153457292e-07,7.58782568937022e-05,0.002214588748756796,1.5166597847837693e-05,2.832352009596306e-07,2,BKL
IL_7527529,5,NV,NV,5.8483878547122004e-05,0.00023811342725821305,0.13048412278294563,0.00025689578615128994,0.11210395536909346,0.7566818296909332,2.4861548581611714e-05,0.00015171869017649442,5,NV
IL_7528128,3,DF,DF,0.12130450457334518,0.19021549820899963,0.1740043761092238,0.00609422498382628,0.058369711972773075,0.4254921246320009,0.0010428118839627132,0.023476758040487766,5,NV
IL_7528709,1,BCC,BCC,0.00019208540106774308,0.11520575359463692,0.4088693093508482,0.05202867779007647,0.3816479368833825,0.035479274578392506,0.006531572667881846,4.5398825022857636e-05,2,BKL
IL_7532219,1,BCC,BCC,0.0002428502029943047,0.4289844825398177,0.16611900553107262,0.0014946403935027774,0.024286961765028536,0.37240611389279366,0.0064516697893850505,1.4277065247370047e-05,1,BCC
IL_7532764,1,BCC,BCC,0.0036786799832952966,0.48033963167108595,0.30673937662504613,0.0003404257492931606,0.001193449948914349,0.20766820199787617,1.0265890523442067e-05,3.0024238810710813e-05,1,BCC
IL_7533213,6,SCC,SCCKA,0.41394124121870846,0.004256792766682338,0.5684290379285812,0.0004906903632218018,0.00033945083850994706,0.002691627130843699,0.00962294204509817,0.00022827659267932177,2,BKL
IL_7534180,1,BCC,BCC,7.900901982793584e-05,0.43781802225055344,0.49962414015317336,0.027828038502548225,0.0011997066976618953,0.017343999701552093,0.016077733898967494,2.936086528393389e-05,2,BKL
IL_7534486,1,BCC,BCC,0.30324897170066833,0.49981073662638664,0.0006926578789716586,0.00030601104162997217,0.1324353221571073,0.039672136823355686,0.023396791104460135,0.00043731412006309256,1,BCC
IL_7535294,5,NV,NV,2.8103274303248327e-06,3.5924840631196275e-05,0.0027583492919802666,0.00010935864702332765,0.03960651624947786,0.9571670889854431,3.803548906944343e-05,0.00028199383814353496,5,NV
IL_7537645,5,NV,NV,0.00012386646151618663,0.002083155864966102,0.0053504869574680924,0.09555618854338377,0.035879958857549354,0.8555406033992767,0.005426826586074185,3.888889028758058e-05,5,NV
IL_7539443,2,BKL,BKL,0.00035268500141683035,0.023641441415747977,0.6244374513626099,0.0023890823722467758,0.0017337628632958513,0.33507728576660156,0.012347686337307096,2.062979501715745e-05,2,BKL
IL_7540497,1,BCC,BCC,0.4833987129641173,0.5023862742818892,0.007428299315506592,0.00018883364100474864,0.002681123689399101,0.0008632369572296739,0.0029395348101388663,0.00011397253183531575,1,BCC
IL_7549554,1,BCC,BCC,0.003933767366106622,0.4809685802865715,0.49536242593603674,0.00014678623938380042,0.0003719693631865084,0.0008518546528648585,0.01834894532839826,1.5651475223421585e-05,2,BKL
IL_7550405,1,BCC,BCC,0.5433448702096939,0.0790206846431829,0.05306635797023773,0.00023665582921239547,0.22930824110517278,0.07287283506320819,0.02031943015754223,0.0018309788829355966,0,AK
IL_7550838,1,BCC,BCC,0.48044977129029576,0.5017799949273467,0.005532465875148773,0.00010133847729321133,0.0019585974878282286,0.009904876442305977,0.0002610213405205286,1.1977507313076785e-05,1,BCC
IL_7552971,1,BCC,BCC,0.003218197016394697,0.47758293773949845,0.037135533057153225,0.0061728834407404065,0.012565503289806657,0.45530226826667786,0.005665054079145193,0.002357676232350059,1,BCC
IL_7553488,5,NV,NV,3.818675963884743e-06,2.497718003269256e-05,0.020612084306776524,7.97513735051325e-06,0.20240741223096848,0.7764932215213776,6.28855303830278e-06,0.0004441954711182916,5,NV
IL_7555285,2,BKL,BKL,3.6007268136017956e-05,5.347664682631148e-06,0.9662886261940002,6.74266279929725e-05,0.005980797825031914,0.027573410770855844,1.9721417856999324e-05,2.877079288055029e-05,2,BKL
IL_7560390,2,BKL,BKL,0.15864215535111725,0.002388992812484503,0.767754316329956,5.959280088063679e-06,0.04069669469026849,0.02995365744573064,0.0005417539796326309,1.648454781388864e-05,2,BKL
IL_7564566,1,BCC,BCC,0.021349711809307337,0.47097751416731626,0.5004726005718112,0.0001412919250469713,0.0003666437878564466,0.0033854724606499076,0.0032993919448927045,7.4300821779615944e-06,2,BKL
IL_7565291,1,BCC,BCC,0.053372069291071966,0.30884600011631846,0.4944363534450531,1.1762381063817884e-05,0.0006748469386366196,0.14206960331648588,0.0005708252865588292,1.8578844901639968e-05,2,BKL
IL_7566377,0,AK,AKIEC,0.167148869484663,0.0015247167902998626,0.5056027323007584,0.001156416576122865,0.08453942090272903,0.004404404782690108,0.23537292191758752,0.00025049227770068683,2,BKL
IL_7570167,1,BCC,BCC,0.056693730112371554,0.3925807145278668,0.027262743038590997,4.00270508862377e-05,0.49998249011696316,0.02338002240867354,4.7246096528397175e-05,1.3018631079830811e-05,4,MEL
IL_7570811,1,BCC,BCC,0.05431729438714683,0.8769392669200897,0.003512993862386793,0.003957294044084847,0.000367958091374021,0.05668903887271881,0.0004011937890027184,0.0038149229367263615,1,BCC
IL_7571099,1,BCC,BCC,0.23063788353465497,0.13745016558095813,0.17417571786791086,0.0004536914057098329,0.06307413846298005,0.20831703674048185,0.18587263830704615,1.874431063697557e-05,0,AK
IL_7571308,1,BCC,BCC,0.32344051041468447,0.0019776273402385414,0.04168113351624925,0.0001526116855075088,0.004493381572501676,0.12745009260834195,0.5007891892455518,1.5457371720373203e-05,6,SCC
IL_7573989,1,BCC,BCC,0.11463016178458929,0.12101210400578566,0.34065485280007124,0.00015243426605593413,0.005368325510062277,0.06382628227584064,0.3542677743243985,8.806661935523152e-05,6,SCC
IL_7577530,5,NV,NV,1.306002604906098e-05,1.2842358046327718e-05,0.002571128389831756,3.522895326568687e-06,0.005980021087452769,0.9913516640663147,3.372842911630869e-06,6.428625511034625e-05,5,NV
IL_7582740,1,BCC,BCC,0.12494005510234274,0.6966688632965088,0.021304014837369323,0.0032102599789141095,0.004258890512573998,0.0212706652819179,0.1282692115601094,7.805433233443182e-05,1,BCC
IL_7591530,2,BKL,BKL,2.3575795623287377e-05,4.019189896098396e-05,0.7294229418039322,2.8178346610729932e-05,0.0009368041937705129,0.2695235736318864,1.5258196071954444e-05,9.513946309880339e-06,2,BKL
IL_7594910,1,BCC,BCC,0.00015488686403841712,0.6117998659610748,0.09429821115918458,0.0034589393517308054,0.03634897235315293,0.22997661773115396,0.023703565457253717,0.0002588784595900506,1,BCC
IL_7595050,1,BCC,BCC,0.0058367035567243875,0.7607405185699463,0.07996395452937577,0.009207894533119543,0.005204005166888237,0.13394392281770706,0.0015595591685269028,0.0035434711762718507,1,BCC
IL_7601833,6,SCC,SCCKA,0.0016256138014796306,0.0034064789724652655,0.24665213923435658,7.050111983475382e-05,0.7439042329788208,0.0013327972264960408,0.0017909720181279454,0.0012173072599352963,4,MEL
IL_7602134,2,BKL,BKL,0.0006483151964857825,4.792787967744516e-05,0.32425974775105715,0.0006288287695497274,0.25309767574071884,0.420429989695549,0.00024283662423840724,0.000644680330879055,5,NV
IL_7602662,1,BCC,BCC,0.11816849294336862,0.5088018532842398,0.3588403507856128,0.0003081515460507944,0.000584038710258028,0.011912800206118845,0.0013565131812356412,2.7771552225885898e-05,1,BCC
IL_7604860,2,BKL,BKL,0.004299687083744175,0.0005782647357364112,0.4646006003022194,0.008764802152882112,0.10702846663116361,0.409927848726511,0.004595154547132552,0.00020520031697301988,2,BKL
IL_7610789,5,NV,NV,0.000214654927731317,0.0007019548434072931,0.0023554094368591905,6.044760175427655e-05,0.08553981361910701,0.9108271896839142,2.3842003884055885e-05,0.00027672501710185315,5,NV
IL_7611472,4,MEL,MEL,5.4835975333844544e-06,8.120406079115128e-06,0.42529012337035965,4.534530717137386e-06,0.44651596643961966,0.12814606353640556,2.4940389948824304e-06,2.7225553367316024e-05,4,MEL
IL_7613691,2,BKL,BKL,0.0501060529395545,0.021688977954909205,0.7136960029602051,0.00010028118595073465,0.0015096594579517841,0.21048686653375626,0.001886523503344506,0.0005256518224996398,2,BKL
IL_7616901,1,BCC,BCC,0.000858349580084905,0.4896952017284093,0.4983664979226887,0.000522110982274171,0.002913597389124334,0.007048228522762656,0.0005287741078063846,6.730674613208976e-05,2,BKL
IL_7617195,0,AK,AKIEC,0.03556117042899132,0.014507256099022925,0.3980713561177254,0.01064540259540081,0.36520605720579624,0.01463706698268652,0.16111132130026817,0.00026039021759061143,2,BKL
IL_7619356,5,NV,NV,1.977790285323522e-05,4.774610465574369e-05,0.5062038954347372,8.470405742855291e-05,0.20194360375171527,0.29113468201830983,8.099288193363918e-05,0.0004846180957294166,2,BKL
IL_7619884,2,BKL,BKL,0.005030766595155001,0.03014353081516674,0.32969243731349707,0.0028033450071234256,0.10264284932054579,0.06245436480094213,0.467005617916584,0.00022706595200361335,6,SCC
IL_7620308,5,NV,NV,0.0063845978300918205,0.021677650021857175,0.002127468318008141,0.0005384833136190537,0.013106910046190023,0.9335072040557861,0.00019675821454256948,0.02246091928691385,5,NV
IL_7621728,4,MEL,MEL,8.849431651469786e-06,4.855734289321845e-06,5.766586309619015e-05,2.1022418650318286e-06,0.8257305920124054,0.17390515096485615,2.9345930556701205e-05,0.0002614452030229586,4,MEL
IL_7625524,1,BCC,BCC,0.0011177579872310162,0.8761334419250488,0.049598267301917076,1.322909452028398e-05,0.0007748991183689213,0.02764875936554745,0.044690460360016004,2.311404745114487e-05,1,BCC
IL_7627214,1,BCC,BCC,0.0008100722334347665,0.35490430798381567,0.2958505302667618,0.006146838670247234,0.01628053840067878,0.3221232332289219,0.0018859682604670525,0.0019985443432233296,1,BCC
IL_7627926,0,AK,AKIEC,0.015515613125899108,0.4523088335117791,0.03402734943665564,2.4701816982997116e-05,0.0005990324061713181,0.0020058675145264715,0.49550323974108323,1.5332983139160206e-05,6,SCC
IL_7628990,0,AK,AKIEC,0.031537137692794204,0.35344741865992546,0.3501993935497012,0.006481446733232588,0.00762249156832695,0.12637395843921695,0.1239644456654787,0.00037372915676314733,1,BCC
IL_7629358,5,NV,NV,1.368280862834581e-05,4.79973849110138e-07,0.27879847475173847,6.770872886363577e-06,0.06269494816660881,0.6582580655813217,3.978042229846324e-06,0.0002236436698694888,5,NV
IL_7631753,1,BCC,BCC,0.3365499768406153,0.4386343751102686,0.051490889862179756,0.007416584296151996,0.030270889750681818,0.11480428325012326,0.0184754584915936,0.0023575015948154032,1,BCC
IL_7633169,2,BKL,BKL,0.0053257112858773326,0.0002983414196933154,0.42978579737246037,0.0028075487643945962,0.060441064182668924,0.478409580886364,0.02252499601308955,0.00040704159437154885,5,NV
IL_7635168,1,BCC,BCC,0.00013014080104767345,0.9304497241973877,0.029142026789486408,0.0010189819877268746,0.0035314299166202545,0.021914067678153515,0.0020210698421578854,0.011792571982368827,1,BCC
IL_7635257,4,MEL,MEL,1.2011672794187689e-06,1.2598807757058239e-05,4.369185649011342e-05,5.904061461947663e-08,0.9982380867004395,0.001703303147223778,1.3523500186352067e-07,9.84387440894352e-07,4,MEL
IL_7636266,1,BCC,BCC,0.006215320707269711,0.5615208968520164,0.09296245686709881,0.002771782396052913,0.01591083878884092,0.32013157759502064,0.00036827288568019867,0.00011876996286375174,1,BCC
IL_7637408,1,BCC,BCC,0.025111358176218346,0.6420378535985947,0.25073680584318936,0.0018907398763303718,0.008885836403351277,0.02087227755691856,0.046717022589291446,0.0037480952735222672,1,BCC
IL_7639088,0,AK,AKIEC,0.632074162364006,0.09493807679973543,0.257772343698889,3.866697988996748e-05,0.003861802164465189,0.010219594463706017,0.0004115671181352809,0.0006837826031187433,0,AK
IL_7642375,7,VASC,VASC,2.0828899955915858e-05,0.00011575105963856913,0.0002948385958916333,0.00025658437975550896,0.000971623245277442,0.008327541073867906,8.896544230196923e-07,0.990011990070343,7,VASC
IL_7642470,1,BCC,BCC,0.019780824482495518,0.051078244112432,0.2254971674992703,0.02934864885173738,0.1317469107962097,0.050898528075776994,0.4914456568658352,0.00020405780890087044,6,SCC
IL_7643316,4,MEL,MEL,0.02354557502985699,5.6094829687936e-06,0.4756455729948357,5.671015728125894e-07,0.4954075020905293,0.005389622878283262,3.7463188391484437e-06,1.7919705861402235e-06,4,MEL
IL_7643911,1,BCC,BCC,0.007156729931011796,0.14437830875976942,0.17622352205216885,0.07955799532101082,0.021596585458610207,0.004303569316107314,0.5661203116178513,0.0006629874110331002,6,SCC
IL_7644986,1,BCC,BCC,0.012188820983283222,0.1476787682622671,0.007867136737331748,0.0005985303941997699,0.3303965227678418,0.16367886262014508,0.3372119446285069,0.00037940435868222266,6,SCC
IL_7647524,5,NV,NV,3.3712770779459333e-06,6.79329639297066e-06,0.06980615228530951,6.368111371557461e-06,0.016725845634937286,0.9132936596870422,7.689824400358702e-06,0.00015012147991910751,5,NV
IL_7648994,1,BCC,BCC,0.25114498171024024,0.3436613529920578,0.21682396531105042,0.007567713677417487,0.08469555992633104,0.022233462892472744,0.0552420886233449,0.018630848499014974,1,BCC
IL_7649992,1,BCC,BCC,0.05262523621786386,0.5525805205106735,0.2118759131990373,0.14030428463593125,0.005411870137322694,0.008621710818260908,0.02504485589452088,0.003535633673891425,1,BCC
IL_7650602,1,BCC,BCC,0.25383559986948967,0.6422863453626633,0.013379567535594106,0.013324366431334056,0.02606259734602645,0.014407394919544458,0.031747412198456004,0.004956749653501902,1,BCC
IL_7652961,1,BCC,BCC,0.014590618666261435,0.4171370363328606,0.453811151208356,0.04515735385939479,0.04137002024799585,0.006199714262038469,0.008100085658952594,0.013634030416142195,2,BKL
IL_7653394,1,BCC,BCC,0.003545493178535253,0.010332733509130776,0.9278905391693115,0.01817089199903421,0.005336281203199178,0.021340228617191315,0.013313903473317623,6.993166607571766e-05,2,BKL
IL_7653541,1,BCC,BCC,0.00024114114785334095,0.47686850535683334,0.48422338906675577,4.0084216379909776e-05,0.0010130432710866444,0.03462139517068863,0.0029699562801397406,2.2490855826617917e-05,2,BKL
IL_7653735,1,BCC,BCC,0.00046709056550753303,0.46094403584720567,0.4759077522903681,0.005862746478669578,0.011490510660223663,0.02617891738191247,0.019066489301621914,8.247274490713608e-05,2,BKL
IL_7657501,1,BCC,BCC,0.009677075315266848,0.9066960513591766,0.006159746553748846,0.006184201221913099,0.006226710582268424,0.052512829191982746,0.012390718184178695,0.00015267029448295943,1,BCC
IL_7657935,5,NV,NV,0.006033651764482784,0.3729759007692337,0.060274449409917,0.0498923622071743,0.14940273016691208,0.3279258608818054,0.03213376639178023,0.001361299175187014,1,BCC
IL_7660180,1,BCC,BCC,0.04012935310447574,0.4978166329674423,0.30353183390252525,0.002536914158554282,0.00999239314114675,0.14180940922233276,0.003236500662751496,0.0009469362787228874,1,BCC
IL_7660724,1,BCC,BCC,0.01688473791728029,0.49640612246003,0.46417895785998553,0.0002020471470132179,0.008827664656564593,0.005922875367105007,0.007068040838930756,0.0005095881933812052,1,BCC
IL_7663588,1,BCC,BCC,0.018987412317073904,0.4286706274433527,0.2291836520889774,0.00014852545427856967,0.009654974099248648,0.3099316135048866,0.0032062591853900813,0.00021691948495572433,1,BCC
IL_7667503,1,BCC,BCC,0.34455998172052205,0.6235592216253281,0.017312732699792832,0.0026523319597799855,0.00026232338041154435,0.0063274718704633415,0.005147589952684939,0.00017830138542507257,1,BCC
IL_7669534,6,SCC,SCCKA,0.1271945759654045,0.42392441257834435,0.030873838812112808,0.004332700926170219,0.0029239521827548742,0.0016328219935530797,0.408985800226219,0.00013183134751670877,1,BCC
IL_7671160,5,NV,NV,6.109102139362221e-05,1.1578984640436829e-05,0.0052488441579043865,0.00012027234333800152,0.0037124664522707462,0.9907878935337067,1.5505847386521054e-05,4.23461551690707e-05,5,NV
IL_7672692,1,BCC,BCC,0.00019851042452501133,0.5011579769197851,0.4834556404093746,0.00040730573712011164,0.00021959209254873713,0.013146243407391012,0.0013856442569704086,2.909532948436322e-05,1,BCC
IL_7675373,5,NV,NV,1.8834902064668313e-06,7.035386246911912e-06,0.02185904823272722,7.935196215669293e-07,0.0009821418789215386,0.9771445989608765,1.7962200473675694e-06,2.6998758357876795e-06,5,NV
IL_7678083,2,BKL,BKL,0.03488178838370004,0.0001370172151098359,0.9512381553649902,1.4381506559857371e-05,0.010454111092258245,0.002510576625354588,0.0007551559110652306,8.765134452914936e-06,2,BKL
IL_7680200,0,AK,AKIEC,0.6855622231960297,0.009348374791443348,0.12723678862676024,0.0007215095647552516,0.09666566277155653,0.02993672457887442,0.05013298103585839,0.00039572343666804954,0,AK
IL_7682560,5,NV,NV,2.8691386432910804e-05,0.010940752180431446,0.03427496086806059,0.0022033235638900805,0.132258553057909,0.819093644618988,0.00026837816039915197,0.0009316795621998608,5,NV
IL_7685934,4,MEL,MEL,0.001733367535052821,1.6719387588182144e-05,0.36314511485397816,4.870458342765005e-05,0.49462145008146763,0.1402859227382578,6.706781709908682e-05,8.169951308900636e-05,4,MEL
IL_7687091,0,AK,AKIEC,0.038665604930429254,0.08129773045948241,0.00044207077644387027,1.9738693936233176e-05,0.0012810718910714058,0.002148990105865778,0.8761436641216278,1.145167917826484e-06,6,SCC
IL_7687935,7,VASC,VASC,2.2552106656803517e-05,0.0009360087569803,0.002949081137558096,9.646660328144208e-05,0.00904690234165173,0.05207827375852503,1.1599560707509227e-06,0.9348695874214172,7,VASC
IL_7687991,6,SCC,SCCKA,0.014426324283704162,0.08512558322399855,0.031670546624809504,0.0015318474470404908,0.004950737580657005,0.009773473720997572,0.8434869050979614,0.00903457419553888,6,SCC
IL_7689829,1,BCC,BCC,0.0007400594622595236,0.6525579988956451,0.007803357555530965,0.0009180274140589972,0.0007158950920711504,0.3350065790109511,0.0022547123953700066,3.3898597564530064e-06,1,BCC
IL_7699811,5,NV,NV,0.0005734595729336434,0.0008662623804411851,0.0013468626857502386,9.983842937799636e-05,0.00646618555765599,0.9891856610774994,0.00022439177382693742,0.0012373401514196303,5,NV
IL_7705011,1,BCC,BCC,0.006093925680033863,0.4275660216808319,0.1458466574549675,0.019069241359829903,0.016346832271665335,0.3658159449696541,0.018612887943163514,0.0006485109188361093,1,BCC
IL_7707991,6,SCC,SCCKA,0.04881982982624322,0.030720231821760535,0.15671523578930646,0.00568051751179155,0.06503606965998188,0.015425471065100282,0.6772374212741852,0.0003652204541140236,6,SCC
IL_7708257,1,BCC,BCC,0.003177797596435994,0.2759429723955691,0.5485479608178139,0.0361870402484783,0.002981560362968594,0.07333718799054623,0.0024187543895095587,0.05740676075947704,2,BKL
IL_7709098,1,BCC,BCC,0.005941657233051956,0.5097041241824627,0.24473052937537432,0.00010576543400020455,0.03301114263013005,0.15074279718101025,0.054266642713628244,0.001497367560659768,1,BCC
IL_7709757,1,BCC,BCC,0.0012908854405395687,0.4655421827919781,0.4438308887183666,0.00183184101479128,0.023768027778714895,0.04532676236703992,0.017140891402959824,0.0012684963585343212,1,BCC
IL_7711358,1,BCC,BCC,0.07929345220327377,0.39128098962828517,0.498940609395504,8.177268682629801e-05,0.0005831039270560723,0.02958795055747032,0.00016361647431040183,6.851396392448805e-05,2,BKL
IL_7712318,5,NV,NV,0.00010450442269416271,0.000902771222172305,0.015381806231744122,0.0008680033279233612,0.12537883082404733,0.8533459007740021,0.0002701923399399675,0.0037480130049516447,5,NV
IL_7713182,5,NV,NV,0.006662664487521397,0.0037796100641571684,0.4498416930437088,0.001771972281858325,0.0028854617121396586,0.5335413813591003,0.0014306899392977357,8.652103679196443e-05,5,NV
IL_7713888,1,BCC,BCC,0.004207078196486691,0.8772154450416565,0.013275762496050447,0.000249622647970682,0.000453644162917044,0.07725755131104961,0.023177599196060328,0.00416330223379191,1,BCC
IL_7713960,1,BCC,BCC,0.04651770478812978,0.10045955612440594,0.7187129408121109,0.029038566659437492,0.01632658182643354,0.046895358711481094,0.038300683358102106,0.0037485907996597234,2,BKL
IL_7714849,4,MEL,MEL,4.928889898003774e-06,2.031609255936928e-06,0.964066207408905,3.6384951300760804e-06,0.02982514933682978,0.0060918115777894855,5.775580149247617e-06,3.930348331238065e-07,2,BKL
IL_7716473,1,BCC,BCC,0.41889047622680664,0.2624024860560894,0.06162884645164013,0.0020715895225293934,0.005085173062980175,0.021202671341598034,0.22838196903467178,0.000336777520715259,0,AK
IL_7717192,1,BCC,BCC,0.004723487465525977,0.00676290865521878,0.9278139770030975,0.02509163047045604,0.004674566810535907,0.023921690532006323,0.0047148963494692,0.0022968862485868158,2,BKL
IL_7718572,1,BCC,BCC,0.0737127502070507,0.44772989582270384,0.3116732108173892,0.001080424728570506,0.004679262638092041,0.10672587511362508,0.053766513941809535,0.0006320394900285464,1,BCC
IL_7718928,1,BCC,BCC,0.9927309453487396,0.0015587304678774672,0.00027128079545946093,7.902406480297941e-07,0.0012539944145828485,0.003862499288516119,0.0002292365170433186,9.244633656635415e-05,0,AK
IL_7719252,1,BCC,BCC,0.4568616398419181,0.4735911106636195,0.042799819028005004,6.336747432555967e-06,0.0005212360774748959,0.02189900453959126,0.004317517159506679,3.412847135564334e-06,1,BCC
IL_7719893,1,BCC,BCC,0.05558957066386938,0.4806810098234564,0.11298336740583181,0.0018301284417248098,0.17188074049772695,0.1656838750350289,0.010818772483617067,0.0005325154188540182,1,BCC
IL_7724286,2,BKL,BKL,0.008607161697000265,0.026276374235749245,0.09977216366678476,0.4593677446246147,0.04215153958648443,0.3512677773833275,0.011961315874941647,0.0005959274130873382,3,DF
IL_7725832,5,NV,NV,2.21951303132073e-05,0.0011072663983213715,0.02936842991039157,1.2144561992499803e-05,0.03704864239261951,0.9323704540729523,6.1157033428571594e-06,6.472182826655626e-05,5,NV
IL_7726867,0,AK,AKIEC,0.38178809566034033,0.00494381621501816,0.26930534839630127,0.01647809486166807,0.014475696254521608,0.2935276853386313,0.01699304762587417,0.00248826153074333,0,AK
IL_7727406,5,NV,NV,1.854527636169223e-05,0.005480087797693045,0.02561872093247075,0.34163690630805377,0.19626405090093613,0.3611277639865875,0.06982759399897986,2.631945153552806e-05,5,NV
IL_7727420,6,SCC,SCCKA,0.0030483996670227498,0.21006691898219287,0.005694360239431262,0.02526204753667116,0.0009292456379625946,0.0003239333054807503,0.7544985711574554,0.00017657199532550294,6,SCC
IL_7727942,1,BCC,BCC,0.0029037306376267225,0.3970084208995104,0.19687538873404264,0.02879833325278014,0.01936298469081521,0.3384663090109825,0.016430757008492947,0.00015412458742503077,1,BCC
IL_7728246,2,BKL,BKL,1.7937888117103284e-06,1.5612268366993476e-08,0.5419168099761009,1.428741143172374e-05,4.729500687972177e-06,0.4580614418373443,1.2908677149425785e-07,8.361438679216349e-07,2,BKL
IL_7728515,4,MEL,MEL,2.6880452196564875e-05,0.00010516664769966155,0.0021071242808829993,0.003294195601483807,0.6708073914051056,0.32327267434448004,3.9597670365765225e-05,0.0003469171251708758,4,MEL
IL_7728761,6,SCC,SCCKA,0.13480297260684893,0.019388077461371722,0.008453687885776162,0.00021941007071291097,0.6478838175535202,0.015260046347975731,0.1729537844657898,0.0010381514161963423,4,MEL
IL_7735449,5,NV,NV,1.5312405852618838e-05,2.0024506397930963e-05,0.0001253926411663997,1.885780161003936e-05,0.03360762819647789,0.9660741090774536,1.6252971228425395e-05,0.0001224317283572418,5,NV
IL_7736241,0,AK,AKIEC,0.08893746044486761,0.16714637447148561,0.3621716573834419,0.0006061071471776813,0.08605611091479659,0.08550072088837624,0.20783217251300812,0.0017494075145805255,2,BKL
IL_7738842,1,BCC,BCC,0.047606112668290734,0.1706852808711119,0.41000321321189404,0.00460718316026032,0.10724727110937238,0.00683182873763144,0.24461575830355287,0.0084032992599532,2,BKL
IL_7740320,3,DF,DF,0.0023518104571849108,0.035586537793278694,0.008677151752635837,0.6494746655225754,0.2506944179185666,0.03432666976004839,0.01882812799885869,6.069772007322172e-05,3,DF
IL_7741201,1,BCC,BCC,0.18902868288569152,0.47883357503451407,0.25192887522280216,0.0010407775407657027,0.01510145420616027,0.04948531091213226,0.013274820987135172,0.0013064985105302185,1,BCC
IL_7743393,0,AK,AKIEC,0.07405811361968517,0.05450364900752902,0.43822303880006075,0.00015105224701983389,0.0012593016072059982,0.0036273705773055553,0.42815866955788806,1.8839110680346494e-05,2,BKL
IL_7743686,1,BCC,BCC,0.47888339959899895,0.013612919487059116,0.016606023884378374,9.750950084708165e-06,0.0002602166496217251,0.003959711088100448,0.48666490727919154,3.032567775562711e-06,6,SCC
IL_7744787,4,MEL,MEL,0.002997824701729712,0.012753103223985818,0.01840598946728278,0.005214471344515914,0.058922964257362764,0.6046452075242996,0.29672957365562525,0.00033082427972885853,5,NV
IL_7744889,1,BCC,BCC,0.29658545431931316,0.02888051647460088,0.029035913612460718,0.00016086215146060567,0.0005186000053072348,0.033717268946929835,0.6106206029653549,0.00048076788868911535,6,SCC
IL_7744965,1,BCC,BCC,0.01863217362188152,0.5005663549527526,0.36968464555684477,0.007384988964076911,0.03155806334052613,0.0675447324902052,0.0027496321126818657,0.0018793806297026094,1,BCC
IL_7746701,1,BCC,BCC,0.25112147130130325,0.5010868161916733,0.11984253166883718,0.002251361190941825,0.04343654692692667,0.08068329468005686,0.0006024996414453199,0.0009755162850524357,1,BCC
IL_7748792,5,NV,NV,0.0008808882148514385,0.2452209607581608,0.030072754714637995,0.004621214931830764,0.09856322145787999,0.6197352856397629,0.00040202199306804687,0.0005036421352997422,5,NV
IL_7749269,1,BCC,BCC,0.00018677764273888897,0.013880854472517967,0.0433585774153471,0.14021480127121322,0.48745620995759964,0.273617759346962,0.0007578913937322795,0.040527160512283444,4,MEL
IL_7749635,2,BKL,BKL,0.4448060840368271,0.0019307431648485363,0.21352624893188477,0.003277862793765962,0.012775714858435094,0.13371022325009108,0.18962249159812927,0.0003506140783429146,0,AK
IL_7749709,6,SCC,SCCKA,0.005875385366380215,0.1571216577431187,0.03104793734382838,0.2994006350636482,0.017059725243598223,0.014590701553970575,0.47214124351739883,0.0027627311210380867,6,SCC
IL_7749892,3,DF,DF,0.04010347149636573,0.0708797739853253,0.0005125278403284028,0.49756056896876544,0.011631265049800277,0.16176560800522566,0.21745744131249012,8.935959158407059e-05,3,DF
IL_7750546,5,NV,NV,3.4220793665440397e-07,1.0600258164572551e-06,0.001508539303699763,3.6986769540447995e-06,0.03173580125439912,0.9667223393917084,5.481600844348122e-07,2.770142054941971e-05,5,NV
IL_7753719,1,BCC,BCC,0.10764375983853824,0.30677979233405495,0.21829447895288467,0.0009867340922937728,0.04323301592376083,0.26623869774630293,0.05666331379325129,0.00016018292808439583,1,BCC
IL_7755452,6,SCC,SCCKA,0.00020183175229249173,0.00014080738856137032,0.00011529064067872241,0.0041119018716311295,0.00026288535448770745,0.0004482557799718734,0.9947190284729004,5.190439439362038e-08,6,SCC
IL_7755497,5,NV,NV,0.0005481731038230464,0.0003084126547037158,0.12074050679802895,0.07159841866814531,0.004885563568677753,0.801549881696701,0.0002566025859778165,0.00011250098032178357,5,NV
IL_7756506,6,SCC,SCCKA,0.0064049467036966234,0.005332910244760569,0.004944668849930167,0.00015188932775345165,0.0007703701958234888,0.0004487096521188505,0.9819451570510864,1.3931942817180243e-06,6,SCC
IL_7759035,1,BCC,BCC,0.00598980684299022,0.2795056886970997,0.26423268765211105,0.0001237110627698712,0.001598431437741965,0.2853153751784703,0.16320526995696127,2.901053039749968e-05,5,NV
IL_7760064,0,AK,AKIEC,2.0490830593189457e-05,1.662440399741172e-05,0.99383944272995,2.249099281925737e-06,0.0002280835760757327,0.00588605651864782,6.428198048524791e-06,6.337351408092218e-07,2,BKL
IL_7760285,1,BCC,BCC,0.07611255720257759,0.5200978703796864,0.17809588927775621,0.008684600275955745,0.009440572487619647,0.009880276629701257,0.013437457571853884,0.1842507773108082,1,BCC
IL_7760454,1,BCC,BCC,0.16600010264664888,0.47344301734119654,0.002105309751641471,0.00013536873302655295,0.12678954395960318,0.2027187034218514,0.028701950330287218,0.0001060187987604877,1,BCC
IL_7760506,1,BCC,BCC,0.005279908771626651,0.08942197449505329,0.452879985794425,0.001483565429225564,0.00902946962742135,0.0196029890794307,0.421913760015741,0.0003883016324834898,2,BKL
IL_7762998,1,BCC,BCC,0.6873096823692322,0.10469526657834649,0.01819643657654524,0.00011058024028898217,0.057031154865399,0.08729563653469086,0.04532918659970164,3.201448771505966e-05,0,AK
IL_7764430,4,MEL,MEL,0.02634168992517516,0.00025593768441467546,0.1991770574823022,0.0005397365894168615,0.1877071326598525,0.3367036245763302,0.24910845123667968,0.00016639856767142192,5,NV
IL_7768823,5,NV,NV,0.0001158908853540197,0.016670478995365556,0.07381418906152248,0.0010036557923740475,0.08837291738018394,0.8197166919708252,0.00013807795039610937,0.00016803610196802765,5,NV
IL_7769100,1,BCC,BCC,0.00030292014707811177,0.579316221177578,0.052263156161643565,0.023964549938682467,0.03963496768847108,0.3023912445642054,0.001733532641083002,0.00039338825445156544,1,BCC
IL_7769284,1,BCC,BCC,0.0027383596752770245,0.4348903698846698,0.4993476290255785,0.004555794129601054,0.000306242083752295,0.043510120536666363,0.014170003938488662,0.00048150014373504746,2,BKL
IL_7770574,5,NV,NV,4.418012764517698e-07,0.00013375373082524789,0.005528455307285185,0.0001601140165803372,0.005028695100918412,0.9891260266304016,8.633525233392447e-06,1.3841036434314447e-05,5,NV
IL_7773272,6,SCC,SCCKA,0.00037220565718598664,7.277014810824767e-05,0.9943009912967682,0.003289312357082963,0.0007525626861024648,0.0004164135461905971,0.0007912733271950856,4.467508915695362e-06,2,BKL
IL_7775733,2,BKL,BKL,1.5909008197922958e-05,1.4878916317684343e-05,0.6105598956346512,8.682538282300811e-05,0.001891636595246382,0.3874247893691063,3.095198621849704e-06,2.9252381636979408e-06,2,BKL
IL_7776023,4,MEL,MEL,0.3465351292252308,0.06346941363881342,0.4203481860458851,0.00025440056197112426,0.06930279918015003,0.05337737314403057,0.04652310254641634,0.00018956523126689717,2,BKL
IL_7776622,5,NV,NV,0.0012973293950153675,3.749735697056167e-06,0.002456258807796985,5.144143369761878e-05,0.034175872802734375,0.9609487056732178,2.4469802383464412e-05,0.0010422030954941874,5,NV
IL_7780651,2,BKL,BKL,0.020275608923839172,0.00452518123347545,0.18133185803890228,0.13165719945391174,0.07971874097711407,0.02389616753498558,0.5545983165502548,0.003996930841140056,6,SCC
IL_7781007,1,BCC,BCC,0.03231304045766592,0.09720461443066597,0.344628611477674,0.0006121522310422733,0.00015285325025615748,0.05403120539995143,0.47087501734495163,0.00018247029561280215,6,SCC
IL_7784987,5,NV,NV,0.0019200290780645446,0.0025829035585047677,0.09788514953106642,0.0003114460196229629,0.109796735458076,0.7522818744182587,0.034989794687135145,0.0002320379498996772,5,NV
IL_7785689,1,BCC,BCC,0.009144723204371985,0.0016247787862084806,0.9716737866401672,0.0004285225295461714,0.008213931461796165,0.008179566240869462,0.0006397037795977667,9.49441637203563e-05,2,BKL
IL_7789479,1,BCC,BCC,0.21722871623933315,0.2721515076700598,0.026702202783781104,7.736175848549465e-05,0.20933146588504314,0.10917158517986536,0.1639299715316156,0.0014071990153752267,1,BCC
IL_7790192,1,BCC,BCC,0.3996121841482818,0.06472419109195471,0.27098970487713814,0.0037063020281493664,0.030172981787472963,0.007912074914202094,0.22177516296505928,0.0011074520589318126,0,AK
IL_7792502,1,BCC,BCC,0.005416561500169337,0.893688291311264,0.06561266303469893,0.00032107008883031085,0.0001277933574783674,0.0346671799197793,0.00015742304458399303,8.997255349640909e-06,1,BCC
IL_7793730,1,BCC,BCC,0.002580439468147233,0.5161612629890442,0.46519555523991585,0.0017844021385826636,0.008859600871801376,0.003781855237320997,0.0013860938779544085,0.0002508435343315796,1,BCC
IL_7795758,5,NV,NV,1.547113254218857e-05,0.007315172501876077,0.01808296691160649,6.871057803436997e-05,0.09402020554989576,0.8802817165851593,1.338992228738789e-05,0.0002023880599608674,5,NV
IL_7798447,1,BCC,BCC,0.009294024668633938,0.10459643776994199,0.7407598495483398,0.004347218899056315,0.09785239398479462,0.02398349775467068,0.01683048577979207,0.0023360861814580858,2,BKL
IL_7798468,0,AK,AKIEC,0.500610699178651,4.552365373911016e-05,0.2613487491616979,0.00047994641524773396,0.0020138642566962517,0.002377661932882802,0.23311706794675047,6.490648317480918e-06,0,AK
IL_7800799,1,BCC,BCC,0.027904210677661467,0.8909107148647308,0.036826280935201794,0.0013216909568711799,0.007992638446012279,0.033982465050939936,0.0009755936334840953,8.64074950328586e-05,1,BCC
IL_7803371,6,SCC,SCCKA,2.259489156131167e-05,0.003843759252504242,0.5046379137784243,0.00037846162013011053,0.007306326666366658,0.0036168028600513935,0.4801701603228139,2.396448473973578e-05,2,BKL
IL_7804656,5,NV,NV,0.00024371149265789427,0.8407027721405029,0.0037712513003498316,0.014350076179880489,0.004280019013094716,0.1363089308142662,7.847263782423397e-05,0.00026478845808242113,1,BCC
IL_7806060,1,BCC,BCC,0.005345383629901335,0.9069761335849762,0.007900029595475644,0.0041252236915170215,0.016148983704624698,0.04981817491352558,0.00939187896437943,0.0002941651628134423,1,BCC
IL_7811339,1,BCC,BCC,0.0009528384252917022,0.582792155444622,0.24754761200165376,2.8015609586873325e-05,0.0007302063531824388,0.16779898665845394,8.958182297647e-05,6.0567630498553626e-05,1,BCC
IL_7817244,1,BCC,BCC,0.37637133337557316,0.4897634759545326,0.0033107380440924317,0.007978788009495474,0.025025504059158266,0.0517980782315135,0.04358432907611132,0.0021678098710253835,1,BCC
IL_7818452,5,NV,NV,4.494983386393869e-06,5.7786662523540144e-05,0.14231885499611963,0.00043317742529325187,0.09874898032285273,0.7583730518817902,9.541335430185427e-06,5.4107893447508104e-05,5,NV
IL_7820661,4,MEL,MEL,0.024029588710618555,0.02757037172023047,0.10520715943130199,0.003592132037738338,0.4900921708904207,0.3454260490834713,0.0011850957307615317,0.0028974387173548166,4,MEL
IL_7821260,1,BCC,BCC,0.03036856558173895,0.1746862173313275,0.5941535532474518,0.0007008166580817488,0.023128303782868898,0.15167033299803734,0.0233799077977892,0.001912258597485561,2,BKL
IL_7825676,6,SCC,SCCKA,0.12522158361025504,0.5130322314798832,0.015999109484255314,0.005203687454923056,0.29983981791883707,0.01078141073230654,0.029585232958197594,0.00033695855609039427,1,BCC
IL_7825697,4,MEL,MEL,0.00029661322878382634,0.0016503929458195898,0.11251924953194248,7.288844426511787e-05,0.4924103585071862,0.39270001370459795,0.00022679024186800234,0.00012370152262519696,4,MEL
IL_7825787,1,BCC,BCC,0.011862810817547143,0.48435592991882004,0.13439528294838965,0.004242245617206208,0.057479724102449836,0.30547179383574985,0.002037538855802268,0.0001546770363347605,1,BCC
IL_7828194,1,BCC,BCC,0.06264109537005424,0.1450347676873207,0.34235584922134876,0.0005574447059188969,0.0028686809819191694,0.0011175297186127864,0.4453021511435509,0.00012248566781636328,6,SCC
IL_7829784,1,BCC,BCC,0.03140586009249091,0.17838051641592756,0.18692052736878395,0.004552953178063035,0.04593420500168577,0.3032777411863208,0.24662697974417824,0.002901177038438618,5,NV
IL_7832293,1,BCC,BCC,0.2820792756974697,0.04969988577067852,0.18645862769335508,0.25647625676356256,0.012034203042276204,0.007671397179365158,0.20336339995265007,0.002216973720351234,0,AK
IL_7833782,1,BCC,BCC,0.0002151241078536259,0.5023106143344194,0.4942451841552611,0.00034766093472171633,0.00024888132952582964,0.0023325666625169106,0.0002958047277843434,4.188378113667568e-06,1,BCC
IL_7834176,1,BCC,BCC,0.1977941143559292,0.4983593001961708,0.034680988639593124,0.013011688773985952,0.0016577114001847804,0.11848969385027885,0.1354047185741365,0.0006017655505274888,1,BCC
IL_7834539,1,BCC,BCC,0.19266062769747805,0.587681233882904,0.09449342545121908,0.024686840177309932,0.002824046212481335,0.029562907991930842,0.06709669210249558,0.00099425273901943,1,BCC
IL_7842588,2,BKL,BKL,0.0033594649357837625,0.00225596537347883,0.21370698022656143,0.0002736254506316982,0.13350671659782165,0.6332653760910034,0.013517291645257501,0.00011454228069851524,5,NV
IL_7845840,1,BCC,BCC,0.3459828180493787,0.46176722506061196,0.15565394889563322,5.532390241569374e-05,0.0009544725180603564,0.03538115625269711,0.00015162206909735687,5.3386705985758454e-05,1,BCC
IL_7853523,5,NV,NV,0.00014752023707842454,2.743867376864273e-05,0.012728526489809155,0.00022689090610583662,0.023007294163107872,0.9634870886802673,0.00011009316403942648,0.0002651924141900963,5,NV
IL_7855473,5,NV,NV,0.0003916347195627168,0.0028641363023780286,0.06115633895387873,0.00026521028667048085,0.018172789365053177,0.9166528880596161,3.606976406445028e-05,0.0004608805520547321,5,NV
IL_7857682,5,NV,NV,2.9554509637819137e-05,0.00013369279258768074,0.43443260132335126,0.001346040313364938,0.0038687360793119296,0.5354554653167725,0.000663255201402535,0.02407060999348687,5,NV
IL_7859476,1,BCC,BCC,0.06691421483265003,0.2500840835273266,0.21321621909737587,0.0010345535629312508,0.006700675992760807,0.13830805104225874,0.31886911834590137,0.00487309279924375,6,SCC
IL_7864220,0,AK,AKIEC,0.0011171259486815188,0.00041059772705764885,0.4744513565674424,1.5522311528570754e-05,0.0003711952477374325,0.03250750138249714,0.4907917972886935,0.00033485470755767466,6,SCC
IL_7865284,1,BCC,BCC,0.022065170283894986,0.34747556038200855,0.46334901452064514,0.0001663934594944294,0.024613690096884966,0.13983227286371402,0.002480205675055913,1.764854368957458e-05,2,BKL
IL_7867833,0,AK,AKIEC,0.4256362090818584,0.004033594610518776,0.5426404178142548,0.0003375711676198989,0.004755211746669374,0.01613252644892782,0.006412089511286467,5.2323619229355245e-05,2,BKL
IL_7869579,1,BCC,BCC,0.018995092093973653,0.43365859720506705,0.3909400440752506,1.421149261204846e-05,0.06373131477448624,0.06828066307571135,0.024357404210604727,2.2696618884765485e-05,1,BCC
IL_7871086,1,BCC,BCC,0.018091948004439473,0.48988935351371765,0.48854316771030426,2.8543418920889962e-05,0.0004683880688389763,0.002441589458612725,0.0005157663672434865,2.1304545043676626e-05,1,BCC
IL_7871549,6,SCC,SCCKA,0.04651138177723624,0.3586979452520609,0.5284068137407303,0.0016823782352730632,0.03311298607150093,0.001212125876918435,0.030279076658189297,9.729443991091102e-05,2,BKL
IL_7871814,1,BCC,BCC,0.0008254104277511942,0.753142923116684,0.11008088616654277,6.385290216570638e-07,1.41192552050029e-06,0.1359405140101444,8.258559546447941e-06,2.3137069149470335e-08,1,BCC
IL_7884218,1,BCC,BCC,0.029711440205574036,0.444965198636055,0.26650211960077286,0.0027023268485208973,0.006156171235488728,0.1872955858707428,0.06252489530015737,0.00014226987150323112,1,BCC
IL_7884893,0,AK,AKIEC,0.033349481178447604,0.0044613059726543725,0.4048732705414295,0.003440615000727121,0.032543001647354686,0.021139197779120877,0.4980034939944744,0.0021896305806876626,6,SCC
IL_7885027,1,BCC,BCC,0.22626192774623632,0.10536835598759353,0.5123243946582079,0.00040896715654525906,0.08473225124180317,0.020659605972468853,0.013279798673465848,0.03696472513547633,2,BKL
IL_7885037,1,BCC,BCC,0.26328606181778014,0.21507877111434937,0.0593756758607924,0.0003351035111336387,0.08165753702633083,0.006851616024505347,0.3732647877186537,0.0001504299434600398,6,SCC
IL_7885179,2,BKL,BKL,0.044272531289607286,0.05894502438604832,0.249334225882194,0.22392210783436894,0.06730875931680202,0.3420993685722351,0.009903426514938474,0.004214591346681118,5,NV
IL_7894375,1,BCC,BCC,0.0008276062380900839,0.49398486212521675,0.2582131081726402,3.0023379430588193e-05,9.653558254285599e-05,0.24615777051076293,0.0006841406808355543,5.949724709353177e-06,1,BCC
IL_7894470,0,AK,AKIEC,0.5016601027455181,0.0011773800943046808,0.4223994539643172,0.007812199735237613,0.003373888517785417,0.06245348425954944,0.0010280019996571355,9.54771056317083e-05,0,AK
IL_7894855,0,AK,AKIEC,0.14115536585450172,0.006748554413206875,0.05779908783733845,0.0003064927877858281,0.545945905148983,0.23310987616423517,0.014736617798916996,0.0001981428504223004,4,MEL
IL_7898098,1,BCC,BCC,0.002593301600427367,0.5001795651623979,0.49530914779461455,3.6802737895413884e-05,0.0006856608624730143,0.0007916008908068761,0.0003984190334449522,5.560545105254278e-06,1,BCC
IL_7900127,1,BCC,BCC,0.004488736391067505,0.517300009727478,0.3834228426567279,0.0016888209211174399,0.020512099843472242,0.06172117171809077,0.0007989011937752366,0.01006735663395375,1,BCC
IL_7908482,2,BKL,BKL,0.00010182389098645217,0.00014229281464395171,0.5260216929018497,0.00020709714272015844,0.3691748569253832,0.10404440015554428,0.0002650828370178715,4.273705548030193e-05,2,BKL
IL_7910174,6,SCC,SCCKA,0.004479903873289004,0.008942700223997235,0.0274835585441906,0.1975780799984932,0.3083902682774351,0.03245723032159731,0.4194182679057121,0.001250030213213904,6,SCC
IL_7910339,1,BCC,BCC,0.0008721286139916629,0.20388708481914364,0.513035960495472,0.001106230658479035,0.0019805688061751425,0.1382686970755458,0.14055723196361214,0.0002921925697592087,2,BKL
IL_7911942,4,MEL,MEL,5.736259936384158e-06,0.00021498937167052645,0.04019067098852247,0.0006272837078995508,0.08119927905499935,0.8777332305908203,8.593489155828138e-06,2.022860735451104e-05,5,NV
IL_7912330,1,BCC,BCC,0.0010140170634258538,0.8204276859760284,0.11419276148080826,1.2674734307438484e-05,0.0008015185985641438,0.06289093714440241,0.0006526152428705245,7.74422233007499e-06,1,BCC
IL_7913171,1,BCC,BCC,0.08172811125405133,0.4196518735261634,0.4574790634214878,0.0020921434847878118,0.0006345025794871617,0.007250506983837113,0.02848041447577998,0.002683407747099409,2,BKL
IL_7913818,6,SCC,SCCKA,0.004823039431357756,0.0019405169296078384,0.12843003869056702,0.4311783518642187,0.01594088738784194,0.004555246094241738,0.41279770398978144,0.00033423480635974556,3,DF
IL_7914458,1,BCC,BCC,0.031843274635320995,0.5284718759357929,0.060691069080348825,0.00047780874592717737,0.004232335988490377,0.36076679977122694,0.013473045255523175,4.380312589091773e-05,1,BCC
IL_7917334,6,SCC,SCCKA,0.005669331760145724,0.0022430720855481923,0.0007241699786391109,1.4844817769699148e-05,0.0005036288312112447,0.49356206903394195,0.4972812454216182,1.7246701133899478e-06,6,SCC
IL_7917895,3,DF,DF,5.282357146541017e-05,0.00011714048196154181,0.33509059611242265,0.49989039928186685,0.0028444823110476136,0.1617655272857519,0.00021214747403064393,2.6917481477539695e-05,3,DF
IL_7918230,1,BCC,BCC,0.0028211771423229948,0.6781971454620361,0.0013210832985350862,3.5621812003228115e-05,0.15743930228927638,0.13838967344054254,0.02161709126085043,0.00017892405412567314,1,BCC
IL_7921375,0,AK,AKIEC,0.33604830503463745,0.5421296656131744,0.00954618259856943,0.009080846045435464,0.05182657530531287,0.013241060223663226,0.033535986207425594,0.004591367789544165,1,BCC
IL_7923672,4,MEL,MEL,0.00303951768000843,0.012863732874393463,0.3186263106763363,0.00752916539488524,0.2536744037424796,0.38786059617996216,0.016245062906079966,0.00016116887036332628,5,NV
IL_7925495,1,BCC,BCC,0.07351766899228096,0.4428749908984173,0.11419166676932946,8.873969858314013e-05,0.1400489394500255,0.22910491145012202,6.986964217503555e-05,0.00010322734613055218,1,BCC
IL_7926291,1,BCC,BCC,0.002768406630593745,0.9951058924198151,0.0012038667337037623,1.4236934902100984e-06,1.0290773275301035e-05,0.0006196557587827556,0.00028876055705495673,1.7394724807218154e-06,1,BCC
IL_7928790,6,SCC,SCCKA,0.1384186876239255,0.060297015123069286,0.24542245268821716,0.00021854461374459788,0.10409806963070878,0.1385019957087934,0.30771553979138844,0.005327707346623356,6,SCC
IL_7929294,5,NV,NV,6.793521603043473e-06,0.000883545634003724,0.002654889809722949,0.00018678406868843922,0.008918788993469207,0.987024188041687,0.0001939683096949807,0.0001310479419771582,5,NV
IL_7929942,6,SCC,SCCKA,6.10548040640424e-05,0.001108792902357436,0.4999792213202454,4.472583952974674e-06,0.008332019213412423,6.583142203453463e-05,0.4904464313876815,2.1439904003273114e-06,2,BKL
IL_7930944,1,BCC,BCC,0.0317081012763083,0.6037473082542419,0.2576063360320404,0.011591168939503405,0.006652166157437023,0.07568604544212576,0.012681480031460524,0.0003273909096606076,1,BCC
IL_7931283,1,BCC,BCC,0.23886529635637999,0.505473405122757,0.23084288090467453,0.00015029543419586844,0.0014147850597510114,0.019653280498459935,0.003366916556842625,0.0002331730577225244,1,BCC
IL_7933617,6,SCC,SCCKA,0.000811800200608559,0.010383249260485172,0.018974855428496085,0.00030946034187806504,0.0016585138801019639,0.0007299581522204335,0.9671070575714111,2.5153187195314786e-05,6,SCC
IL_7938649,1,BCC,BCC,0.03094692495506024,0.023171788081526756,0.6304521262645721,4.5273829528014176e-05,0.0019495493106660433,0.01290235947817564,0.30050931105506606,2.2693599476042436e-05,2,BKL
IL_7940585,5,NV,NV,1.555603648739634e-05,6.943658263480756e-05,0.0023265190538950264,0.0001814362040022388,0.07093966007232666,0.9261354804039001,7.055485002638306e-05,0.00026137983513763174,5,NV
IL_7940673,4,MEL,MEL,7.77334685153619e-06,0.00146758493588095,0.0042561618611216545,3.620826123551524e-05,0.417716980795376,0.5764635354280472,8.2990967484875e-06,4.3448364635878534e-05,5,NV
IL_7943219,2,BKL,BKL,0.0007862596085033147,3.546922425812227e-05,0.755526065826416,0.0002166050062442082,0.0898296870291233,0.15352579788304865,5.175329715711996e-05,2.8326213396212552e-05,2,BKL
IL_7943940,1,BCC,BCC,0.005619980308438244,0.5936004519462585,0.39308270812034607,2.0582869389329517e-05,0.0006227662161109038,0.006952439958695322,7.236281999212224e-05,2.8768822119218385e-05,1,BCC
IL_7948272,1,BCC,BCC,0.17450349207501858,0.5627975761890411,0.16750161768868566,0.002110939531121403,0.0012152669733040966,0.05150789185427129,0.038971807807683945,0.0013913615293859039,1,BCC
IL_7948300,1,BCC,BCC,0.1784101128578186,0.5163992941379547,0.23595420643687248,0.00040698770789049377,0.0010498923948034644,0.06726968009024858,0.00042979217732863617,8.0014660852612e-05,1,BCC
IL_7950923,1,BCC,BCC,0.0004408849054016173,0.5298936255276203,0.005331582549843006,3.850259645332699e-05,0.0002390055553860293,0.4629900159779936,0.0010588367795207887,7.549117114535875e-06,1,BCC
IL_7950940,6,SCC,SCCKA,0.5002509393088985,6.681701279376284e-06,0.00019773878921114374,3.3231616569651123e-08,3.7330514714994933e-06,2.3286640953301685e-06,0.4995385110392476,1.2793625325802083e-09,0,AK
IL_7951071,2,BKL,BKL,0.4890510886662014,3.149188728457375e-06,0.3981395270675421,3.356881921945387e-05,0.0333100741263479,0.0791426116720686,0.00031029602268972667,9.74456639823984e-06,0,AK
IL_7954262,1,BCC,BCC,8.899962813302409e-05,0.0034895468852482736,0.022876365575939417,0.3224374691444609,0.009607232273083355,0.12296077830251306,0.5181254930794239,0.00041420715916729023,6,SCC
IL_7956522,2,BKL,BKL,2.9774982067465317e-05,9.105992431202026e-05,0.505737769883126,2.4034998432398424e-05,0.03770100712426938,0.45627984759630635,1.9243299902882427e-05,0.00011720462805442367,2,BKL
IL_7959059,1,BCC,BCC,0.12433222983963788,0.24949765537166968,0.5890475958585739,0.0002463732016622089,0.004035111880511977,0.029392709024250507,0.0034188054560218006,2.951018814201234e-05,2,BKL
IL_7961320,1,BCC,BCC,0.04582380213264514,0.5025879614986479,0.3868427696073695,0.00013682228563993704,0.004532684974037693,0.0594136470963349,0.0005839835503138602,7.833013017943813e-05,1,BCC
IL_7964998,5,NV,NV,1.6038741250667954e-06,0.00026004369169640995,0.000154762352394755,3.278288261299167e-06,0.02041736152023077,0.9790468215942383,1.9123199130888224e-06,0.00011418840585974976,5,NV
IL_7965758,1,BCC,BCC,0.0012892624508822337,0.41854958049952984,0.5282937437295914,0.003744703652046155,0.01013101014541462,0.03610745444893837,0.0017841724038589746,0.00010005405420088209,2,BKL
IL_7970033,2,BKL,BKL,0.04376243276055902,0.0812958050519228,0.4885210320353508,0.05090648209443316,0.1672404816490598,0.14077685266966,0.02230001427233219,0.0051968884054076625,2,BKL
IL_7971648,2,BKL,BKL,3.9462150425606524e-05,0.007509399241399706,0.034571933560073376,0.0006570057739736512,0.007160861357988324,0.5620365813374519,0.0001445501102352864,0.38788023687084205,5,NV
IL_7972003,1,BCC,BCC,0.001286081142097828,0.1681075745727867,0.7430052757263184,0.00123898200399708,0.0014683218905702233,0.08200141414999962,0.0028532519208965823,3.90640693694877e-05,2,BKL
IL_7972965,6,SCC,SCCKA,0.004933566757244989,0.14014196628704667,0.005518308014870854,0.0939905783161521,0.16948018166294787,0.044019789616868366,0.49725018662866205,0.044665446769499795,6,SCC
IL_7974370,2,BKL,BKL,0.0008037851948756725,0.11379789118655026,0.5288978815078735,0.0015688488165324088,0.011934800771996379,0.2113201916217804,0.13141726680623833,0.00025936846031981986,2,BKL
IL_7974565,2,BKL,BKL,0.0029034441977273673,0.0002591217853478156,0.544583261013031,0.0011472708283690736,0.024486667476594448,0.42213985743001103,0.003627928177593276,0.000852484576171264,2,BKL
IL_7974648,5,NV,NV,3.977201782845441e-05,2.1138210115623224e-06,0.003906749974703416,0.00013807493087369949,0.12131491582840681,0.8721901476383209,9.486332828601007e-06,0.002398714641458355,5,NV
IL_7975142,1,BCC,BCC,0.0028594206232810393,0.4809299601474777,0.5041409442201257,4.8752221118775196e-05,0.0012314541017985903,0.003170296608004719,0.007602670753840357,1.657756911299657e-05,2,BKL
IL_7975365,2,BKL,BKL,0.16974181961268187,0.003999024396762252,0.07324788719415665,0.0006995411922616768,0.2713508078159066,0.0036338614809210412,0.4771660566329956,0.00016097027037176304,6,SCC
IL_7976710,1,BCC,BCC,0.0038584963403991424,0.21421537548303604,0.04576782739604823,0.006494742774691531,0.024688558780326275,0.002677441108971834,0.695907860994339,0.006389727333129258,6,SCC
IL_7976753,4,MEL,MEL,0.00713154484401457,0.053246347000822425,0.29005647520534694,0.031107736693229526,0.03313133760821074,0.5763014554977417,0.007043123492621817,0.001982015382964164,5,NV
IL_7977795,5,NV,NV,6.606745586168472e-07,0.002913813634222606,0.0270088082033908,2.472406147546735e-05,0.004309378797188401,0.965734452009201,1.0072387226500723e-06,7.162195061027887e-06,5,NV
IL_7980891,1,BCC,BCC,0.021955258609523298,0.4638318525685463,0.46351018478162587,0.0009260695951525122,0.0007177283114288002,0.048644098453223705,0.0002113647115038475,0.00020347612098703394,1,BCC
IL_7982097,1,BCC,BCC,0.0016698603285476565,0.2682940661907196,0.44003880862146616,0.010937538929283619,0.03906788118183613,0.13260619342327118,0.10643996560247615,0.0009457430678594392,2,BKL
IL_7983668,5,NV,NV,1.8021562482317677e-06,0.00015367591913673095,0.0007359113515121862,0.000128520700855006,0.00348213137476705,0.9954643845558167,1.5540333251351512e-05,1.8094163294790633e-05,5,NV
IL_7985046,1,BCC,BCC,0.4141842289827764,0.12888217344880104,0.32189308665692806,0.0028511919954326004,0.0027885058079846203,0.055199237540364265,0.07408852294611279,0.00011305408406769857,0,AK
IL_7987633,1,BCC,BCC,0.00810548359004315,0.13239508875994943,0.6000142693519592,0.02701338578481227,0.006577886873856187,0.22372080525383353,0.0019775172258960083,0.00019551225705072284,2,BKL
IL_7991885,3,DF,DF,0.002841664449078962,0.025724524399265647,0.011420355876907706,0.8740136623382568,0.012778964824974537,0.040505324490368366,0.0055608730763196945,0.027154619805514812,3,DF
IL_7995949,5,NV,NV,2.8855770324298646e-06,0.00011755062587326393,0.000694215064868331,9.895985090224713e-05,0.005838051438331604,0.9931274652481079,6.731432449669228e-06,0.00011411314517317805,5,NV
IL_7996799,1,BCC,BCC,0.001853965532973234,0.27644792444380073,0.5188473984599113,0.00019149574654875323,0.07001405884511769,0.13255011197179556,4.4653465010924265e-05,5.039487053437597e-05,2,BKL
IL_7998645,6,SCC,SCCKA,0.00868753157556057,0.7015655040740967,0.014066559262573719,0.040540166723076254,0.017320333048701286,0.001345273369224742,0.21204641135409474,0.00442825848585926,1,BCC
IL_8001896,1,BCC,BCC,0.0014257664515753277,0.5029324409551919,0.37832190735935,0.0007603160242979357,0.0007618209849624691,0.11352130031445995,0.0022245130385272205,5.1933036559148604e-05,1,BCC
IL_8003176,6,SCC,SCCKA,0.1933972518891096,0.006344323257508222,0.0009619533957447857,2.6534625646945642e-05,0.004720502802229021,0.0002508067154849414,0.7942947745323181,3.876173423122964e-06,6,SCC
IL_8007348,1,BCC,BCC,0.17923855339176953,0.5562053471803665,0.2536069810157642,2.4543134486521012e-05,0.0015205847303150222,0.009113787673413754,0.00026837004406843334,2.1806511540489737e-05,1,BCC
IL_8010976,1,BCC,BCC,0.4052389031276107,0.18905068188905716,0.25651215948164463,0.03349695143697318,0.006837594133685343,0.008705185377039015,0.09563543694093823,0.004523093928582966,0,AK
IL_8012177,1,BCC,BCC,0.0024285112449433655,0.22865669056773186,0.02654814370907843,0.1271770028361061,0.015348601446021348,0.1477424409276864,0.449619909748435,0.0024786788098936086,6,SCC
IL_8012977,2,BKL,BKL,0.012024226719745457,5.931340226084103e-06,0.9804947674274445,2.737153002030368e-07,0.00368868354416918,0.003785377135500312,6.060635087123956e-07,4.374836848342056e-08,2,BKL
IL_8019185,1,BCC,BCC,0.38571494493726277,0.5587727054953575,0.000943876367273333,8.981280944908576e-05,0.0005025368309361511,0.05374144428787986,6.629460858675884e-05,0.00016833329891596804,1,BCC
IL_8022084,2,BKL,BKL,0.0003810012543681296,0.0013210517895463347,0.9758970141410828,0.00032799958860518785,0.00029384912749463865,0.021652507142789545,9.43323900486348e-05,3.223070756830371e-05,2,BKL
IL_8022344,1,BCC,BCC,0.3573703917681996,0.17970016598701477,0.022660937160253525,4.911809264740441e-05,0.05971150250843493,0.35074408166110516,0.028034861967626057,0.0017289491261180956,0,AK
IL_8022515,1,BCC,BCC,0.001090103120986896,0.021973344089929014,0.25998355375668325,0.0005151413665771543,0.16052390101015135,0.05425429996111575,0.5002218518638983,0.0014378291173979818,6,SCC
IL_8026752,5,NV,NV,1.0632312068992178e-05,2.7233938681092695e-05,0.0012117217447666917,8.638202780275606e-05,0.2300996109843254,0.7681965529918671,9.28220797504764e-05,0.00027501830481924117,5,NV
IL_8028208,1,BCC,BCC,0.0013195239298511297,0.47870898619294167,0.15055911289528012,0.0020110066689085215,0.030304113402962685,0.2995832599699497,0.02123223675880581,0.016281801230434212,1,BCC
IL_8031669,1,BCC,BCC,0.07213077782216715,0.02403829053218942,0.728145495057106,0.003180791154591134,0.002497147099347785,0.004998402553610504,0.1644064680149313,0.0006027094677847344,2,BKL
IL_8037743,4,MEL,MEL,6.568070152468408e-05,9.497107664202531e-05,0.4842731743360673,0.000233580010899459,0.1758597466396168,0.33917753025889397,0.0002470028776002664,4.8282347506756196e-05,2,BKL
IL_8038373,1,BCC,BCC,0.0012060515342682265,0.5001121873792727,0.49016416327867773,0.0013379371084312197,0.0021902977459831163,0.004145668851379014,0.000817518615804147,2.6235132875029876e-05,1,BCC
IL_8038657,4,MEL,MEL,0.011175332770619661,0.0005561545888213004,0.7199246734380722,1.4835940646662493e-05,0.1278233772609383,0.14027651050128043,3.149618073905458e-05,0.00019761100651294328,2,BKL
IL_8039087,6,SCC,SCCKA,0.2170483699592296,0.35352224856615067,0.3989343475550413,0.0005278886885662359,0.00447351613547653,0.008611160330474377,0.016512442147359252,0.00037001945565862115,2,BKL
IL_8040999,4,MEL,MEL,9.3015887614456e-06,0.00768519019766245,0.0015064670733409002,0.00015109894593479112,0.9478028118610382,0.0414666710421443,0.0011785659407905769,0.00019977466399723198,4,MEL
IL_8041079,5,NV,NV,0.0008650781492178794,0.0030681196658406407,0.06195610947906971,0.0006087984929763479,0.047127834521234035,0.8816353380680084,0.00026383923636785767,0.004474885924537375,5,NV
IL_8045895,2,BKL,BKL,0.004300270025851205,0.003965375479310751,0.3678421481454279,0.00021401548951871519,0.0032672766101313755,0.12199916161080182,0.498321879440482,8.990914665218952e-05,6,SCC
IL_8050386,1,BCC,BCC,0.4421665957197547,0.49492109939455986,0.001582460361532867,0.001076934739103308,0.000360849684511777,0.05806362582370639,0.0006711760420330393,0.0011571736692985723,1,BCC
IL_8050939,1,BCC,BCC,0.0007416472799377516,0.17463526129722595,0.10873397532850504,0.0027281840884825215,0.2974799573421478,0.38942141085863113,0.021078008459880948,0.0051815939077641815,5,NV
IL_8053107,1,BCC,BCC,0.03655736520886421,0.5135797411203384,0.3498968263156712,0.0005837958033225732,0.06262849149061367,0.01487394698051503,0.019672077149152756,0.002207711338996887,1,BCC
IL_8053912,4,MEL,MEL,0.0021349498492782004,0.00011902220103365835,0.48167854963685386,0.0007045735438850897,0.49451976154341537,0.011384614917915314,0.00945207173936069,6.500956942545599e-06,4,MEL
IL_8057179,6,SCC,SCCKA,0.6562813520431519,0.0006726784922648221,0.04021122865378857,0.00020411753030202817,0.03333158537861891,0.03926147730089724,0.2297627553343773,0.0002747590478975326,0,AK
IL_8057950,5,NV,NV,1.0159636573803255e-05,0.00015069810642209802,0.000597477651275824,1.0970746973981704e-05,0.02675517089664936,0.9723517894744873,2.7925285936092337e-05,9.583332575857639e-05,5,NV
IL_8058486,0,AK,AKIEC,0.5194193180650473,0.002741214819252491,0.3171876793494448,0.0022246277521844604,0.08114465274775284,0.06556318537263905,0.003956078784540296,0.007763216339299106,0,AK
IL_8058935,6,SCC,SCCKA,0.30419078905833885,3.121935787930852e-05,0.008826423292703112,1.2731918708652756e-05,0.0038250995567068458,0.00011057094161515124,0.6830025464296341,5.667494775707382e-07,6,SCC
IL_8060725,1,BCC,BCC,0.009205287671647966,0.45251988619565964,0.3444957756437361,0.0019620302482508123,0.004102767852600664,0.1244603656232357,0.06297944264952093,0.0002744064840953797,1,BCC
IL_8063074,6,SCC,SCCKA,0.07513195928186178,0.1423629578202963,0.4983421564102173,0.0006335684010991827,0.01714174693915993,0.09436344890855253,0.1706409975886345,0.001383173104841262,2,BKL
IL_8066484,1,BCC,BCC,0.5244460850954056,0.2902241200208664,0.09480747394263744,8.486977003485663e-05,0.0011628656011453131,0.002656382159329951,0.08655543625354767,6.278079911226087e-05,0,AK
IL_8066973,1,BCC,BCC,0.00034252848217875,0.6862694174051285,0.0012831316416850314,0.003183069600709132,0.0011905992141691968,0.29479088564403355,0.012930388711538399,1.002970114427626e-05,1,BCC
IL_8067499,1,BCC,BCC,0.017892206724354764,0.2686338825151324,0.17254072055220604,0.006554185245477129,0.021244485054921824,0.28426882112398744,0.22854195220861584,0.00032372480359299516,5,NV
IL_8073547,2,BKL,BKL,4.813649638890638e-07,7.014984504394306e-07,0.9874512255191803,4.14893213473988e-06,0.0005093701583973598,0.012027879653032869,5.8697739859780995e-06,2.8799305340498904e-07,2,BKL
IL_8074133,1,BCC,BCC,0.005444872001930889,0.64283387362957,0.32625521659792867,0.00012090213886040146,0.009281760696467245,0.014631847327109426,0.0013922428743171622,3.9302249206230044e-05,1,BCC
IL_8075238,1,BCC,BCC,0.40768962958827615,0.3499351963400841,0.0010192289482802153,0.00010259914984089846,0.1729460060596466,0.010968632530421019,0.04361328249797225,0.013725472148507833,0,AK
IL_8077047,2,BKL,BKL,0.11382074194261804,0.001538579206680879,0.8153236508369446,0.0022763608139939606,0.009871373535133898,0.0518879450391978,0.004728114348836243,0.0005532818850042531,2,BKL
IL_8079402,4,MEL,MEL,6.944366805328173e-05,0.16817920561879873,0.006873719306895509,3.769405930142966e-05,0.7645799815654755,0.0594389233738184,0.0006307831426966004,0.0001902361327665858,4,MEL
IL_8083531,1,BCC,BCC,0.007621824275702238,0.8697426021099091,0.04603688232600689,0.003014156754943542,0.012672489785472862,0.04556589154526591,0.002585779468063265,0.01276041497476399,1,BCC
IL_8089688,1,BCC,BCC,0.007642148233571788,0.4792971692440915,0.15474267397075891,0.00011412349067541072,0.048236324699246325,0.3098200038075447,0.00012860100252964912,1.8965850699714792e-05,1,BCC
IL_8091560,6,SCC,SCCKA,0.0005657310478852651,0.003054474949976793,0.13333465818686818,0.0028514555205383374,0.05639373447775142,0.040090190354703736,0.763668566942215,4.115892495226703e-05,6,SCC
IL_8093153,1,BCC,BCC,0.2700485402237973,0.5029488222207874,0.013563147784225293,6.170549863959707e-05,0.13837505244919157,0.0740291955153225,0.0006780917174182832,0.0002954686879519386,1,BCC
IL_8095126,2,BKL,BKL,0.25981759279966354,0.07549053261755034,0.11982244439423084,0.026980480644851923,0.31530530005693436,0.06607110425829887,0.10293854819610715,0.03357404703274369,4,MEL
IL_8098270,1,BCC,BCC,0.0014890504098730162,0.47568647377192974,0.5012618470937014,7.362443648162298e-05,0.00037641315429937094,0.018965258030220866,0.001601664404006442,0.000545601916655869,2,BKL
IL_8106703,4,MEL,MEL,8.665590485179564e-05,0.0004911854225611023,0.005101752525661141,0.002921807280245048,0.19983694507391192,0.7914500534534454,4.8363088012592925e-05,6.316418966889614e-05,5,NV
IL_8107077,1,BCC,BCC,0.0059848239907296374,0.22387021593749523,0.5885676890611649,0.014388432609848678,0.015389040694572031,0.14440076798200607,0.0059086953406222165,0.001490387920057401,2,BKL
IL_8108938,1,BCC,BCC,0.4632352467160672,0.06829479709267616,0.44247174047632143,7.101772860096389e-05,6.701704842271283e-05,0.009191112534608692,0.016665546083231675,3.57177564325184e-06,0,AK
IL_8109861,1,BCC,BCC,0.0026749432618089486,0.9565848112106323,0.03542561340145767,2.3763950025568192e-06,4.3069015873697936e-06,0.005154125465196557,0.00014463595516645,9.24670644053549e-06,1,BCC
IL_8110471,2,BKL,BKL,0.0005875171373190824,0.00190757229574956,0.8960073888301849,0.026743742084363475,0.03870667587034404,0.030365869402885437,0.004947204572090413,0.0007340582451433875,2,BKL
IL_8111694,2,BKL,BKL,0.0012915673596580746,7.472559761367847e-05,0.6982892155647278,0.0006533762685094757,0.14835854894772638,0.1506218817012268,0.000334104028759441,0.0003765958635701949,2,BKL
IL_8113008,5,NV,NV,0.0003252627211622894,1.0485252914804732e-05,0.009902596240863204,0.00023544478972326033,0.303732305765152,0.6847947239875793,2.174025576096028e-05,0.0009773991769179702,5,NV
IL_8114949,4,MEL,MEL,0.00019948426916016615,0.003321224343380891,0.13985439017415047,0.0005675215606970596,0.007174011552706361,0.8467807769775391,0.0019054990246445414,0.00019709287971636513,5,NV
IL_8115579,0,AK,AKIEC,0.007846062326095193,0.0002512933948395357,0.8584878742694855,0.0006085716974553179,0.006995728937909007,0.12385138610261492,0.0019264966348657708,3.258037780984324e-05,2,BKL
IL_8116058,0,AK,AKIEC,0.4039254884410184,0.07020425113296369,0.47453590109944344,0.0026347080420237035,0.008666654757689685,0.030855228891596198,0.008733845315873623,0.00044392137442628155,2,BKL
IL_8118311,5,NV,NV,7.14258333900375e-06,0.0023075073841027915,0.3078183978850575,0.0010076089263861832,0.004260719346348196,0.684559628367424,9.715252446085287e-06,2.9255485060275532e-05,5,NV
IL_8122429,2,BKL,BKL,0.019300331943668425,0.0007731343212071806,0.5221432335674763,4.621848535890649e-05,0.4149728479133046,0.042600085376761854,4.552827522275038e-05,0.0001186935129453559,2,BKL
IL_8124178,5,NV,NV,7.308279583639887e-05,4.22915028366333e-05,0.13964636670425534,0.00012740749025397236,0.002420766046270728,0.8576664626598358,1.2055035313096596e-05,1.1625088518485427e-05,5,NV
IL_8126491,5,NV,NV,5.570196594817389e-05,0.0002771444997051731,0.004003421985544264,3.6921411265211646e-05,0.8443920612335205,0.15101698227226734,4.535205448519264e-05,0.00017246782226720825,4,MEL
IL_8129688,5,NV,NV,7.3237106335000135e-06,2.458124617987778e-05,0.1817748637695331,2.5299424123659264e-05,0.014061106834560633,0.804078072309494,3.61692298156413e-06,2.5177980205626227e-05,5,NV
IL_8142013,5,NV,NV,0.001187024705359363,0.007311713066883385,0.006554866791702807,0.0003719281667144969,0.0017726542137097567,0.9066660106182098,0.00018566069047665223,0.07595010067598196,5,NV
IL_8142572,5,NV,NV,0.0023753853020025417,0.0015190895937848836,0.21597588434815407,0.04050389496842399,0.02645654883235693,0.7042236626148224,0.0042219791721436195,0.004723575490061194,5,NV
IL_8147513,5,NV,NV,0.000221122552829911,0.5479038320481777,0.04593295505583228,4.899161581306544e-06,0.00022861658851525135,0.4056226633838378,3.5547423067328054e-05,5.031145167322393e-05,1,BCC
IL_8148828,1,BCC,BCC,0.0020812504953937605,0.38918251293944195,0.3117672249209136,0.06730591623636428,0.019299651961773634,0.12471217010170221,0.0752306361682713,0.01042067260505064,1,BCC
IL_8151298,5,NV,NV,0.00011988437472609803,0.008427513850620016,0.29436054825782776,0.000659937547879963,0.0011534392251633108,0.6951949000358582,4.920386527373921e-05,3.459788058535196e-05,5,NV
IL_8154017,1,BCC,BCC,0.005998187232762575,0.027594305829552468,0.9553100168704987,0.00019563149135137792,0.00011329396875225939,0.010052051628008485,0.0006792542335460894,5.720946438714236e-05,2,BKL
IL_8154885,1,BCC,BCC,0.10303343853593105,0.41860463097691536,0.28316779527813196,0.007304643164388835,0.008931660209782422,0.15849272906780243,0.01202323439065367,0.008441888494417071,1,BCC
IL_8157640,1,BCC,BCC,0.15828303713351488,0.07373866997659206,0.05601360253058374,0.0025742782236193307,0.008775504189543426,0.041177536360919476,0.658655047416687,0.000782308839916368,6,SCC
IL_8158343,1,BCC,BCC,0.41179012872453313,0.5010367322247475,0.08561150479727075,5.725192401939694e-05,0.0006677659657725599,0.000803429593133842,3.1617262720828876e-05,1.5439479881251827e-06,1,BCC
IL_8158489,1,BCC,BCC,0.006423975435609464,0.8249202370643616,0.016519693472218933,8.257288391178008e-05,0.0005216176577960141,0.150756748393178,0.0007445852315868251,3.0551801501133014e-05,1,BCC
IL_8160690,6,SCC,SCCKA,0.3006182773697219,0.0004444106455139263,0.06784343929030001,0.00010845324311503646,0.004479116528273153,0.12583612858725246,0.5005902401171625,7.993629993974238e-05,6,SCC
IL_8162391,0,AK,AKIEC,0.01676783118455205,0.6112433969974518,0.1925094798207283,0.007282594684511423,0.0036934372037649155,0.004280965542420745,0.1636483685579151,0.0005739338876082911,1,BCC
IL_8165717,5,NV,NV,0.0017976920935325325,0.4664917009686178,0.12168573401868343,0.0005357900517992675,0.0072030238807201385,0.4011977333575487,0.0007719512213952839,0.0003164394001942128,1,BCC
IL_8166826,4,MEL,MEL,0.28179835760965943,2.383492801527609e-05,0.046044292039368884,1.4730596813450347e-06,0.49753361065995705,0.17457310460486042,2.1660288439306896e-05,3.664178009898933e-06,4,MEL
IL_8168935,1,BCC,BCC,0.003001406090334058,0.3921821709955111,0.1970524234639015,0.00788770292274421,0.1096681454218924,0.06416293597430922,0.22588089108467102,0.0001643373689148575,1,BCC
IL_8170554,1,BCC,BCC,0.002022715844304912,0.4860351197421551,0.4401749772951007,0.005190068594856712,0.015344136074418202,0.04097582912072539,0.010146738437470049,0.00011038312504751957,1,BCC
IL_8171092,5,NV,NV,1.6188162703656417e-06,1.4448909269049182e-05,0.22377479952410795,9.078883351776312e-06,0.021949411369860172,0.7541641592979431,1.1217078053959995e-05,7.522685518779326e-05,5,NV
IL_8173383,4,MEL,MEL,0.0007964745236677118,0.00013130719889886677,0.04305031860712916,0.0036841967375949025,0.4202312398701906,0.527715377509594,0.0023753460263833404,0.0020157837425358593,5,NV
IL_8175900,2,BKL,BKL,1.191135379485786e-05,0.0003353765423526056,0.9090742468833923,8.475410140817985e-05,0.0004906164685962722,0.08978962665423751,0.00014754086441826075,6.590360362679348e-05,2,BKL
IL_8177538,6,SCC,SCCKA,0.03201583432019106,0.0010802278848132119,0.3855730341747403,3.821128666459117e-05,0.5592870637774467,0.009899198077619076,0.0119514175785298,0.00015496047763008391,4,MEL
IL_8179486,6,SCC,SCCKA,0.0025445745086472016,0.02821253614820307,0.708288162946701,0.0006718310778524028,0.02807177964132279,0.019847704214043915,0.20651450753211975,0.0058488592785579385,2,BKL
IL_8185801,0,AK,AKIEC,0.3655561978248443,0.00026019042888947297,0.602401465177536,5.211912309732725e-06,0.0020964031573385,0.029551973682828248,0.00012726458135148278,1.2668791242731459e-06,2,BKL
IL_8186190,1,BCC,BCC,0.0021602580382023007,0.10111751779913902,0.20744355721399188,0.004994105816876981,0.057498167268931866,0.44306130707263947,0.18256402624683687,0.0011610165529418737,5,NV
IL_8187329,1,BCC,BCC,0.47481337178032845,0.500248700613156,0.013607230910565704,3.0156895718391752e-05,0.0024222216507041594,0.002449223102303222,0.006402967148460448,2.604480380341556e-05,1,BCC
IL_8188380,1,BCC,BCC,0.00046907569685572525,0.5148802697658539,0.02124082198133692,0.0005884285099000408,0.0062493029381585075,0.4529521483927965,3.22925752698211e-05,0.003587599082244708,1,BCC
IL_8190930,1,BCC,BCC,0.014500933699309826,0.5254420787096024,0.375266321352683,7.662973803235218e-05,0.002685511517483974,0.08180237759370357,0.00014774973897146992,7.836958957341267e-05,1,BCC
IL_8193410,1,BCC,BCC,0.009564946827595122,0.8478798866271973,0.012487526284530759,0.0001492390447310754,0.00043252510658930987,0.0607438487932086,0.06864905554539291,9.291062815464102e-05,1,BCC
IL_8193590,4,MEL,MEL,0.07387340441346169,0.037222929764539,0.5943840146064758,0.00021030612697359174,0.17219037376344204,0.1206095980014652,0.0007422612397931516,0.0007671162093174644,2,BKL
IL_8193835,6,SCC,SCCKA,0.5660557821393013,0.00167789903935045,0.3914485755376518,0.002631739803291566,0.013123894284944981,0.008839814632665366,0.01590412389487028,0.00031813896202947944,0,AK
IL_8194145,2,BKL,BKL,7.152639440732855e-06,7.984212146538994e-06,0.9953527748584747,4.4519121829011965e-06,0.003555036755187757,0.0010678215521693346,2.6266389880902352e-06,2.2338821286105315e-06,2,BKL
IL_8194852,4,MEL,MEL,0.00022096122847869992,8.57935447129421e-06,0.19053925212938339,3.8043833654910486e-05,0.523351164534688,0.2858289782307111,7.2161229809353244e-06,5.810898187519342e-06,4,MEL
IL_8200270,7,VASC,VASC,3.3132746324326945e-07,1.0776184183214355e-05,3.5950545509422227e-06,2.2814085696154507e-06,0.0031130511924857274,0.0022962415241636336,2.26135920655679e-07,0.994573563337326,7,VASC
IL_8200378,0,AK,AKIEC,0.1432884346213541,0.00010227377954663552,0.5289096385240555,0.0008858372129907366,0.1651166977826506,0.15009899507276714,0.01138856835586921,0.0002095328172799782,2,BKL
IL_8204669,4,MEL,MEL,5.936102454029424e-07,7.157656153289338e-05,0.006974237132226335,5.740997266912018e-05,0.4632643386721611,0.5295865163207054,3.064816226583389e-06,4.2260187001375016e-05,5,NV
IL_8205824,4,MEL,MEL,0.0006618473780690692,0.0014871975290589035,0.48208331363275647,0.001303743658354506,0.04583344259299338,0.4642267245799303,0.0029276524364831857,0.0014760140038561076,2,BKL
IL_8208194,6,SCC,SCCKA,0.024999991059303284,0.06787033565342426,0.05440127255860716,0.013352466747164726,0.05998542159795761,0.00785686750896275,0.7683252096176147,0.003208488109521568,6,SCC
IL_8209280,6,SCC,SCCKA,0.0030514102545566857,0.001914401538670063,0.08724728925153613,0.003931801428834092,0.26853989396840916,0.01679493038034252,0.618497297167778,2.3015389585268053e-05,6,SCC
IL_8211957,1,BCC,BCC,0.1338471621274948,0.6696622371673584,0.15846238797530532,0.00479084110702388,0.010139411460841075,0.018605295568704605,0.0035689385258592665,0.0009236955957021564,1,BCC
IL_8212367,6,SCC,SCCKA,0.47493095323443413,0.009856669930741191,0.15227127447724342,0.14479988796665566,0.03655978501774371,0.04080204153433442,0.13951246353099123,0.0012669590068981051,0,AK
IL_8212938,4,MEL,MEL,0.000736982191028801,5.2781639169552363e-05,0.014289154903963208,0.00011590089343371801,0.23541335202753544,0.7485438287258148,0.0001366081396554364,0.000711361804860644,5,NV
IL_8219054,6,SCC,SCCKA,0.17034633457660675,0.010385184083133936,0.37764000333845615,7.092441228451207e-05,0.00039151965029304847,4.803431511390954e-05,0.4410208724439144,9.716701424622443e-05,6,SCC
IL_8224521,6,SCC,SCCKA,0.19993769377470016,0.036195266991853714,0.24974254425615072,0.00023330241856456269,0.027445477433502674,0.03972948653972708,0.44669823348522186,1.7996501355810324e-05,6,SCC
IL_8225766,5,NV,NV,3.512208513711812e-05,0.00041404667717870325,0.09192131273448467,0.00019469680046313442,0.25965793523937464,0.6470188200473785,2.218588042524061e-05,0.0007358483608186361,5,NV
IL_8225974,6,SCC,SCCKA,0.05344448983669281,0.22344239056110382,0.26618251856416464,0.005338456830941141,0.006556838750839233,0.03838511119829491,0.40598902257625014,0.0006611585631617345,6,SCC
IL_8229395,4,MEL,MEL,0.00013685345902558765,0.00088090536303298,0.01176363687045523,0.0006858287470095092,0.4756428822875023,0.5059389770030975,0.00025845199070317904,0.004692501726822229,5,NV
IL_8229749,1,BCC,BCC,0.10520004108548164,0.8517613410949707,0.029798111612763023,0.00017578251608441064,0.0002348829814451392,0.0012748971689688915,0.011483960544865113,7.102813582804401e-05,1,BCC
IL_8231920,0,AK,AKIEC,0.3066337928175926,6.227928179214359e-05,0.6297905147075653,0.00016333508694543752,0.009257004261144175,0.05394797776352789,7.933245069580153e-05,6.57891854540793e-05,2,BKL
IL_8233032,4,MEL,MEL,1.9299722225696314e-05,6.432286170365842e-07,0.48688303539529443,4.27828274496278e-06,0.46868257265305147,0.04439904727041721,6.65834423330125e-06,4.492527068578056e-06,2,BKL
IL_8240105,1,BCC,BCC,0.00039510703209089115,0.4501174970646389,0.515481561422348,0.00012600939635376562,0.000173883593561186,0.03298340039327741,0.0006834340747445822,3.909284532710444e-05,2,BKL
IL_8240829,5,NV,NV,0.004749995016027242,0.20261902175843716,0.18924379535019398,0.005813517374917865,0.43398357927799225,0.1437576785683632,0.019398873031605035,0.00043351214844733477,4,MEL
IL_8244033,6,SCC,SCCKA,0.20108271855860949,0.5030258679762483,0.003146400093100965,0.0015192942391877295,0.004540515597909689,0.00090492406161502,0.2857532229973003,2.70260034653802e-05,1,BCC
IL_8244074,1,BCC,BCC,0.36739909648895264,0.13281345879659057,0.49168939469382167,2.251352204041268e-05,0.0009694131676951656,0.006879817352455575,0.00018074927356792614,4.559060725739528e-05,2,BKL
IL_8247508,1,BCC,BCC,0.21404284896561876,0.4298487454652786,0.005499767605215311,0.06651417312787089,0.0011488238960737363,0.029054508544504642,0.25368683559645433,0.00020430690346984193,1,BCC
IL_8247723,6,SCC,SCCKA,0.00025115850075962953,0.8404388427734375,0.0809817835688591,0.0009742864640429616,0.001462041022023186,0.07487414591014385,0.0004971932794433087,0.0005205216439208016,1,BCC
IL_8248912,1,BCC,BCC,0.015424960816289968,0.0014595577522413805,0.6173957139253616,0.016540151288609195,0.27514484827406704,0.04799015063326806,0.024876475557903177,0.0011682148006002535,2,BKL
IL_8249685,1,BCC,BCC,0.48322582244873047,0.1538827382028103,0.15828512609004974,0.0019590756273828447,0.010713510913774371,0.0729252677410841,0.10105096083134413,0.017957536649191752,0,AK
IL_8252843,6,SCC,SCCKA,0.006464401492848992,0.5315253362059593,0.004233989184285747,0.0007869006658438593,0.00029856566106900573,0.0015307457506423816,0.45515265548601747,7.438143640570161e-06,1,BCC
IL_8255338,0,AK,AKIEC,0.009006899315863848,0.018711615819483995,0.4109035655565094,0.0057526059754309244,0.007617610797751695,0.05982296933689213,0.4880524938926101,0.00013227225963419187,6,SCC
IL_8256176,1,BCC,BCC,0.004690742323873565,0.4246060405857861,0.5243135280907154,0.0001695077407930512,0.0005482691049110144,0.040234919637441635,0.005300262069795281,0.00013674479123437777,2,BKL
IL_8256503,1,BCC,BCC,0.02937752931029536,0.4879729859530926,0.4584003903437406,0.0005356734036467969,0.0008022422553040087,0.008283060509711504,0.014594602514989674,3.347941401443677e-05,1,BCC
IL_8258563,2,BKL,BKL,0.0003691998786621298,4.5920686735367866e-05,0.9644979238510132,9.311396986788623e-09,0.00036978886055294424,0.03471709517179988,1.1359900975449477e-07,1.7604295521334024e-08,2,BKL
IL_8259171,1,BCC,BCC,0.007701842696405947,0.0530102655175142,0.1611081047449261,6.425247352126462e-05,0.0048445483298564795,0.0005963636767774005,0.7726364135742188,3.825728958872787e-05,6,SCC
IL_8262115,1,BCC,BCC,0.00047174918290693313,0.747247189283371,0.22673095623031259,3.333818222017726e-05,0.00034667670479393564,0.024738180756685324,0.00041302785075458814,1.8898896996688563e-05,1,BCC
IL_8262474,2,BKL,BKL,0.0011691177023749333,0.0002289860276505351,0.9550428986549377,6.002711180741471e-05,0.003911340289050713,0.03945878075319342,9.32614020712208e-05,3.5574867169430036e-05,2,BKL
IL_8264296,2,BKL,BKL,0.7818868458271027,0.07152277510613203,0.12275588512420654,0.006637810030952096,0.0012043407186865807,0.005306063452735543,0.008210287895053625,0.0024760382948443294,0,AK
IL_8266229,2,BKL,BKL,7.044423182378523e-05,0.0010416401200927794,0.09398260107263923,5.514591612154618e-05,0.0012348102900432423,0.6307238340377808,0.2728527990402654,3.865496546495706e-05,5,NV
IL_8266554,5,NV,NV,7.645747359674715e-06,0.0008195389891625382,0.000665144958475139,0.0002138010115686484,0.0007483325753128156,0.9972551167011261,9.999071835409268e-05,0.00019034503202419728,5,NV
IL_8268920,1,BCC,BCC,0.0010248994949506596,0.9790993928909302,0.013719622627831995,4.413223905430641e-05,0.002383649698458612,0.001651609010878019,0.0015063773607835174,0.0005703034985344857,1,BCC
IL_8270220,1,BCC,BCC,0.0054979430278763175,0.09489376842975616,0.08334868116071448,0.010261414980050176,0.010498303832719103,0.3651527534238994,0.42864980932790786,0.0016973243655229453,6,SCC
IL_8270942,0,AK,AKIEC,0.28066693153232336,0.2458580732345581,0.09489593282341957,0.0005039265415689442,0.060838610865175724,0.07841516099870205,0.23605990770738572,0.0027614798163995147,0,AK
IL_8273782,4,MEL,MEL,0.014842253229289781,0.015087693042005412,0.5125386863946915,0.00445761019773272,0.12155180049376213,0.3081339451018721,0.02292834713080083,0.00045968684423769446,2,BKL
IL_8275439,1,BCC,BCC,0.039966729207662866,0.7114545255899429,0.1914024967700243,0.01047072013898287,0.00327182408364024,0.038395047187805176,0.0038388819666579366,0.0011997171532129869,1,BCC
IL_8277496,1,BCC,BCC,0.17553800761447746,0.020239848643541336,0.6016187071800232,0.011496208549942821,0.0038290759548544884,0.16125538432970643,0.018391950987279415,0.007630805357621284,2,BKL
IL_8277688,2,BKL,BKL,0.001865728330130878,3.804446623689728e-05,0.8342219889163971,7.213403796413331e-05,0.00014496920812234748,0.16343375972064678,0.00022129330977804784,2.1304005599631637e-06,2,BKL
IL_8280517,1,BCC,BCC,0.03525530220940709,0.21458367945160717,0.2011920395307243,0.0001692130974788597,0.359617460242589,0.1336505152285099,0.054790973217677674,0.0007408521196339279,4,MEL
IL_8280553,2,BKL,BKL,0.0016849884996190667,0.03297481965273619,0.3610696941614151,0.0027539952425286174,0.14044367265887558,0.45445214584469795,0.002054799464531243,0.004565926908981055,5,NV
IL_8282831,1,BCC,BCC,0.0003323480923427269,0.9876015186309814,0.0027976353012491018,0.0005145164295754512,0.00043802880827570334,0.006204527569934726,0.0020978880929760635,1.3475685591401998e-05,1,BCC
IL_8283182,6,SCC,SCCKA,0.02320852443608601,0.0024438650289084762,0.0020129416952840984,0.00587870799557777,0.37044901008630404,0.05197596998732479,0.5314279571175575,0.01260309500532486,6,SCC
IL_8283789,5,NV,NV,2.4199289292425874e-06,1.1543759175225432e-06,4.9838313316286076e-05,3.82520579478296e-06,0.012077683350071311,0.9878596365451813,8.135038740419986e-07,4.689550223702099e-06,5,NV
IL_8293673,5,NV,NV,0.0002217973960796371,0.00034045611641886353,0.4700086712837219,8.318868276546709e-05,0.0021220728231128305,0.5271707884967327,2.8450045647332445e-05,2.4571192625444382e-05,5,NV
IL_8296810,1,BCC,BCC,0.003235508454963565,0.0024015908129513264,0.08129082124833076,0.492449578254309,0.0014256615249905735,0.4156678120489232,0.0035257317940704525,3.314025320833025e-06,3,DF
IL_8296856,2,BKL,BKL,2.022295291226328e-07,1.7816413944160558e-07,0.9979676306247711,3.127970931160462e-06,0.0001538992000860162,0.0018748248694464564,1.1125844245896133e-07,3.906768064609878e-08,2,BKL
IL_8297781,1,BCC,BCC,0.004871211907811812,0.4178132163360715,0.5218844562768936,0.00033720722422003746,0.021527459612116218,0.03173042135313153,0.0012162608945800457,0.0006196889944476425,2,BKL
IL_8299819,1,BCC,BCC,0.00010490500972082373,0.6427212953567505,0.14761297553923214,0.0007511178299068888,0.07228117771421694,0.13533385520713637,0.0006176471551953,0.0005770606555302038,1,BCC
IL_8299978,5,NV,NV,0.00042471700226087705,0.031475310895984876,0.22097901779488893,0.0017086409134208225,0.21728268323931843,0.5274863392114639,0.0003626184557106171,0.0002806890697684139,5,NV
IL_8301867,0,AK,AKIEC,0.01079896732517227,0.9415819942951202,0.006119295605458319,0.001891982181405183,0.014422736359847477,0.008428253247984685,0.01663008937612176,0.00012668946584426521,1,BCC
IL_8312366,1,BCC,BCC,0.004066995927132666,0.9256643950939178,0.03219339915085584,8.871509999153204e-05,0.00013794507685815915,0.03733759396709502,0.00043624015961540863,7.471037451978191e-05,1,BCC
IL_8312438,4,MEL,MEL,0.00047863057938002385,0.00016319046923740643,0.06638390617445111,0.02561964839696884,0.2580595527397236,0.6466111540794373,0.00032454564760087123,0.0023593286468894803,5,NV
IL_8312956,1,BCC,BCC,0.006027687806636095,0.9510780870914459,0.0012508002273534657,0.0017081791593227535,0.009969888029445428,0.013783434696961194,0.015155654400587082,0.001026344331734208,1,BCC
IL_8314520,1,BCC,BCC,0.06304086465388536,0.6786321103572845,0.020651429425925016,0.04551396705210209,0.01536875288002193,0.018221348524093628,0.13499006256461143,0.023581455054227263,1,BCC
IL_8316366,1,BCC,BCC,0.041812031413428485,0.15859630517661572,0.20142228389158845,0.02547265833709389,0.12238554051145911,0.05636555643286556,0.3926428183913231,0.001302798238612013,6,SCC
IL_8319102,1,BCC,BCC,0.5872082263231277,0.07350168866105378,0.15387724712491035,0.0180739259449183,0.000915720927878283,0.0029288436053320765,0.1530614630319178,0.010432852563099004,0,AK
IL_8322596,1,BCC,BCC,0.0014491949114017189,0.5029544536955655,0.034392851768643595,0.28841297100825614,0.014587017925805412,0.0893278165749507,0.06871289161063032,0.00016279037618005532,1,BCC
IL_8323588,1,BCC,BCC,0.03231363708619028,0.7448729872703552,0.1912585375830531,0.0055730676831444725,0.0008609665692347335,0.0017694194248178974,0.023299732711166143,5.167087010704563e-05,1,BCC
IL_8324569,2,BKL,BKL,9.264711763989908e-06,3.8599831896135584e-05,0.41398689337074757,0.0010357705814385554,0.0003159428270009812,0.5845833569765091,1.9222998616896803e-05,1.0982443200191483e-05,5,NV
IL_8324597,1,BCC,BCC,0.0010004000650951639,0.6070566475391388,0.38166837161406875,9.110624318964256e-06,0.0017875417543109506,0.008149497327394783,0.0002746477402979508,5.3803649279871024e-05,1,BCC
IL_8326095,1,BCC,BCC,0.000670103618176654,0.5458433665335178,0.05431981949368492,0.004644002150598681,0.13416177588442224,0.24742602644255385,0.012286124052479863,0.0006487401392121228,1,BCC
IL_8326567,6,SCC,SCCKA,0.3177695758640766,0.15801705606281757,0.0008832856692606583,0.0006745284117641859,0.26723784591740696,0.007792405056534335,0.24758710339665413,3.817960978835799e-05,0,AK
IL_8326868,0,AK,AKIEC,0.5270636286586523,0.024580129493187997,0.42924905942345504,3.2460536671052864e-05,0.0037887434009462595,0.012529349000260481,0.002746464719166397,1.0187425139918105e-05,0,AK
IL_8331769,5,NV,NV,3.137607393455255e-05,0.08214935008436441,0.047351242043077946,2.9405018182160347e-05,0.00972538991481997,0.8606559634208679,1.2561766808971697e-06,5.5961046257380076e-05,5,NV
IL_8337226,2,BKL,BKL,1.0916987818632151e-05,1.9736861273655926e-06,0.97447270154953,4.465756887839234e-06,2.879667147226428e-05,0.02548055406077765,4.572506888678163e-07,1.8874929175183297e-07,2,BKL
IL_8339117,1,BCC,BCC,0.03703644301276654,0.4470438826829195,0.39293456915766,0.0021439551492221653,0.011662019998766482,0.07561011612415314,0.03256538324058056,0.0010036840285465587,1,BCC
IL_8339852,4,MEL,MEL,6.9320221379731706e-06,6.405664620956486e-06,5.9236502238491084e-05,1.8029614992087772e-06,0.3733412541978396,0.6265731453895569,7.28006965711181e-07,1.0510031192012548e-05,5,NV
IL_8345128,1,BCC,BCC,0.29927217960357666,0.42393287643790245,0.10239995928714052,4.233865001879167e-05,0.0008412957831751555,0.17172396928071976,0.0017600801147636957,2.7301595309836557e-05,1,BCC
IL_8345916,2,BKL,BKL,4.816778528038412e-06,4.811531766790722e-06,0.9959602952003479,5.9482005845268304e-06,0.003024299061507918,0.0009909933869494125,7.289655016506913e-06,1.5119740464086817e-06,2,BKL
IL_8349712,0,AK,AKIEC,0.0017911342438310385,0.011865295693496591,0.010416425298899412,0.0002638253806708235,0.3998248864663765,0.09369182531372644,0.48206638066039886,8.027280216538202e-05,6,SCC
IL_8356407,1,BCC,BCC,0.06526901555480435,0.07519618421792984,0.07241034774051514,0.07449434863519855,0.17427580803632736,0.09559391527363914,0.4370158761739731,0.005744544062196155,6,SCC
IL_8357154,2,BKL,BKL,0.05170042393729091,0.550583615899086,0.30711204558610916,0.0006726993008214777,0.0027125390552100725,0.0844031167216599,0.0026454494218342006,0.00017006316238621366,1,BCC
IL_8357719,1,BCC,BCC,0.015033183619379997,0.43524160102424503,0.3327027936466038,0.013276644487632439,0.10475813434459269,0.07178088696673512,0.02575010161672253,0.0014566179597750306,1,BCC
IL_8358886,6,SCC,SCCKA,0.07246322184801102,0.08462211024016142,0.08962530270218849,0.0001938892892212607,0.019678106880746782,0.003069323400268331,0.7300089597702026,0.00033907516626641154,6,SCC
IL_8359695,5,NV,NV,4.444514228651997e-06,7.176255530794151e-05,0.03786319852224551,2.605981080705533e-06,0.002064626714854967,0.9599874317646027,1.1836608706516927e-06,4.721852207012489e-06,5,NV
IL_8359841,4,MEL,MEL,0.0003018145634996472,1.3524349469662411e-05,0.012118849204853177,0.00012084371337550692,0.971770852804184,0.014861028001178056,0.00011296252705506049,0.0007000931946095079,4,MEL
IL_8364095,7,VASC,VASC,1.6376831268871683e-07,1.8762774800507032e-07,6.41668962964026e-07,3.591481743114855e-07,3.284094191258191e-06,1.4118005765340058e-05,1.9014444463394398e-09,0.9999812245368958,7,VASC
IL_8364526,1,BCC,BCC,0.0001268702017114265,0.7376149296760559,0.021057821344584227,0.0056450880074407905,0.07699440824217163,0.15717767248861492,0.0006200723873917013,0.000763193987268096,1,BCC
IL_8366708,4,MEL,MEL,0.0018877423426602036,0.011345396402248298,0.4806989486096427,2.6460424578544917e-05,0.4966812120983377,0.008730561705306172,0.0006169930165924598,1.2690539278992219e-05,4,MEL
IL_8368045,1,BCC,BCC,0.24819323420524597,0.45960057398770005,0.24210301018320024,8.678425001562573e-05,0.0010378772276453674,0.04828177951276302,0.0006303677510004491,6.636373291257769e-05,1,BCC
IL_8370192,1,BCC,BCC,7.082924093992915e-05,0.00057785428890611,0.4613147549680434,5.0076873776561115e-06,0.5035362611524761,0.03405471722362563,0.0003924020174963516,4.811495091416873e-05,4,MEL
IL_8374443,1,BCC,BCC,0.00040441323289996944,0.4277855083346367,0.47026299173012376,0.0003288289954070933,0.0842488509733812,0.013126588426530361,0.0034864706685766578,0.00035629963713290635,2,BKL
IL_8375718,1,BCC,BCC,0.003304794016003143,0.5307816080749035,0.08828009953140281,0.005546022754742808,0.1818589795148,0.1844761143438518,0.0010116973498952575,0.004740646899108469,1,BCC
IL_8375905,1,BCC,BCC,0.0014658845902886242,0.7780321538448334,0.012766628991812468,0.008232401785789989,0.0011691363179124892,0.19764813408255577,0.00046570427366532385,0.00021995270071784034,1,BCC
IL_8376298,3,DF,DF,5.817470280078396e-05,0.0001323396118095843,0.002641773251525592,0.4837510343777467,0.001056165696354583,0.5120932869613171,0.00023290625813388033,3.43678567560346e-05,5,NV
IL_8379111,6,SCC,SCCKA,0.9078295826911926,0.022167476767208427,0.0033742428640834987,4.021477775495441e-05,0.0058585498336469755,0.00025804232791415416,0.06046242266893387,9.49058903643163e-06,0,AK
IL_8380351,0,AK,AKIEC,0.03089202409319114,0.800974577665329,0.13294119015336037,0.000507063575923894,0.008359203289728612,0.024173211539164186,0.0013653262867592275,0.0007873996578382503,1,BCC
IL_8380493,0,AK,AKIEC,0.8397682905197144,0.00010267717567558066,0.06216086837603463,0.0011547092593590462,0.05783519562594641,0.03322855227539967,0.005512454464688843,0.00023729628069374224,0,AK
IL_8381192,5,NV,NV,1.1192160513928684e-05,9.804949058889179e-06,0.00017078737982956227,0.00046898291884645005,0.002612636308185756,0.9966362118721008,3.7679288311665005e-05,5.271497866488062e-05,5,NV
IL_8383981,1,BCC,BCC,0.002662334736669436,0.471549928188324,0.23231765627861023,0.0024767419117779355,0.0011486909934319556,0.26921575982123613,0.02061707733082585,1.1801045275205979e-05,1,BCC
IL_8384410,6,SCC,SCCKA,0.8268469572067261,0.11843597929328098,0.005605685728369281,1.3114503815359058e-05,0.007984509074049129,0.04100227465642092,9.540548853692599e-05,1.609494711374282e-05,0,AK
IL_8386286,2,BKL,BKL,0.0004342811762398924,3.452631932532313e-05,0.9898433089256287,6.530193559228792e-06,0.0002462309457769152,0.009433764847926795,6.644409324962908e-07,6.474485587659728e-07,2,BKL
IL_8387787,1,BCC,BCC,0.22049862146377563,0.31786039227154106,0.27936658216640353,0.0018035452885669656,0.03186579748580698,0.13890025655200589,0.00856288243085146,0.0011419649153197042,1,BCC
IL_8389564,1,BCC,BCC,0.0002560518842074089,0.49968901579268277,0.07866211890359409,0.07920269750934494,0.05086673418099963,0.2865491399570601,0.004496881680097431,0.00027733578099287115,1,BCC
IL_8391202,1,BCC,BCC,0.0026585868326947093,0.477068230509758,0.29257819391204976,0.0021697896299883723,0.008014144841581583,0.05306807781721545,0.1643282949225977,0.00011463301871117437,1,BCC
IL_8396815,0,AK,AKIEC,0.0027733358438126743,0.1978180953883566,0.33154700323939323,3.2586152428848436e-05,0.23355933837592602,0.23334774561226368,0.000907630236724799,1.4251033917389577e-05,2,BKL
IL_8401238,6,SCC,SCCKA,0.48592077544890344,0.004016084043541923,0.004545081639662385,5.673142004525289e-05,0.4844568178523332,0.0018825817969627678,0.01300443867512513,0.006117546198765922,0,AK
IL_8401362,5,NV,NV,0.0012469573189264338,0.010994347530868254,0.5294290333986282,0.006199501708806565,0.01603217430965742,0.43435269594192505,0.0012815192760626815,0.0004638139033783517,2,BKL
IL_8401805,1,BCC,BCC,0.01810967642813921,0.5332170277833939,0.03888015919983445,0.0058570604963392725,0.009800640109460801,0.34274921962060034,0.05090491531154839,0.0004813534079062265,1,BCC
IL_8402366,6,SCC,SCCKA,0.2894008904695511,0.0029392272408585995,0.0355677604675293,0.0004638203317881562,0.019189329002983868,0.0013898688630433753,0.6509980261325836,5.102262548462022e-05,6,SCC
IL_8403780,1,BCC,BCC,0.0012820424744859338,0.7367199957370758,0.03811027156189084,0.0028094470617361367,0.03282309416681528,0.16822757362388074,0.012826113495975733,0.007201447384431958,1,BCC
IL_8419591,1,BCC,BCC,0.49639213061891496,0.004778143091243692,0.00017225291776412632,1.7245716181779613e-06,0.261825478334913,0.23669774992958992,6.792684487777478e-06,0.0001257197836945778,0,AK
IL_8421292,1,BCC,BCC,0.015353042224887758,0.41927932389080524,0.410855907946825,0.0006850737481727265,0.06211847858503461,0.08464088477194309,0.0016280898998957127,0.005439212975034025,1,BCC
IL_8423018,1,BCC,BCC,0.4969873841619119,0.003478927770629525,0.13701392570510507,0.0035828433712765673,0.00195954751688987,0.016729779541492462,0.34021895902696997,2.8602638849406503e-05,0,AK
IL_8423250,0,AK,AKIEC,0.0012086723290849477,7.394647036562674e-05,0.9495248794555664,1.325736320723081e-05,0.013024204468820244,0.03474789019674063,0.0009360994736198336,0.0004710836315098277,2,BKL
IL_8428753,5,NV,NV,1.1960722304138471e-05,6.970722239429961e-07,0.37948419235181063,0.0001355820969592969,0.384547907859087,0.23580675572156906,7.666336841793964e-06,5.1876492079827585e-06,4,MEL
IL_8429143,5,NV,NV,8.342851916531835e-07,3.225680273999387e-05,0.00022574470381186984,2.1655554156119194e-05,0.0026672742733353516,0.9970241487026215,3.916076470655838e-06,2.417774248897331e-05,5,NV
IL_8434747,1,BCC,BCC,5.331648101503106e-05,0.18062900867244025,0.46925415098667145,0.00016158030098267773,0.056371692568063736,0.2932595417369157,2.1090618218977397e-05,0.00024969633341243025,2,BKL
IL_8444340,1,BCC,BCC,0.3726655308273621,0.49796417355537415,0.014552669832482934,0.0026867446292726527,0.0007409433019347489,0.09826112724840641,0.01142263421206735,0.0017062103725038469,1,BCC
IL_8444586,1,BCC,BCC,0.07861599646275863,0.4701690003275871,0.4241217039525509,0.001499921317645203,0.006743609148543328,0.0039670965052209795,0.014763211205718108,0.00011949092640861636,1,BCC
IL_8445981,1,BCC,BCC,0.006689072004519403,0.7453230023384094,0.03566843451699242,0.00017846664161424997,0.0007540657534264028,0.09319021552801132,0.11795022318710835,0.00024650881641719025,1,BCC
IL_8448417,1,BCC,BCC,0.009954795954399742,0.2813647650182247,0.19705043535213917,7.720947689904278e-05,0.0008735475917092117,0.004870977907557972,0.5055572567507625,0.0002510151983301512,6,SCC
IL_8448627,1,BCC,BCC,0.00799608019414677,0.39179065938151325,0.49844708666205406,0.001345191824043468,0.09249048959463835,0.00296122144209221,0.002178608307740859,0.002790648980351307,2,BKL
IL_8449031,6,SCC,SCCKA,0.00677187810651958,0.48863817378878593,0.08168616238981485,0.0004243958478582499,0.012788219377398491,0.0048068343894556165,0.40435199439525604,0.000532412104348623,1,BCC
IL_8449378,5,NV,NV,1.3222709981164371e-05,0.0006560752335644793,0.014249672880396247,5.6278026022482663e-05,0.01618389831855893,0.9686994850635529,7.43258865441021e-05,6.69891242068843e-05,5,NV
IL_8449966,5,NV,NV,0.0005087481530097193,0.24822452780790627,0.1608790925674839,6.51236136945954e-05,0.008060761214437662,0.5819678604602814,0.0002935961809953369,3.219230233497683e-07,5,NV
IL_8454481,1,BCC,BCC,0.1122257704846561,0.5945133417844772,0.0254560811445117,0.00482861915952526,0.0004661002749344334,0.2510217325761914,0.009485733695328236,0.0020025393314426765,1,BCC
IL_8454574,4,MEL,MEL,0.030711159757629503,0.002021911461270065,0.4947078824043274,0.0006733027112204581,0.4534400701522827,0.016413242556154728,0.0001691636280156672,0.001863289868197171,2,BKL
IL_8455587,1,BCC,BCC,0.05507135018706322,0.28842560946941376,0.02716580079868436,0.024805104985716753,0.18159630242735147,0.20624447893351316,0.21547576763987308,0.0012155866133980453,1,BCC
IL_8456514,1,BCC,BCC,0.014836098533123732,0.41092323139309883,0.05518713220953941,0.0017933729104697704,0.008089446753729135,0.017272204626351595,0.49106136709451675,0.0008371554868062958,6,SCC
IL_8459572,1,BCC,BCC,0.04319556517293677,0.1331719379054448,0.6208049356937408,0.002818101245793514,0.0031877195287961513,0.02750987559556961,0.16910430559073575,0.00020757984566444065,2,BKL
IL_8460509,4,MEL,MEL,0.0016251341730821878,0.46770443869172595,0.5086818486452103,0.00010722165006882278,0.0009962573531083763,0.018825847189873457,0.002009944393648766,4.9328964450978674e-05,2,BKL
IL_8461423,1,BCC,BCC,0.030013669173058588,0.04601318162349344,0.4263731772080064,0.0002539496053941548,0.005483718006871641,0.49009939655661583,0.0013501962548616575,0.00041276718548033386,5,NV
IL_8461776,1,BCC,BCC,0.16821578376402613,0.24984309705905616,0.0250406248960644,0.0010870841595078673,0.0010232770873699337,0.0003847248590318486,0.5544017627835274,3.610995008784812e-06,6,SCC
IL_8462731,0,AK,AKIEC,0.01959170294867363,0.5253598503768444,0.15724188237800263,0.004665771453488787,0.2702446636358218,0.011151783866807818,0.01077064688433893,0.000973723649792646,1,BCC
IL_8464135,1,BCC,BCC,0.4946534041664563,0.4943281614832813,0.009612708818167448,4.676096381217576e-07,0.0002325131863472052,0.0008745269442442805,0.00024607689965705504,5.2102457047453754e-05,0,AK
IL_8465058,1,BCC,BCC,0.4526122361421585,0.003992421552538872,0.43440738320350647,0.0011722299223038135,0.0028083822689950466,0.009764603339135647,0.09489854658022523,0.0003442406596150249,0,AK
IL_8466700,5,NV,NV,2.7374963451620715e-06,0.00014477303284365917,0.015703430166468024,9.710271115181968e-06,0.12893294193781912,0.8551285266876221,6.936328065876296e-05,8.527058412255428e-06,5,NV
IL_8472677,0,AK,AKIEC,0.48838590129162185,0.00013355510156998207,0.0007619814859936014,7.872346543535969e-07,0.00277308535623888,0.00032817463215906173,0.5076159816235304,6.060491450909922e-07,6,SCC
IL_8478424,5,NV,NV,1.0697355378397333e-05,9.04127131207133e-06,0.018514691705149744,3.827519253718492e-05,0.05573480576276779,0.9255748987197876,1.5259879091900075e-05,0.00010232325621473137,5,NV
IL_8480988,0,AK,AKIEC,0.009074831497855484,0.23516617715358734,0.28519751818384975,0.0001887385753889248,0.001768300306139281,0.007710220900662534,0.45998361334204674,0.0009105391213779512,6,SCC
IL_8482465,1,BCC,BCC,0.0007553939067292958,0.6893957108259201,0.09836129087489098,0.04724535159766674,0.0034643812687136233,0.04676623549312353,0.11387446464505047,0.00013721191498916596,1,BCC
IL_8482913,6,SCC,SCCKA,0.005301032535498962,0.2511668883213076,0.061914535587675346,0.044525384244481714,0.02737962412129491,0.06806596531532705,0.5354099273681641,0.00623657898644292,6,SCC
IL_8484491,1,BCC,BCC,0.012843113392591476,0.5126629918813705,0.09131659101694822,1.7818244032241637e-05,0.27532027661800385,0.03538247337564826,0.07180886343121529,0.0006478170107584447,1,BCC
IL_8486036,1,BCC,BCC,0.007174522295827046,0.08487889915704727,0.14437837898731232,0.0002915584136644611,0.012546487618237734,0.7466685771942139,0.0038151531480252743,0.0002464604694978334,5,NV
IL_8487012,1,BCC,BCC,0.022067569196224213,0.7189192175865173,0.06999404728412628,0.0178941163176205,0.0019730371423065662,0.16084097512066364,0.008085650733846705,0.00022543396698893048,1,BCC
IL_8491993,7,VASC,VASC,0.0014917758999217767,0.03101630974560976,0.3848518505692482,0.03391953092068434,0.0011078183015342802,0.5445429310202599,0.0014385156719072256,0.0016312100196955726,5,NV
IL_8495529,0,AK,AKIEC,0.00032101663327921415,0.49231554463040084,0.4947281260974705,1.3998349885468997e-05,7.678990414206055e-06,0.012588851153850555,2.246902522529126e-05,2.3373667659143393e-06,2,BKL
IL_8497763,6,SCC,SCCKA,0.023125824169255793,0.024794886834570207,0.023875875180237927,0.03840768379086512,0.0007882950844759762,0.38449482861415163,0.504269755911082,0.00024279308567543012,6,SCC
IL_8500079,1,BCC,BCC,0.02069695945829153,0.4873724844364915,0.4748095804825425,0.00046868895151419565,0.004753284418256953,0.009162295144051313,0.0025564139359630644,0.00018028620252152905,1,BCC
IL_8500465,1,BCC,BCC,0.3240489661693573,0.2710430077277124,0.3462854754179716,0.0009887557607726194,0.025781326927244663,0.017899852711707354,0.004571226076222956,0.009381425028550439,2,BKL
IL_8500877,6,SCC,SCCKA,0.0357831133678701,0.0011024237551282567,0.0004492529005801771,0.0005046299342232885,0.0014462594495938674,0.001811444979409771,0.9588059782981873,9.697876348158108e-05,6,SCC
IL_8504644,1,BCC,BCC,0.04064898029901087,0.14483554288744926,0.14040818600915372,0.002183118151151575,0.030718044377863407,0.3882913365960121,0.2525812577223405,0.00033359452936565503,5,NV
IL_8505577,5,NV,NV,4.502784395299386e-05,9.506800597591791e-05,0.43352631479501724,0.0011290679813100724,0.0021113324037287384,0.5619116500020027,1.5610267837473657e-05,0.0011658902803901583,5,NV
IL_8506800,1,BCC,BCC,0.008201153599657118,0.0052283782279118896,0.5396137237548828,0.011825697612948716,0.3017459660768509,0.12176862359046936,0.0042966221226379275,0.007319868134800345,2,BKL
IL_8507702,2,BKL,BKL,0.557693138718605,0.0009984363496187143,0.35548167675733566,0.0005157804758937345,0.00018774964337353595,0.00043348966573830694,0.08462378481635824,6.593904993223987e-05,0,AK
IL_8507909,1,BCC,BCC,0.0020972395795979537,0.05912686325609684,0.09877012297511101,0.0032042965249274857,0.14032939230673946,0.013760389294475317,0.6822031140327454,0.0005085673419671366,6,SCC
IL_8508107,1,BCC,BCC,0.25972558557987213,0.3749687038362026,0.04329537370358594,0.00021751191479779663,0.11262197373434901,0.10005651088431478,0.10016441065818071,0.008949900511652231,1,BCC
IL_8509050,1,BCC,BCC,0.31281764959567226,0.4515371173620224,0.050559650640934706,0.007797917503921781,0.0436614453792572,0.10162591934204102,0.025890463031828403,0.006109851645305753,1,BCC
IL_8509848,5,NV,NV,0.00017625150559297253,0.000581319421890214,0.0001841107672362341,8.159789680917129e-05,0.06376271694898605,0.9345023930072784,0.00020169471667941252,0.0005099695206354227,5,NV
IL_8515603,6,SCC,SCCKA,0.02741881739348173,0.0016936696192715317,0.0008473577036056668,0.0005870430011327699,0.44705866916046944,0.030988706108246333,0.4911613240838051,0.0002444840072257648,6,SCC
IL_8516254,1,BCC,BCC,0.007910849541076459,0.496943224905408,0.45432033971883357,0.0012327193326200359,0.025158195167023223,0.011825919427792542,0.0025138274650089443,9.494229743722826e-05,1,BCC
IL_8529152,4,MEL,MEL,3.872980354735489e-05,3.243681589992775e-06,0.7243687212467194,1.9402870805151906e-05,0.059909324465479585,0.2156156226992607,1.2151364488843797e-05,3.2817915993632596e-05,2,BKL
IL_8535419,1,BCC,BCC,0.17393483221530914,0.00413107976783067,0.8151125609874725,2.1584687146969372e-05,0.0015876903771641082,0.0012911261583212763,0.003871923661790788,4.92025075118363e-05,2,BKL
IL_8535894,4,MEL,MEL,0.029088512470480055,0.004838946915697306,0.6238394230604172,0.00010019604587796493,0.04236557416152209,0.28779046051204205,0.011628959997324273,0.00034793137729138834,2,BKL
IL_8538407,1,BCC,BCC,0.004003507394969574,0.49977680668234825,0.04071493539959192,5.9381857113294245e-05,0.036967351436032914,0.4068912430666387,0.011563107379060966,2.3702451471763197e-05,1,BCC
IL_8538421,1,BCC,BCC,0.11220469623731333,0.5209506936371326,0.3424367695697583,0.0004144302934605548,0.008526058545839987,0.015225179187837057,0.00020135753948125057,4.0804279251460684e-05,1,BCC
IL_8540879,5,NV,NV,5.209788429283435e-05,3.749615098058712e-05,0.041949357619159855,9.882454105536453e-05,0.0034055410797009245,0.9544406533241272,7.294311330952041e-06,8.742824093133095e-06,5,NV
IL_8543215,1,BCC,BCC,0.013088915089610964,0.1169504290446639,0.5199517123401165,0.00978471225425892,0.0024112780156428926,0.056789408437907696,0.01524858153425157,0.26577496819118096,2,BKL
IL_8544201,1,BCC,BCC,0.16764194593997672,0.2844489589333534,0.3669627904891968,0.0009373931679874659,0.011008011228113901,0.022570048924535513,0.14620999991893768,0.0002208182654612756,2,BKL
IL_8544444,1,BCC,BCC,0.09382590465247631,0.7296082973480225,0.06484409235417843,0.0014069253193156328,0.0008974545271485113,0.07039744406938553,0.03837923053652048,0.0006406002436278868,1,BCC
IL_8548746,1,BCC,BCC,0.024089842103421688,0.0337073306000093,0.8284721672534943,0.0003312336339149624,0.005910362466238439,0.06272985087707639,0.04444156400859356,0.0003176651007379405,2,BKL
IL_8549030,5,NV,NV,2.2400168537828336e-06,3.3359539344246514e-05,0.21792535111308098,3.1278766527975677e-06,0.002193925057326851,0.7798316180706024,1.4313177310043557e-06,9.004819746749604e-06,5,NV
IL_8550472,1,BCC,BCC,0.017113894515205175,0.4823551282752305,0.11670255614444613,0.005745861600871649,0.06082442701153923,0.16705820243805647,0.14785292465239763,0.002347074465433252,1,BCC
IL_8553410,1,BCC,BCC,0.27219492197036743,0.47608405351638794,0.033437963807955384,2.003654253712739e-05,0.03406866799923591,0.16437606746330857,0.01956413128937129,0.00025416524294996634,1,BCC
IL_8553966,0,AK,AKIEC,0.12370892020408064,0.0018156802834710106,0.0386473867110908,3.283791724584262e-05,0.004313336918130517,0.030514051497448236,0.8009639978408813,3.845558339321542e-06,6,SCC
IL_8554205,1,BCC,BCC,0.3588285013101995,0.0024629755062051117,0.26000722288154066,0.00012794824760931078,0.35737256705760956,0.018847604904294712,0.002318354236194864,3.483763703115983e-05,0,AK
IL_8554627,4,MEL,MEL,6.728650170373385e-08,4.136320654879455e-05,0.7024780362844467,2.3203490400192095e-06,0.04929611971965642,0.24815630307421088,3.495847007428665e-07,2.544887931321682e-05,2,BKL
IL_8562069,1,BCC,BCC,0.0029020748334005475,0.02050605497788638,0.5888866633176804,0.0008836149063427001,0.00509016978321597,0.119891207665205,0.26133845347794704,0.0005017848670831881,2,BKL
IL_8562262,1,BCC,BCC,0.01473260717739322,0.6272804588079453,0.09740770663484,0.0005824826748721534,0.03755574092792813,0.22117009805788257,0.000519492579769576,0.0007514271534496686,1,BCC
IL_8562914,1,BCC,BCC,0.002309598494321108,0.3611402343958616,0.11284670606255531,0.299456949433079,0.03533910633996129,0.012406299356371164,0.17464033560827374,0.0018607794772833586,1,BCC
IL_8565372,1,BCC,BCC,0.0013118296046741307,0.9454829692840576,0.00048684576904634014,0.00028398951690178365,0.0013278966071084142,0.011204376467503607,0.0398773391116265,2.475140991009539e-05,1,BCC
IL_8566175,1,BCC,BCC,0.11606257712992374,0.6544080972671509,0.034157550544478,0.0003966169315390289,0.00026166578754782677,0.10678596794605255,0.08779536822839873,0.0001321841155004222,1,BCC
IL_8568128,1,BCC,BCC,0.0016956053113972303,0.03190195274510188,0.49507146450923756,6.1164416820247425e-06,0.4635465527459246,0.007632674649357796,7.814813943696208e-05,6.746480585206882e-05,2,BKL
IL_8569561,6,SCC,SCCKA,0.0063583143055438995,0.21955476189032197,0.1302592232823372,0.1106389814594877,0.17925889378238935,0.17115920362994075,0.18177138036116958,0.0009992638733820058,1,BCC
IL_8569852,1,BCC,BCC,0.0028766202740371227,0.4987439699470997,0.27444321603979915,0.0019558565254556015,0.009280309444875456,0.09168725533527322,0.12098782742395997,2.4883500827854732e-05,1,BCC
IL_8570577,5,NV,NV,0.0003733423800440505,0.008027421776205301,0.0017938892633537762,0.21134357166010886,0.0076550546455109725,0.6776774376630783,0.00022514186457556207,0.09290412490372546,5,NV
IL_8572700,1,BCC,BCC,0.0004839157114702175,0.503596933092922,0.018735596403530508,0.003382191020364189,0.3003014788864675,0.14449281636916567,0.028319518693024293,0.0006875342296552844,1,BCC
IL_8574394,2,BKL,BKL,0.07066988636506721,0.09756125509738922,0.13097155466675758,0.007587480246911582,0.009633790235966444,0.6725331842899323,0.008687365800142288,0.0023554856361442944,5,NV
IL_8576220,1,BCC,BCC,0.00019369098299648613,0.5078659756109118,0.00035435093741398305,0.00016490917914779857,0.00042523531010374427,0.0005734260630561039,0.49040058760147076,2.1822892222189694e-05,1,BCC
IL_8577352,1,BCC,BCC,0.025903022149577737,0.13746518606785685,0.026108391233719885,0.1579832014394924,0.13300232688925462,0.019964446750236675,0.4995378293097019,3.5645929244765284e-05,6,SCC
IL_8578083,1,BCC,BCC,0.6424893438816071,0.20478104893118143,0.04547427233774215,0.00022358339901984436,0.022159039042890072,0.016205142252147198,0.068377829156816,0.0002897234517149627,0,AK
IL_8578513,1,BCC,BCC,0.7443509697914124,0.2223198190331459,0.01594020053744316,7.31167383491993e-05,0.007244664244353771,0.0082621875917539,0.0014564395532943308,0.0003525874999468215,0,AK
IL_8578812,0,AK,AKIEC,0.25060907673469046,0.00013549541787938324,0.003850992419756949,6.575669840458431e-05,0.5311525017023087,0.21274410897967755,0.001398439024342224,4.362165964266751e-05,4,MEL
IL_8581204,1,BCC,BCC,0.022825516760349274,0.478031866485253,0.4745606309734285,0.00022724885820935015,0.0033302672309218906,0.009034155635163188,0.011782061541453004,0.00020824730381718837,1,BCC
IL_8581964,1,BCC,BCC,0.09295904263854027,0.5053445370867848,0.001696015526249539,3.2901842217825106e-05,8.44455556716639e-05,0.3995698313228786,0.0002936720356956357,1.958136401469801e-05,1,BCC
IL_8583674,4,MEL,MEL,0.020292324406909756,4.613264354702551e-05,0.03272626083344221,0.00033402047301933635,0.5007229596376419,0.4443070753477514,0.0013894892908865586,0.00018180786719312891,4,MEL
IL_8584799,1,BCC,BCC,0.05465255692251958,0.8266879022121429,0.001656718726735562,0.005062222910055425,0.06210611239657737,0.016656734340358526,0.03161583887413144,0.0015619823752786033,1,BCC
IL_8585271,5,NV,NV,0.2211475676158443,0.05756746558472514,0.07711034268140793,0.01062337760254195,0.00030221314909795183,0.6276348233222961,0.0013609616551093495,0.004253220668033464,5,NV
IL_8588152,4,MEL,MEL,0.0006058731814846396,0.23262009024620056,0.07167768204817548,0.00023578743275720626,0.3623576760292053,0.28824740275740623,0.04343706433792249,0.0008184070102288388,4,MEL
IL_8588315,4,MEL,MEL,1.5914936142280567e-06,0.00022484907478315108,0.0008881424946594052,9.204430898535065e-05,0.07772943191230297,0.9209272861480713,4.867118377660518e-06,0.00013177963319321861,5,NV
IL_8590734,2,BKL,BKL,4.9851665608002804e-05,0.002438580326270312,0.46720661176368594,7.109397927251848e-06,0.034051707363687456,0.48373984917998314,0.012498379132011905,7.938010980979016e-06,5,NV
IL_8591988,1,BCC,BCC,0.008631638858787483,0.5828838348388672,0.04535683337599039,0.0026830402740642967,0.05305172599037178,0.3063617983425502,0.0004246712414897047,0.0006064922213226964,1,BCC
IL_8595325,5,NV,NV,0.017342537661534152,0.00042100051359739155,0.06474948674440384,0.0006054372934158891,0.0491170808672905,0.8656083643436432,0.0017134545123553835,0.0004426003961270908,5,NV
IL_8596118,1,BCC,BCC,0.004003002613899298,0.3961696878541261,0.39909000881016254,0.017806170355470385,0.03293078165734187,0.0596739687025547,0.08897611405700445,0.001350230550087872,2,BKL
IL_8601267,1,BCC,BCC,0.10831987613710226,0.4991949894465506,0.3600690388120711,0.0014819331699982285,0.0023657137353438884,0.021881332853809,0.0061752061592414975,0.0005119423585711047,1,BCC
IL_8601379,1,BCC,BCC,0.4629373771895189,0.217146132607013,0.29407559894025326,8.117446668620687e-06,0.00024585532264609355,0.025272619910538197,0.00029664959583897144,1.7645914795139106e-05,0,AK
IL_8601984,5,NV,NV,1.6361873917958292e-05,3.421030956474169e-05,0.3034645365551114,3.5518885852070525e-05,0.4204790350049734,0.2759080156683922,2.5219821395694453e-06,5.9850803154404275e-05,4,MEL
IL_8602483,1,BCC,BCC,0.3848804569450692,0.028300685808062553,0.07230378921121883,1.7885367029180088e-05,0.007817134312631424,0.028639204931096174,0.4780196719802916,2.1236246454670038e-05,6,SCC
IL_8602598,1,BCC,BCC,8.184905937014264e-06,0.9745131731033325,0.0002017554361373186,1.0986233291987446e-05,0.002018491126364097,0.005735342798288912,0.017445692734327167,6.632858094235417e-05,1,BCC
IL_8604749,0,AK,AKIEC,0.0026948219165205956,0.08445970714092255,0.08981160633265972,0.22129077663021235,0.017674172137049027,0.002744635294220643,0.5775580257177353,0.0037662393297068775,6,SCC
IL_8604901,1,BCC,BCC,2.862329483832582e-05,0.006974525436817203,0.9830362200737,5.2767503063932963e-05,0.00687706982716918,0.0027225001831538975,0.0002963632741739275,1.1916087750307724e-05,2,BKL
IL_8604928,4,MEL,MEL,0.0002707722771049248,0.000632147649213266,0.080705641554502,0.00012553232068057696,0.7387366890907288,0.17348005436360836,0.005643927742056576,0.0004052587153182685,4,MEL
IL_8608497,5,NV,NV,1.6558684365008958e-05,0.010637455023243092,0.10338587709702551,0.0013814662816002965,0.1910820845514536,0.6931432634592056,5.690807938663056e-05,0.0002963867300422862,5,NV
IL_8610229,6,SCC,SCCKA,0.0019403810515541409,0.0030753156752325594,0.008072474040091038,0.0011911342471648823,0.0009111156341532478,0.00014007623030920513,0.9846627414226532,6.851423996145911e-06,6,SCC
IL_8610456,1,BCC,BCC,0.15248620579950511,0.05422330857254565,0.5761665254831314,0.009405320277437568,0.10352764534763992,0.02253106329590082,0.06815456412732601,0.01350537282996811,2,BKL
IL_8611519,5,NV,NV,6.578266464885019e-07,8.884726184987812e-06,0.11261795773680205,9.397402800459531e-05,0.020566873718053102,0.8667013049125671,9.667529070611636e-07,9.417159844815615e-06,5,NV
IL_8611712,6,SCC,SCCKA,0.004325889749452472,0.001407158182701096,0.4305971311405301,0.00024887354811653495,0.006229702150449157,0.0016679903492331505,0.555370531976223,0.00015267641174432356,6,SCC
IL_8612216,1,BCC,BCC,0.0051307547255419195,0.3983934409916401,0.09551426582038403,0.00048195338968071155,0.0011698415692080744,0.4936322942376137,0.005554474540986121,0.00012297052853682544,5,NV
IL_8613876,1,BCC,BCC,0.48335723695345223,0.021039137849584222,0.008879845321644098,2.5219557812761195e-05,0.00043013144204451237,0.4846994506806368,0.0015617862591170706,7.199626480769439e-06,5,NV
IL_8618190,6,SCC,SCCKA,0.5099746957421303,0.0023592207392937325,0.18472789907536935,0.0003099289477148659,0.001163983135484159,0.020071977050974965,0.28132729952267255,6.500791923258475e-05,0,AK
IL_8618325,1,BCC,BCC,0.018508238659705967,0.2986365854740143,0.21396273840218782,0.0018759648664854467,0.00646130034874659,0.24544355733087286,0.21399281441699713,0.0011188200246579072,1,BCC
IL_8619767,1,BCC,BCC,0.002830195997375995,0.29472532868385315,0.22543715685606003,0.0004069987408001907,0.08321123383939266,0.2959272339940071,0.09660647131386213,0.0008553417355869897,5,NV
IL_8620816,2,BKL,BKL,0.03363647870719433,0.02003214752767235,0.7535602450370789,0.001183112311991863,0.002639218764670659,0.02296416882018093,0.165933636482805,5.1015316785196774e-05,2,BKL
IL_8621198,4,MEL,MEL,2.455352034758107e-05,5.709387187380344e-05,0.0005057785019744188,4.0645098124514334e-05,0.31071174750104547,0.6885751038789749,1.3380644304561429e-05,7.168192496465053e-05,5,NV
IL_8622725,5,NV,NV,8.414411513513187e-05,0.014080673630815,0.27654762053862214,0.0007345834510488203,0.01859723008237779,0.6896420866250992,9.596874861017568e-06,0.00030404999051825143,5,NV
IL_8623276,5,NV,NV,1.1323529918172426e-06,1.9683650378965467e-05,0.000507117816596292,2.8968992864975007e-05,0.3525798296323046,0.6466088891029358,4.077854214301624e-06,0.0002502860297681764,5,NV
IL_8625871,1,BCC,BCC,0.12208453588755219,0.03245528950355947,0.4680048627778888,2.9926616775810544e-06,0.028959997929632664,0.33985367976129055,0.008426104672253132,0.00021247856193440384,2,BKL
IL_8626747,5,NV,NV,6.716596789857476e-08,4.692895327451652e-06,0.0008394658289034851,3.744343501921321e-06,0.0028849501977674663,0.9962487518787384,8.683029761868966e-08,1.8213265647659682e-05,5,NV
IL_8630897,2,BKL,BKL,0.026805447414517403,0.0005642483738483861,0.4931188113987446,0.0013284006854519248,0.0010410380782559514,0.4754939107224345,0.0015020766513771378,0.00014605771048081806,2,BKL
IL_8631628,0,AK,AKIEC,0.46587039716541767,0.00023880176922830287,0.5278841629624367,7.5949845381728665e-06,0.00015891963994363323,0.0023465646809199825,0.00349268454203866,8.846290313613281e-07,2,BKL
IL_8637878,1,BCC,BCC,0.02303460252005607,0.9716082811355591,0.0021357422810979187,1.5616303244314622e-05,0.0001998375209950609,0.002327607071492821,0.0006504735720227472,2.7953903781963163e-05,1,BCC
IL_8638441,1,BCC,BCC,0.10123466342338361,0.23739951598690823,0.0069593943626387045,0.0008233234730141703,0.013488517649420828,0.14764001709409058,0.49244491854915395,9.633068174252912e-06,6,SCC
IL_8638873,5,NV,NV,7.684005645103298e-06,5.342169424693566e-05,0.00039760980143910274,6.3976125602494e-05,0.45063753525028005,0.5487868674099445,1.982038929781993e-05,3.316305173939327e-05,5,NV
IL_8642808,1,BCC,BCC,0.01611549589142669,0.008985442342236638,0.47133378591388464,2.20727342821192e-05,0.00010542529344093055,0.010450072004459798,0.49298378080129623,4.015295417048037e-06,6,SCC
IL_8642891,1,BCC,BCC,0.10224075987935066,0.003552747133653611,0.42844463512301445,0.0001718968342174776,0.005412020371295512,0.4599481448531151,9.250014045392163e-05,0.00013734702952206135,5,NV
IL_8643718,4,MEL,MEL,0.017502732574939728,0.0010630563483573496,0.4483003281056881,0.00010705375098041259,0.4731515242019668,0.05966734606772661,0.00012174765288364142,8.626347698736936e-05,4,MEL
IL_8644938,6,SCC,SCCKA,0.06236866030667443,0.011321357102133334,0.09164505824446678,0.02216356000280939,0.14223095501074567,0.1758633244662633,0.4941119346767664,0.0002950876419731685,6,SCC
IL_8646739,1,BCC,BCC,0.00017469116573920473,0.30945824971422553,0.5990068018436432,0.0006475092668551952,0.001857850409578532,0.07817825535312295,0.010578809480648488,9.785469956113957e-05,2,BKL
IL_8647582,2,BKL,BKL,5.649014056530177e-06,3.7176563409957453e-06,0.9708682298660278,2.7869493237631104e-06,0.0022786100016674027,0.026837484911084175,1.6500474693259548e-06,1.7989842646670695e-06,2,BKL
IL_8647816,1,BCC,BCC,0.08002554830454756,0.24858208485966315,0.6502677202224731,0.0006606073875445873,0.000891166680958122,0.008304582763230428,0.011217133504032972,5.115179101267131e-05,2,BKL
IL_8648373,1,BCC,BCC,0.04016247011895757,0.29302412271499634,0.11439712620631326,0.002670695335837081,0.014257204442401417,0.10424816520753666,0.4288944099098444,0.0023457829274775577,6,SCC
IL_8650225,6,SCC,SCCKA,0.1677341740578413,0.0001240966266777832,0.3232634977903217,0.00030259148229561106,0.0003652188752312213,0.0004947357710989309,0.5077021270990372,1.3524663245334523e-05,6,SCC
IL_8650948,6,SCC,SCCKA,0.025523491203784943,0.004589617332385387,0.3766130983894982,0.0006712917002147378,0.016052580744144507,0.0145654375119193,0.5614935979247093,0.0004908455355945307,6,SCC
IL_8653374,1,BCC,BCC,0.261233268189244,0.10917220637202263,0.15750508790370077,0.006022159475833178,0.020836406882153824,0.07603872939944267,0.3670770024182275,0.002115105962730013,6,SCC
IL_8657794,6,SCC,SCCKA,0.00119112734682858,8.658994192956015e-05,0.00039702829235466197,3.5604590721050045e-05,0.037255007671774365,0.00317040453228401,0.957854688167572,9.544356061041981e-06,6,SCC
IL_8658177,2,BKL,BKL,0.010778919095173478,0.1696094647049904,0.5351440012454987,0.02312109642662108,0.02654942963272333,0.0036956474650651217,0.22238878905773163,0.008712653943803161,2,BKL
IL_8659124,4,MEL,MEL,9.635352775205774e-06,0.0015547062679672763,0.02492651796546852,2.6664663749897954e-05,0.520649041980505,0.45146505162119865,3.3530644252266484e-05,0.0013348512261472933,4,MEL
IL_8660536,2,BKL,BKL,0.0001707155206531752,7.599783748446498e-05,0.5076741585507989,4.1240177324652905e-05,0.4696696127066389,0.02197403034369927,0.00032593282139714574,6.836979810032062e-05,2,BKL
IL_8662195,1,BCC,BCC,0.15674225613474846,0.4952667485922575,0.26375510211801156,0.00013189251694711857,0.0024401785449299496,0.07818002079648068,0.0034355665993643925,4.824266397918109e-05,1,BCC
IL_8662506,2,BKL,BKL,0.010696000519644144,0.0026817178877536207,0.7208425402641296,0.0011071103044741903,0.043714361265301704,0.2200775071978569,0.000686280612057999,0.0001945324891465816,2,BKL
IL_8663536,4,MEL,MEL,9.767000263855019e-05,4.739372538786757e-05,0.4578565915607431,0.0001614263795052251,0.5148506965488195,0.026921121127088554,4.276446786814249e-06,6.0864492240852996e-05,4,MEL
IL_8666651,5,NV,NV,2.8898195125748316e-07,8.012712751082063e-07,0.0047609045504941605,6.015106635004486e-07,0.008705218089744449,0.9865244925022125,1.7237010752069182e-07,7.588633479826967e-06,5,NV
IL_8671827,6,SCC,SCCKA,0.6471578776836395,0.1614596899598837,0.008159131743013859,0.10185419351910241,0.031756482319906354,0.014488803455606103,0.03404387831687927,0.0010799546362250112,0,AK
IL_8674399,1,BCC,BCC,0.4884139979367319,0.053738749818876386,0.03331815078854561,0.0010489519663678948,0.001007398241199553,0.42123187831020914,0.0011716008521034382,6.923461205587955e-05,0,AK
IL_8675438,1,BCC,BCC,0.49157054084844276,0.5003874209942296,0.0036485210148384795,8.030156280369738e-06,0.0035816051744177457,0.00045631866669282317,0.0003438947460381314,3.7037126219274796e-06,1,BCC
IL_8678010,1,BCC,BCC,0.010734086041338742,0.7224064767360687,0.11069728434085846,0.02810125588439405,0.00815768976463005,0.08797269407659769,0.0308669526129961,0.0010635150829330087,1,BCC
IL_8679455,1,BCC,BCC,0.0008941031410358846,0.48700451850891113,0.16631413251161575,0.05365115642780438,0.028035507537424564,0.0555572472512722,0.20576468110084534,0.00277863722294569,1,BCC
IL_8679586,0,AK,AKIEC,0.173480395344086,0.3914913386106491,0.11043535359203815,0.23510184814222157,0.029871255392208695,0.02760294063773472,0.03167473617941141,0.00034211232559755445,1,BCC
IL_8681344,4,MEL,MEL,0.005632086172226991,0.00011321303713884845,0.46692923456430435,0.0034394703106954694,0.1342553123831749,0.3789457529783249,0.010045261511550052,0.0006397049273800803,2,BKL
IL_8683855,1,BCC,BCC,0.00935776683036238,0.5035296846181154,0.003972060832779789,0.0009907521514946893,0.0017614908560972253,0.48017969058128074,0.00019002407566404145,1.8488568481522805e-05,1,BCC
IL_8684310,1,BCC,BCC,0.1820307952875737,0.09158519038464874,0.6315152794122696,0.0009198423358611763,0.038096252363175154,0.04756447486579418,0.002599169733002782,0.005689023382728919,2,BKL
IL_8689446,0,AK,AKIEC,0.45527580566704273,0.012530120089650154,0.051018184749409556,3.864997992764074e-06,0.004508876823820174,0.013056275900453329,0.46355979817235493,4.7043681661307346e-05,6,SCC
IL_8692782,1,BCC,BCC,0.015742795145342825,0.34885737486183643,0.5705330669879913,4.232792525726836e-05,0.014364900067448616,0.04785347543656826,0.0022447863229899667,0.0003612870932556689,2,BKL
IL_8695505,5,NV,NV,7.832442406652262e-06,4.386647868415139e-05,0.44474561244715005,0.00019357356131877168,0.07216479192720726,0.4827723503112793,3.0131536277622217e-05,4.185401940048905e-05,5,NV
IL_8702046,6,SCC,SCCKA,0.21535631082952023,0.46187369637482334,0.009567937813699245,0.00017533816753712017,0.15465151994976623,0.13659568631555885,0.021690813824534416,8.87483711267123e-05,1,BCC
IL_8702117,1,BCC,BCC,0.0005027197257732041,0.8361055254936218,0.0027084843604825437,0.0019882427131960867,0.0008164103292074287,0.05379056790843606,0.10401398284375318,7.407985975760312e-05,1,BCC
IL_8703940,6,SCC,SCCKA,0.019883934874087572,0.019712920766323805,0.33482943347189575,0.002947636688077182,0.1171187236905098,0.05287657072767615,0.45150335133075714,0.0011273761629126966,6,SCC
IL_8706105,1,BCC,BCC,0.36566825956106186,0.08235004801827017,0.4829995930194855,0.0026367901664343663,0.004419835517182946,0.05269096978008747,0.008448912092717364,0.0007856125412217807,2,BKL
IL_8711548,2,BKL,BKL,4.350676107822693e-06,8.3410956364105e-08,0.5055901012383401,3.322344797496157e-05,0.0107565826838254,0.4836111316399183,1.7235721427866224e-06,2.7730370888434663e-06,2,BKL
IL_8711838,1,BCC,BCC,0.04937781626358628,0.1259791157208383,0.2646335680037737,0.0029360370244830847,0.14403177634812891,0.0946042409632355,0.31736777257174253,0.0010697017569327727,6,SCC
IL_8713171,1,BCC,BCC,0.04152374155819416,0.40916870161890984,0.501219168305397,0.0011060806973546278,0.0007630213513039052,0.03397892974317074,0.009170920820906758,0.0030694017423229525,2,BKL
IL_8714765,2,BKL,BKL,0.30231743957847357,0.004539600107818842,0.5793981850147247,0.003591541899368167,0.018556350143626332,0.07610581023618579,0.014317578170448542,0.0011734346917364746,2,BKL
IL_8716299,2,BKL,BKL,3.6259221758427884e-07,2.336928297808072e-05,0.5504054501652718,3.8794789816165576e-05,2.7130097308258883e-05,0.4494936317205429,6.253408280088024e-06,5.020588531579051e-06,2,BKL
IL_8717569,5,NV,NV,4.2966151134749e-06,1.2001433740083112e-05,9.661741312783079e-05,4.343190791900042e-06,0.11140161007642746,0.8883001208305359,8.191384614164576e-06,0.0001728224344788032,5,NV
IL_8717683,5,NV,NV,3.4714267798108267e-06,1.952059262677608e-06,0.23776327744417358,8.921344907264483e-05,0.011225881287828088,0.7509104013442993,5.003490500143926e-06,7.870853266922495e-07,5,NV
IL_8719061,1,BCC,BCC,0.002996702096424997,0.5581645406782627,0.002096707990858704,0.00043537972116780566,0.017247784013306955,0.41816339900651656,0.000352074012880621,0.0005434174096237143,1,BCC
IL_8720951,2,BKL,BKL,0.05998666805680841,0.14184984553139657,0.1810593530535698,0.0026514838682487607,0.22227459214627743,0.12192300613969564,0.0040669882437214255,0.266188008710742,7,VASC
IL_8723146,2,BKL,BKL,0.4981246591778472,0.0006627637212659465,0.1672878313693218,7.957082857501518e-06,0.001998107909457758,0.3316113812616095,0.00025981079670600593,4.754701512865722e-05,0,AK
IL_8725130,2,BKL,BKL,0.03533047158271074,0.01897034700959921,0.46109124552458525,0.006119392113760114,0.24137407285161316,0.10424646828323603,0.12981729209423065,0.0030507028568536043,2,BKL
IL_8726676,6,SCC,SCCKA,0.006682384060695767,0.5377675369381905,0.31309314037207514,0.08185768499970436,0.02382098196540028,0.028526761976536363,0.0014980966516304761,0.006753427351213759,1,BCC
IL_8732835,1,BCC,BCC,0.10682150397042278,0.5169840455055237,0.22611342623713426,0.0006465485494118184,0.0011315737501718104,0.14750484842807055,0.0007502597509301268,4.781077404913958e-05,1,BCC
IL_8735984,5,NV,NV,2.028765527484211e-05,0.0002313883856004395,0.014552849606843665,3.53566138073802e-05,0.12051099725067616,0.864334374666214,8.931101092457538e-06,0.0003058135189348832,5,NV
IL_8736766,1,BCC,BCC,0.0037104191433172673,0.4931494535994716,0.23705143469851464,0.003027866663387613,0.0011443726398283616,0.010936288425000384,0.2509728989098221,7.3473297561577056e-06,1,BCC
IL_8739695,5,NV,NV,0.0017114884658440133,0.00029617811742355116,0.7072538733482361,0.00025817799905780703,0.003554386261384934,0.28566426038742065,0.001105060084228171,0.00015656966684218787,2,BKL
IL_8747849,5,NV,NV,4.5486058297683485e-06,9.787400267669e-05,0.6182850152254105,7.745623861410422e-06,0.1120280957838986,0.26954584941267967,2.520532007110887e-06,2.8419689670045045e-05,2,BKL
IL_8748283,1,BCC,BCC,0.014936166582629085,0.48318901658058167,0.1100722961127758,0.004251245409250259,0.1730844237608835,0.11293515167199075,0.04511317145079374,0.056418549502268434,1,BCC
IL_8752697,6,SCC,SCCKA,0.10488449037075043,0.008933905832236633,0.5047416761517525,0.001341457391390577,0.018735582940280437,0.028212003875523806,0.3329869816079736,0.0001638787980482448,2,BKL
IL_8756948,1,BCC,BCC,0.01758815417997539,0.42471619322896004,0.04761941870674491,0.010187187348492444,0.05190081708133221,0.1001749262213707,0.006606441456824541,0.34120686119422317,1,BCC
IL_8758801,1,BCC,BCC,0.036516410298645496,0.7712222337722778,0.08335928991436958,0.00292825439828448,0.036631086841225624,0.005948454141616821,0.06268168166570831,0.0007125701122276951,1,BCC
IL_8758907,1,BCC,BCC,0.005122276175825391,0.5003214622847736,0.45273388977511786,0.0005170279073354322,0.003911075833457289,0.03706975979730487,0.00021647995572493528,0.00010795794423756888,1,BCC
IL_8760239,1,BCC,BCC,0.001998542167712003,0.01631859503686428,0.4513664720579982,0.00020427056188054848,0.47781762294471264,0.04837700538337231,0.0028116535395383835,0.0011058482341468334,4,MEL
IL_8762954,1,BCC,BCC,0.20520741492509842,0.3235894124954939,0.1514228954911232,0.002545611630921485,0.004100340534932911,0.30429713404737413,0.0014940099717932753,0.007343162145843962,1,BCC
IL_8767965,0,AK,AKIEC,0.511686235666275,0.0004862781861447729,0.21999189830967225,0.006011230028512671,0.09680892026426591,0.1591689328947723,0.004984211056580534,0.0008622186022595457,0,AK
IL_8778181,5,NV,NV,0.002835503207734291,0.0016196348735491028,0.9703275859355927,4.191656353214057e-05,0.0007733805005045724,0.024380040355026722,2.0332611029516556e-05,1.60900266621411e-06,2,BKL
IL_8783042,1,BCC,BCC,0.0023908858420327306,0.9304980933666229,0.033307693141978234,0.00023828042230888968,0.0024856161617208272,0.022358356975018978,0.00870550725448993,1.5504094562857063e-05,1,BCC
IL_8783670,1,BCC,BCC,0.0013454187387651473,0.8745748400688171,0.0013207343549765937,2.594027591840131e-06,5.548173703573411e-06,0.12274396372959018,5.475532304899389e-06,1.4513719293063332e-06,1,BCC
IL_8784837,6,SCC,SCCKA,0.002680305828107521,0.001036283269058913,0.848630428314209,0.0013668298634001985,0.032713848166167736,0.07491229847073555,0.035332626197487116,0.0033273829612880945,2,BKL
IL_8788016,1,BCC,BCC,0.00701058772392571,0.0692949602380395,0.4235805384814739,4.9495841267344076e-05,0.004418786469614133,0.0833100420422852,0.41230222241938463,3.343187813698023e-05,2,BKL
IL_8788883,2,BKL,BKL,5.252423079582513e-06,6.459324349350481e-05,0.48236544360406697,5.2494765441224445e-05,0.007851373797166161,0.5095732156187296,1.1346310202497989e-05,7.627780996699585e-05,5,NV
IL_8790863,2,BKL,BKL,0.034080182667821646,6.91999557602685e-05,0.005196006430196576,0.00022089368451361224,0.0010965190704155248,0.000558686580916401,0.9587748050689697,3.6715905196160747e-06,6,SCC
IL_8793301,0,AK,AKIEC,0.020626591285690665,0.08552392659566976,0.1343238646222744,0.05898239954467499,0.0034572287925129785,0.04281006268138299,0.6539917290210724,0.0002841998785747535,6,SCC
IL_8800243,1,BCC,BCC,0.0017718482704367489,0.3586152954958379,0.31446003913879395,0.0006499933151644655,0.09349569771438837,0.004156184731982648,0.22679058462381363,6.0322015997371636e-05,1,BCC
IL_8803152,0,AK,AKIEC,0.0546223174435454,0.03726307599572465,0.6062262654304504,0.0002644937881086662,0.001695820887107402,0.00676897051744163,0.29314749588456834,1.1601797666571656e-05,2,BKL
IL_8803533,6,SCC,SCCKA,0.2804102811496705,3.855644388295332e-05,0.0005766819085692987,5.148141798372308e-05,0.00046526206460839603,7.577079395559849e-05,0.7183811813592911,6.892126620527961e-07,6,SCC
IL_8805142,2,BKL,BKL,8.656640039816921e-05,0.18568192226996416,0.49453234832617454,7.676580196402938e-05,0.005454900146105501,0.314128911588341,2.1326604766613855e-06,3.6502149001194084e-05,2,BKL
IL_8808528,4,MEL,MEL,0.00010505168916097318,0.00022178690596774686,0.07334310002624989,1.469928611186333e-05,0.8004966080188751,0.1254480965435505,0.00033648145699771703,3.4189821235486306e-05,4,MEL
IL_8813361,6,SCC,SCCKA,0.0005955988017376512,0.12880664656404406,0.331114582484588,0.0004445630474947393,0.007634607143700123,0.01896219700574875,0.5120280999690294,0.0004137046055348037,6,SCC
IL_8814250,6,SCC,SCCKA,0.0009149242414423497,0.012257877247975557,0.48662809608504176,2.5839023578555498e-06,0.00011295944204903208,0.017537248553708196,0.48253093503808486,1.5361301279881445e-05,2,BKL
IL_8819924,1,BCC,BCC,0.0005806032131658867,0.5154961869120598,0.053357968805357814,0.10868850158294663,0.26568294083699584,0.045901620760560036,0.007578362710773945,0.002713846624828875,1,BCC
IL_8821899,1,BCC,BCC,0.005281157325953245,0.49661004543304443,0.0047659418778494,0.3081997986882925,0.002987494197441265,0.1701512224972248,0.010159641969949007,0.0018447247566655278,1,BCC
IL_8822249,1,BCC,BCC,0.01067680399864912,0.4768669151235372,0.0035426205140538514,0.004138753036386333,0.2908132786396891,0.20895355520769954,0.00458226294904307,0.00042580558510962874,1,BCC
IL_8823164,1,BCC,BCC,0.5208157300949097,0.012955688638612628,0.03150074277073145,0.00045198538282420486,0.23743370443116874,0.03526975493878126,0.15876980405300856,0.002802603063173592,0,AK
IL_8824711,1,BCC,BCC,0.01969024949357845,0.5606632977724075,0.1524453135789372,0.0006129683679318987,0.013098522520522238,0.24866865639341995,0.004274527542293072,0.0005464412643050309,1,BCC
IL_8825058,6,SCC,SCCKA,0.0015609669499099255,0.07397269457578659,0.36611981596797705,0.02167705725878477,0.016339973255526274,0.009654575958848,0.5082207098603249,0.0024542309474782087,6,SCC
IL_8826018,1,BCC,BCC,0.0017238565487787127,0.7510579526424408,0.1404463067301549,0.000248848955379799,0.0005369619902921841,0.009548131085466594,0.09640251884411555,3.539614499459276e-05,1,BCC
IL_8834020,1,BCC,BCC,0.022029499523341656,0.02227857895195484,0.4290074957534671,0.0011875591317220824,0.011774429003708065,0.018733651319053024,0.4934116303920746,0.0015771234757266939,6,SCC
IL_8835996,5,NV,NV,0.0010615759647407685,0.0007914912712294608,0.02774877194315195,0.0024266948821605183,0.07231854647397995,0.8941013514995575,0.0009709222613309976,0.0005806234476040117,5,NV
IL_8839163,1,BCC,BCC,0.44371553021301224,0.4863462010398507,0.018925446434877813,5.7394381201447686e-05,0.0008332237775903195,0.006193382432684302,0.04387995693832636,4.8918096126726596e-05,1,BCC
IL_8843384,5,NV,NV,2.3152488020983242e-05,1.0267878565173305e-05,0.0008702721970621496,0.0001566074541301532,0.15362470969557762,0.8450858891010284,2.810800583219475e-05,0.00020094368829859377,5,NV
IL_8845564,6,SCC,SCCKA,0.07177667122959974,0.39586641266942024,0.4830016144551337,0.00014585485723728198,0.007827828318113461,0.03228045185096562,0.008885820396244526,0.00021532646451305482,2,BKL
IL_8845602,1,BCC,BCC,0.017602206207811832,0.48429748317357735,0.45450455299578607,2.5327824914711528e-05,1.8847104911401402e-05,0.04214347394372453,0.0014045588322915137,3.4662382404349046e-06,1,BCC
IL_8846733,1,BCC,BCC,0.0023119382067307015,0.31779812276363373,0.06867890246212482,0.019566207841194228,0.08826233027502894,0.49380551278591156,0.009501004755293252,7.602260575367836e-05,5,NV
IL_8848308,6,SCC,SCCKA,0.517264436930418,0.001739123195875436,0.4096440840512514,0.0008442305334028788,0.02788177545880899,0.036043786937625555,0.006138616241514683,0.00044397396777640097,0,AK
IL_8850331,4,MEL,MEL,0.007763105858117569,0.00015073979398039228,0.003196764679159969,0.0004910393988666328,0.010994681855663657,0.9753888845443726,0.0018195581425288765,0.00019526275900716428,5,NV
IL_8850639,4,MEL,MEL,1.4697768619953422e-05,2.23250995077251e-05,0.0008773105655563995,7.421726240863791e-05,0.48680543899536133,0.5119547843933105,5.4643291150568984e-05,0.00019656671429402195,5,NV
IL_8853986,2,BKL,BKL,0.008176318191544851,0.0056606517357522534,0.49988453241530806,2.853766227417509e-05,1.3647486525769637e-05,0.00021292306200848543,0.4860231448255945,2.0399141220650563e-07,2,BKL
IL_8854327,1,BCC,BCC,0.012022432405501604,0.6846867650747299,0.08119430660735816,0.0014374242673511617,0.0346795599507459,0.1666399132227525,0.0004685790336225182,0.018870928033720702,1,BCC
IL_8854625,1,BCC,BCC,0.0002992823112890619,0.958455890417099,0.029906354900049337,4.376117908577726e-05,0.0021968739483781974,0.008297742902868777,0.00024363553286832484,0.0005564328955074416,1,BCC
IL_8855847,1,BCC,BCC,0.07957994565367699,0.46480387821793556,0.038747035316191614,0.017733742715790868,0.039585421909578145,0.31470596039434895,0.03819330234546214,0.006650714238276123,1,BCC
IL_8859314,1,BCC,BCC,0.007034592078298374,0.20274503185646608,0.5584501922130585,0.0006600649739993969,0.005409886420238763,0.20519237220287323,0.0005787379229786893,0.019929131385282517,2,BKL
IL_8861890,1,BCC,BCC,6.883669448143337e-05,0.0075911232852377,0.8837196230888367,0.0017381050856783986,0.0008599032589700073,0.10382174886763096,0.0021550250239670277,4.566700772556942e-05,2,BKL
IL_8863654,2,BKL,BKL,0.00929496338358149,0.23487823363393545,0.037058960646390915,0.014836544345598668,0.43973045609891415,0.12121192365884781,0.132639623247087,0.010349329211749136,4,MEL
IL_8863823,1,BCC,BCC,0.0022868825908517465,0.5140285762026906,0.14218760174844647,0.00012028554236165334,0.0009346417533606655,0.32042981177801266,0.018921332096169863,0.0010908065125967426,1,BCC
IL_8864520,2,BKL,BKL,3.577147481337306e-05,0.00012887980966524992,0.5164613351225853,1.1487708718505019e-05,0.013139122422217042,0.4701898539206013,1.199400435325515e-05,2.1534175402848632e-05,2,BKL
IL_8864623,6,SCC,SCCKA,0.3564965387340635,0.02490277512697503,0.018827117048203945,0.00021177310918574221,0.0029021926002315013,0.4889838320668787,0.10753964129617088,0.0001361952381557785,5,NV
IL_8869831,4,MEL,MEL,0.0050674027188861714,0.02457159921868879,0.5038720383308828,0.019893772594059556,0.003723361063748598,0.0013882447965443134,0.4412895210073202,0.00019400986397499764,2,BKL
IL_8869881,1,BCC,BCC,0.4783670825181616,0.003323945333249867,0.35413205716758966,6.625022183470719e-05,0.0009688332793302834,0.15529555350076407,0.007796888414759451,4.935275501338765e-05,0,AK
IL_8875677,0,AK,AKIEC,0.007689678808674216,0.07822247678996064,0.6305432915687561,0.00012735276322928257,0.0015135880530579016,0.003169519593939185,0.27871916533331387,1.491245791385154e-05,2,BKL
IL_8876337,1,BCC,BCC,0.04828421406637062,0.6590411961078644,0.2032777476706542,0.003982272115536034,0.024512463256542105,0.009222402877639979,0.049328554392559454,0.0023511565013905056,1,BCC
IL_8876914,1,BCC,BCC,0.00013527585224437644,0.5033020861446857,0.008003239432582632,0.002371961948256285,0.0007431581252603792,0.4854064420214854,3.177195321768522e-05,6.13635262425305e-06,1,BCC
IL_8877629,2,BKL,BKL,0.00024940359480751795,0.0003147122996196572,0.4389667076175101,4.708177300472016e-06,0.49253617441445385,0.06792307924479246,4.898101792605303e-06,2.851409988124942e-07,4,MEL
IL_8880456,5,NV,NV,0.00021973494403937366,0.0032038772870635057,0.4968826603144407,0.0013485855855037698,0.00038504800613736734,0.01721473317593336,0.480734085715806,1.1254202741062258e-05,2,BKL
IL_8885600,1,BCC,BCC,0.025140884914435446,0.4769267257361207,0.21738955303771945,0.0022073543391392114,0.13593227038333566,0.1373299557028531,0.00444773671256371,0.0006255482384820432,1,BCC
IL_8887845,5,NV,NV,0.0034465367211851117,0.01574316271216958,0.03404564596712589,5.2958353876420006e-05,0.005165250826394185,0.9410320520401001,3.404881363167078e-05,0.0004803730498679215,5,NV
IL_8890308,6,SCC,SCCKA,0.7354224771261215,0.003110262770405825,0.035823421203531325,5.350155447558791e-05,0.001461884189666307,0.00046878553985152394,0.22365368441205646,6.006984335726884e-06,0,AK
IL_8890453,5,NV,NV,0.0002561711720545645,1.2684866476320167e-05,0.003044300901819952,3.246461528760847e-05,0.09733447059988976,0.8989920318126678,1.7708747009237413e-05,0.00031016301682029734,5,NV
IL_8891423,5,NV,NV,0.003433334131841548,0.03559816721826792,0.05706140864640474,0.001507369386672508,0.0396903293003561,0.8608561456203461,0.00041901221266016364,0.0014341877540573478,5,NV
IL_8892581,6,SCC,SCCKA,0.03337917066528462,0.11431572819128633,0.43010976165533066,0.0037213025761957397,0.30305853206664324,0.008986234781332314,0.10047954320907593,0.005949676808086224,2,BKL
IL_8893510,0,AK,AKIEC,0.4979146845435025,0.033534622084090415,0.25708517571911216,2.876659334405396e-06,0.00035551362088881433,0.21109948773664655,6.1319944393289916e-06,1.4787724340603603e-06,0,AK
IL_8893522,5,NV,NV,1.2060941662284108e-05,6.886128403493785e-06,0.000448059323389316,2.634512657095911e-05,0.007837932153051952,0.991655021905899,2.052940260455216e-06,1.1637817735277167e-05,5,NV
IL_8894950,1,BCC,BCC,0.0005714364378945902,0.44889620662434027,0.4890950773842633,0.019086894858375558,0.0027724225819838466,0.038890316151082516,1.0120914112121682e-05,0.000677541850171437,2,BKL
IL_8903764,0,AK,AKIEC,0.15592828777153045,0.0001231940373145335,0.0074621273670345545,0.00012064010661561042,0.6081624627113342,0.22578094922937453,0.0021924502216279507,0.00022985732539382298,4,MEL
IL_8904932,5,NV,NV,2.4539440053317207e-05,0.00019072871782555012,0.0006523637507598323,7.825269790373568e-06,0.009394919878104702,0.9896833896636963,1.539674461026319e-05,3.079596967836551e-05,5,NV
IL_8908533,1,BCC,BCC,0.03208779590204358,0.47288608737289906,0.450334083288908,0.0018584587173791078,0.005394628380599897,0.018051855731755495,0.017771062266547233,0.0016160643608600367,1,BCC
IL_8908582,1,BCC,BCC,0.06767642125487328,0.021294455975294113,0.09182054200209677,0.01922390248364536,0.08784350706264377,0.120450395392254,0.5014102086424828,0.09028056770330295,6,SCC
IL_8914005,1,BCC,BCC,0.08536554663442075,0.1055935270851478,0.7906262278556824,0.0001188242104035453,0.0006316366561804898,0.01658875250723213,0.0008524304284946993,0.0002230925429103081,2,BKL
IL_8918294,1,BCC,BCC,0.09143376303836703,0.13786565186455846,0.04609743971377611,0.00019328340567881241,0.024398452835157514,0.33944090857403353,0.3603792577632703,0.00019125576545775402,6,SCC
IL_8918323,2,BKL,BKL,0.21630919491872191,0.03767073433846235,0.14890384674072266,0.005117187974974513,0.06012569414451718,0.44238683581352234,0.049277961370535195,0.04020852595567703,5,NV
IL_8922194,1,BCC,BCC,3.749619770587742e-05,0.5086663858965039,0.0024110849481076,0.0045635231587652925,0.0013761659647570923,0.4828070839866996,8.741481724428013e-05,5.0898089256179446e-05,1,BCC
IL_8925719,1,BCC,BCC,0.10479006171226501,0.1831996194086969,0.33736751973629,0.0009056120979948901,0.03829676005989313,0.33083371771499515,0.0010402174375485629,0.0035665170216816477,2,BKL
IL_8927794,1,BCC,BCC,0.01528806472197175,0.25352583825588226,0.05384813388809562,0.02323957486078143,0.1326450000051409,0.1462240181863308,0.3747491566464305,0.0004802079638466239,6,SCC
IL_8931844,5,NV,NV,0.00010617261432344094,0.0003023465433216188,0.0024903975427150726,0.0034840786684071645,0.020648797508329153,0.9586226046085358,0.00032867185791474185,0.01401689718477428,5,NV
IL_8932098,1,BCC,BCC,0.021998369330049172,0.02219665260054171,0.07188706475426443,0.05629687028704211,0.08455116357981751,0.12987121657351963,0.49934398097684607,0.1138546792846995,6,SCC
IL_8933396,3,DF,DF,2.4180044050581273e-05,0.0002686266486762179,2.0527701849459845e-06,0.9924075901508331,0.0003545062354533002,0.00685288361273706,6.741097567442011e-05,2.270151662742137e-05,3,DF
IL_8937379,2,BKL,BKL,0.0008292450802400708,0.009501049877144396,0.8487484157085419,6.433868929889286e-05,0.0012281469535082579,0.10360603407025337,0.0355824020516593,0.0004403464190545492,2,BKL
IL_8939898,6,SCC,SCCKA,0.19218033738434315,0.1612314076628536,0.04052638499706518,0.0028906244042445906,0.03328651061747223,0.08425222142250277,0.4848634088411927,0.0007690783841098892,6,SCC
IL_8944802,1,BCC,BCC,0.007406555210764054,0.495220810174942,0.4794052751385607,9.036570190801285e-05,0.0017989129410125315,0.012700171209871769,0.0027848596655530855,0.0005930458701186581,1,BCC
IL_8950937,5,NV,NV,1.0416188176876062e-05,1.8188685189102216e-06,0.003065316370339133,5.052389496995602e-05,0.0011858779635076644,0.9955821931362152,3.52496692812565e-06,0.0001003008513862369,5,NV
IL_8951938,1,BCC,BCC,0.058106804266572,0.26333156412511016,0.5507458448410034,0.0015067704080138355,0.0015203695656964555,0.005788909096736461,0.11898150760680437,1.82545481948182e-05,2,BKL
IL_8954957,1,BCC,BCC,0.001743178814649582,0.509464175440371,0.02969234278498334,0.0008909772122933646,0.12970362888881937,0.31190070818956883,0.01656332000857219,4.15859597637791e-05,1,BCC
IL_8955960,1,BCC,BCC,0.007426714440953219,0.49697499519970734,0.07393986041643075,0.004370976268546656,0.1254316096456023,0.2874607166959322,0.004195827408693731,0.00019931058687916448,1,BCC
IL_8957515,6,SCC,SCCKA,0.12038709946500603,0.4058230146765709,0.41876204451546073,0.0006855032115709037,0.0018608590180519968,0.0103751519927755,0.04162434922182001,0.0004820301110157743,2,BKL
IL_8962270,5,NV,NV,2.09220904689722e-05,1.8251951483805318e-06,0.1965460637002252,5.211948439676206e-05,0.587230458855629,0.21601066103903577,8.808116640585117e-06,0.0001291704446992753,4,MEL
IL_8970458,4,MEL,MEL,4.404244646138977e-05,0.005841583006258588,0.06689486565301195,0.00034773819788824767,0.2552859070710838,0.671121671795845,0.00012160720871179365,0.0003425701506785117,5,NV
IL_8973483,6,SCC,SCCKA,0.4895034374203533,0.0011534577060956508,0.002333543721761089,2.1322384668565064e-05,0.0014970150077715516,0.007070895796914556,0.49840701383072883,1.3341889250284567e-05,6,SCC
IL_8976985,1,BCC,BCC,0.0010567769502358715,0.0015486680204048753,0.48605813551694155,5.7513976855716464e-05,0.497524730686564,0.0067814636167895515,0.006956204009156863,1.6482127421113546e-05,4,MEL
IL_8978471,1,BCC,BCC,0.05805663073260803,0.916095107793808,0.017653388436883688,1.905112753775029e-06,2.940280865004752e-05,0.008132553892210126,2.2217039713723352e-05,8.795006721129539e-06,1,BCC
IL_8980429,1,BCC,BCC,0.5712515711784363,0.161338715814054,0.10477744229137897,0.004037083522234752,0.036709607593365945,0.04765941482037306,0.03112309315110906,0.043103027157485485,0,AK
IL_8983305,1,BCC,BCC,0.006030210730386898,0.4995184204017278,0.009919324734710244,0.0014907693958576829,0.19641315828721417,0.2843131626286777,0.0012240514915902168,0.0010908795891211298,1,BCC
IL_8984570,4,MEL,MEL,0.0004070362192578614,5.092589708510786e-05,0.15793103212490678,0.00047806220482016215,0.6214978694915771,0.21902390755712986,0.0001797002914827317,0.0004314726320444606,4,MEL
IL_8987309,0,AK,AKIEC,0.49770470234943787,0.0002054799322195322,0.4860154399939347,3.3119815725513035e-06,0.0006685805295774117,0.014379641567757062,0.0010220672450031998,8.02836565227949e-07,0,AK
IL_8988340,0,AK,AKIEC,0.013197626220062375,0.34423694014549255,0.387167751789093,0.0036658529425039887,0.05216778442263603,0.07700229063630104,0.09357468201778829,0.028987049649003893,2,BKL
IL_8991149,1,BCC,BCC,0.06970621831715107,0.3369293035939336,0.14326881244778633,0.0021667975015589036,0.14569867867976427,0.02567408001050353,0.2756443414837122,0.0009117468580370769,1,BCC
IL_8991771,6,SCC,SCCKA,0.00019013057681149803,0.07982123270630836,0.26233373302966356,0.002383025537710637,0.02759215445985319,0.1375817459775135,0.4893742469139397,0.0007237099496251176,6,SCC
IL_8993407,1,BCC,BCC,0.015312653500586748,0.026317517273128033,0.15923350444063544,0.00215823848702712,0.05677093553094892,0.2707148608751595,0.4686881839297712,0.0008041188593779225,6,SCC
IL_8994019,5,NV,NV,0.006656226228301421,0.00019751047454974469,0.00039913557807835787,0.0021674091998704625,0.002600518855615519,0.9866184890270233,0.0006275221035245693,0.0007332115403642092,5,NV
IL_8994291,1,BCC,BCC,0.00029419622296700254,0.4953399747610092,0.012203588848933578,0.003111873167313206,0.031721831291179114,0.45722340945212636,0.00010053962432721164,4.635086753523865e-06,1,BCC
IL_8998802,0,AK,AKIEC,0.33884039015174494,0.00018894706840910658,0.6563247591257095,3.4920536116089806e-06,0.0013715459771077576,0.0020660404697991908,0.0012025159372655025,2.262825178345196e-06,2,BKL
IL_9003508,4,MEL,MEL,0.0010889320183196105,0.030376303009688854,0.5633839815855026,0.0016215771320275962,0.16102653369307518,0.23296145349740982,0.00812913419213146,0.0014120839769020677,2,BKL
IL_9005268,1,BCC,BCC,0.004050441202707589,0.9425522983074188,0.005197422695346177,4.325293588181012e-06,0.04342945415282884,5.5107532716647256e-05,0.004693760900408961,1.71873373346898e-05,1,BCC
IL_9007318,6,SCC,SCCKA,0.4744951017200947,0.00023763666831655428,0.02647605212405324,0.0027021865535061806,0.00035532470792531967,0.0035410928539931774,0.4920992963016033,9.330889884040516e-05,6,SCC
IL_9010382,2,BKL,BKL,0.0007410249953636594,1.7075780647246575e-05,0.5513383522629738,6.007614183545229e-05,0.3808955573476851,0.06693447567522526,9.69381562754279e-06,3.6995130017203337e-06,2,BKL
IL_9013007,1,BCC,BCC,0.4715104987844825,0.5194942634552717,0.0010311224796168972,0.0017580572966835462,0.0013088573286950123,0.0005491230840561911,0.004274944658391178,7.310987029995886e-05,1,BCC
IL_9013946,4,MEL,MEL,2.8667497886658566e-06,0.00047030084601829003,0.00032614591691526584,6.136872457318532e-06,0.8071198761463165,0.19188363756984472,1.4738622553522873e-05,0.00017629380272410344,4,MEL
IL_9017752,4,MEL,MEL,2.1561280902915314e-06,1.2557756690512178e-05,0.023754380997161206,0.00022607775463256985,0.0059481470816535875,0.9696443974971771,5.604783154922188e-06,0.00040666572203917895,5,NV
IL_9018029,0,AK,AKIEC,0.18237585143651813,0.28101651556789875,0.19315384700894356,0.0010565034463070333,0.005096377368317917,0.04549528285861015,0.2914372496306896,0.0003683768882183358,6,SCC
IL_9021517,4,MEL,MEL,0.000680434091520965,0.0002185324701713398,0.3647610265761614,0.00024644745644764043,0.03298951202305034,0.5993640571832657,0.0015417790314131707,0.000198166726022464,5,NV
IL_9024292,4,MEL,MEL,1.531940563381795e-05,1.8195456505054608e-05,0.7570088803768158,1.28047977341339e-05,0.02789014868903905,0.21502527967095375,6.766811338820844e-06,2.2574268541575293e-05,2,BKL
IL_9025368,0,AK,AKIEC,0.19928347918903455,0.009948292496119393,0.34221555665135384,0.0030764956745770178,0.21249954659651848,0.049319688965624664,0.18228340381756425,0.0013735632773119733,2,BKL
IL_9026324,2,BKL,BKL,2.5723615436845648e-05,7.363088627698744e-07,0.9857016205787659,4.631119168152509e-07,0.0008658434962853789,0.013373682042583823,3.1792834718658014e-05,1.0772793856972385e-07,2,BKL
IL_9027780,0,AK,AKIEC,0.016922570765018463,0.4361535422503948,0.4740372598171234,0.0012778923119185492,0.0037437278078868985,0.012721401872113347,0.051768058561719954,0.003375569387571886,2,BKL
IL_9029664,4,MEL,MEL,0.00015714156444346372,0.0013261328858789057,0.531084805727005,5.757608960266225e-05,0.03182816458866,0.4353625923395157,4.207466965056028e-05,0.000141449711804853,2,BKL
IL_9031003,1,BCC,BCC,0.0001596748043084517,0.002635836659464985,0.4996272651478648,0.00045720531488768756,0.0007647800739505328,0.496075211558491,0.00023111887276172638,4.894075755146332e-05,2,BKL
IL_9032748,0,AK,AKIEC,0.03946223958701012,0.23227180368849076,0.20394711080007255,0.0003515185585456493,0.001105079920762364,0.008571305430450593,0.5138622503727674,0.0004286071203978281,6,SCC
IL_9035179,0,AK,AKIEC,0.03376509062945843,0.10255273891380057,0.3843349665403366,0.004519206442637369,0.06031326926313341,0.3206351473927498,0.09305696049705148,0.0008226375430240296,2,BKL
IL_9035810,6,SCC,SCCKA,0.07175194984301925,0.4867558842524886,0.2692805379629135,0.0007908129773568362,0.038832979393191636,0.1305310589959845,0.0017759285983629525,0.0002808465069392696,1,BCC
IL_9036149,5,NV,NV,7.613787857962961e-07,9.756334065968986e-06,0.008069523726589978,7.155591561058827e-05,0.08366262470372021,0.9081686437129974,2.2364797018781246e-06,1.4879781929266755e-05,5,NV
IL_9038692,6,SCC,SCCKA,0.23710055276751518,0.4974906090646982,0.23006872937548906,0.0009637392826844504,0.007126074975531083,0.02578505896963179,0.0007295326561291837,0.0007357118039146293,1,BCC
IL_9041590,1,BCC,BCC,0.043685198354069144,0.40687982453528093,0.33557876013219357,0.0009351610897283535,0.018916218541562557,0.19142927788197994,0.0022881454842718085,0.0002874142628570553,1,BCC
IL_9052165,1,BCC,BCC,0.004001639550551772,0.009379535913467407,0.09707792790140957,0.00706691131927073,0.05290566571056843,0.8179431557655334,0.01087615668802755,0.0007489869894925505,5,NV
IL_9057925,5,NV,NV,7.440263289026916e-05,5.67307592831412e-05,0.0995521657387144,0.00028503443172667176,0.29053176613524556,0.60878586769104,4.9431399020249955e-05,0.0006645746834692545,5,NV
IL_9059255,6,SCC,SCCKA,0.6625947505235672,0.011104949982836843,0.2224666396982684,0.009091105696519719,0.0069163817024673335,0.025748241794644855,0.0620659834739854,1.1984496630645936e-05,0,AK
IL_9063052,1,BCC,BCC,0.07312328182160854,0.468053974211216,0.027481617406010628,0.001785537344403565,0.053303820081055164,0.011821235064417124,0.3608100051060319,0.0036205133656039834,1,BCC
IL_9064391,1,BCC,BCC,0.03464213805273175,0.24676873511634767,0.028190889861434698,0.0007031835921225138,0.18654652521945536,0.28379729667358333,0.21867752249818295,0.0006737340881954879,5,NV
IL_9064607,2,BKL,BKL,0.19036337919533253,0.17157748187310062,0.4307960569858551,0.0018574238056316972,0.0036478650290519,0.013461169146467,0.18529761477839202,0.0029989643498993246,2,BKL
IL_9066229,6,SCC,SCCKA,0.008809666032902896,0.43781725876033306,0.4154476970434189,0.0012082368266419508,0.008559551788493991,0.003758010803721845,0.12174267135560513,0.002656950178788975,1,BCC
IL_9067051,1,BCC,BCC,0.093179726114613,0.510290470905602,0.13927843599230982,0.01670040394105854,0.08778329347842373,0.09758128656540066,0.03626784970401786,0.0189185255612756,1,BCC
IL_9067447,0,AK,AKIEC,0.02932971529662609,0.31725796894170344,0.3436468690633774,0.0039347478887066245,0.03202835423871875,0.06067514233291149,0.21246687695384026,0.0006603620859095827,2,BKL
IL_9070034,2,BKL,BKL,0.08926686202175915,0.0019170314481016248,0.0890251590317348,0.00016582049283897504,0.3125048835827329,0.008104651778467087,0.4989561035326915,5.9506199932002346e-05,6,SCC
IL_9070099,6,SCC,SCCKA,0.2729368721047649,0.0073197401070501655,0.5516544133424759,0.0005446349750855006,0.014182998274918646,0.0045367343263933435,0.14875808358192444,6.658483880528365e-05,2,BKL
IL_9072038,1,BCC,BCC,0.0017700276803225279,0.9228368103504181,0.0030750873556826264,0.0010711589129641652,0.003186071407981217,0.0013248949544504285,0.06659390404820442,0.00014210219524102286,1,BCC
IL_9075898,6,SCC,SCCKA,0.00042845999996643513,0.3638815013691783,0.08026035979855806,0.0008855065825628117,0.003580777964089066,0.00454708248435054,0.5464148856699467,1.3747866773883288e-06,6,SCC
IL_9077071,1,BCC,BCC,0.39572943212260725,0.5513292551040649,0.003918524016626179,4.357644138508476e-05,0.0034580016435938887,0.04170255165081471,0.0038041796797188,1.441623362552491e-05,1,BCC
IL_9083220,1,BCC,BCC,0.029295640455529792,0.1160469502210617,0.3041830435395241,0.0012342877835180843,0.3753037378191948,0.1622045412659645,0.011345198610797524,0.0003865929093080922,4,MEL
IL_9084119,5,NV,NV,9.788383886188967e-05,0.06892706475082377,0.09219621447846293,0.0023232560488395393,0.04464160092175007,0.6740564256906509,0.0002496119823263143,0.11750792308157543,5,NV
IL_9086799,6,SCC,SCCKA,0.2418356016278267,0.009146294789388776,0.07448141509667039,0.001857686263974756,0.0321383154951036,0.03823433071374893,0.6017605364322662,0.0005458259402075782,6,SCC
IL_9086913,6,SCC,SCCKA,0.09458343964070082,0.37852038303390145,0.06397495651617646,0.00017713741544866934,0.12138435244560242,0.005723055452108383,0.33448584540747106,0.0011508542083902285,1,BCC
IL_9087461,6,SCC,SCCKA,0.0009739759552758187,0.5163914561271667,0.0010396979050710797,0.33218335546553135,0.0013411739200819284,0.04102456755936146,0.10668061706746812,0.00036518459387480107,1,BCC
IL_9088569,6,SCC,SCCKA,0.06315806997008622,0.002653206705872435,0.007902244621618593,0.270851945116533,0.003640981310695679,0.009168299916950673,0.6370363086462021,0.0055889706494838265,6,SCC
IL_9091693,1,BCC,BCC,0.0031468317174585536,0.49945140891941264,0.3589639612182509,0.003496034716590657,0.09286535115825245,0.039494373195338994,0.0016173925905604847,0.0009645911650295602,1,BCC
IL_9092829,1,BCC,BCC,0.002504139207303524,0.3212776407599449,0.04244040511548519,0.03178796634892933,0.03281939553562552,0.37245349027216434,0.19661076739430428,0.0001061744942489895,5,NV
IL_9094394,1,BCC,BCC,0.09339445160003379,0.6517519056797028,0.13333300256635994,0.004940873011946678,0.0017639047582633793,0.06893692445009947,0.04571876746194903,0.00016014901484595612,1,BCC
IL_9095433,1,BCC,BCC,0.15780771980644204,0.3376407709438354,0.22456831380259246,0.00018389134493190795,0.2758992062881589,0.001833896094467491,0.0016897520690690726,0.00037641834205714986,1,BCC
IL_9099614,1,BCC,BCC,0.1685858049459057,0.794243186712265,0.008424621191807091,6.543998097185977e-05,0.000999767187749967,0.001676693995250389,0.02594240242615342,6.207328374330245e-05,1,BCC
IL_9101590,1,BCC,BCC,0.0004634033321053721,0.13771644863300025,0.49056477029807866,0.0009030649962369353,0.0006864752940600738,0.01016339659690857,0.3594099023612216,9.245786804967793e-05,2,BKL
IL_9101838,1,BCC,BCC,0.003763320807593118,0.6911582797765732,0.00039681948328507133,7.261325396257234e-05,0.0005114402297294873,0.30386118683964014,0.00013166662756702863,0.00010474436385266017,1,BCC
IL_9102116,5,NV,NV,3.709645674376816e-05,2.9404831138890586e-06,0.15212366009836842,2.5931400841727736e-05,0.01811201375676319,0.8296387493610382,4.2014938799184165e-06,5.544626776554651e-05,5,NV
IL_9104485,2,BKL,BKL,0.028919835574924946,0.000277537938018213,0.4136998708709143,0.0016199295423575677,0.012772596528520808,0.05537920824644971,0.48726640501990914,6.464566502017988e-05,6,SCC
IL_9106162,1,BCC,BCC,0.002641014812979847,0.012271956307813525,0.22771092504262924,0.15760186361148953,0.26899905502796173,0.2923754155635834,0.03648408059962094,0.001915661501698196,5,NV
IL_9106447,2,BKL,BKL,0.6007265895605087,0.020666855736635625,0.0845325980335474,0.0048440621758345515,0.0021545041381614283,0.2790402062237263,0.007845435407944024,0.00018972270481754094,0,AK
IL_9109267,5,NV,NV,0.00011394551620469429,0.00127466295089107,0.1320564905181527,5.467993651109282e-05,0.000828306277981028,0.865085244178772,5.376230001274962e-05,0.0005329308805812616,5,NV
IL_9113822,1,BCC,BCC,0.015240177977830172,0.535268060863018,0.021824208088219166,0.0003730404168891255,0.023745260084979236,0.3484805515035987,0.049672221997752786,0.005396451037086081,1,BCC
IL_9119843,6,SCC,SCCKA,0.5013082327786833,2.234428325209592e-05,4.620663912646705e-05,2.528523936007332e-06,0.0758812099811621,0.00018366541917202994,0.42255491338437423,9.470290365243272e-07,0,AK
IL_9120764,1,BCC,BCC,0.0023992929709493183,0.6831446588039398,0.02523798868060112,0.0003920174694940215,0.00040982743666972965,0.25735572614939883,0.03103983674373012,2.0592279724951368e-05,1,BCC
IL_9122534,1,BCC,BCC,0.1140804111782927,0.5775166302919388,0.10682511888444424,0.011503156565595418,0.03725422697607428,0.007902104640379548,0.14184321463108063,0.003075176922720857,1,BCC
IL_9124015,1,BCC,BCC,0.0005464152454806026,0.9686810076236725,0.02938687224741443,5.060367982423486e-06,5.782047264801804e-05,0.0010534345638006926,0.0002583381501608528,1.0987275572915678e-05,1,BCC
IL_9124411,2,BKL,BKL,3.327166021449557e-05,7.299128401427879e-05,0.958563894033432,0.00020582777288957743,0.0036017900274600834,0.03734442049608333,0.00015184934528988947,2.601419014069961e-05,2,BKL
IL_9125215,1,BCC,BCC,0.012294565662159584,0.3587864088767674,0.06705798581242561,0.007985185598954558,0.23827742226421833,0.3003459870815277,0.014557123184204102,0.0006953185074962676,1,BCC
IL_9126795,1,BCC,BCC,0.04407420605275547,0.04356557875871658,0.5202568471431732,0.0007343303805100732,0.0018327889702050015,0.3719371338374913,0.017533134669065475,6.598818345082691e-05,2,BKL
IL_9127211,1,BCC,BCC,0.0002087922657665331,0.5491377860307693,0.05444891389925033,0.006664663320407271,0.0018570644169813022,0.38303439412266016,0.0045003973064012825,0.00014795804327150108,1,BCC
IL_9130306,5,NV,NV,0.00043454597744130297,1.184828619216205e-06,0.09385802038013935,6.033627869328484e-05,0.37747660907916725,0.5274798646569252,1.4997729294918827e-05,0.0006744190468452871,5,NV
IL_9130724,4,MEL,MEL,0.0002902516807807842,0.00014991212265158538,0.48548165429383516,0.00017049341113306582,0.48114349972456694,0.0326430662535131,2.9829147024429403e-05,9.121479615714634e-05,2,BKL
IL_9130901,1,BCC,BCC,0.2773689879104495,0.1747320308641065,0.1246340274810791,0.011675371846649796,0.003810494323261082,0.23418861394748092,0.17341396771371365,0.00017650669815338915,0,AK
IL_9131328,1,BCC,BCC,0.0648042019456625,0.5052352398633957,0.15246323216706514,0.011693231667038617,0.10122588026752055,0.16030159953515977,0.0036627304507419467,0.0006138514239637516,1,BCC
IL_9136481,1,BCC,BCC,0.0016548072453588247,0.29795474954880774,0.09171772748231888,0.007913311244919896,0.05021627462701872,0.05718827150121797,0.4880139965098351,0.005340856489056023,6,SCC
IL_9142917,1,BCC,BCC,0.03430142253637314,0.4050366282463074,0.2910049483180046,0.09590358228888363,0.02497617667540908,0.029328816570341587,0.11854415945708752,0.0009042459714692086,1,BCC
IL_9143908,1,BCC,BCC,0.06297876933240332,0.5373163372278214,0.0700498903170228,0.006660796649157419,0.0016043934447225183,0.13715441315434873,0.180120111675933,0.004115304909646511,1,BCC
IL_9145163,1,BCC,BCC,0.1528472163299739,0.49060677643865347,0.21845374116674066,0.003472534250249737,0.027084094772362732,0.10171899478882551,0.005033231514971703,0.0007834164334781235,1,BCC
IL_9146194,1,BCC,BCC,0.000800688358140178,0.3975938188377768,0.49639925081282854,2.6970904173140298e-05,0.0004879396401520353,0.09700412722304463,0.007638975512236357,4.828251894650748e-05,2,BKL
IL_9147878,1,BCC,BCC,0.004349342634668574,0.029504654929041862,0.3119770810008049,0.03704989142715931,0.012863918906077743,0.18895148928277194,0.413359671481885,0.0019439573079580441,6,SCC
IL_9149489,5,NV,NV,0.00015654274648113642,0.3838951587677002,0.009325427148723975,5.818526864231899e-05,0.00041956405038945377,0.6061160564422607,5.2807290131795526e-06,2.378049475737498e-05,5,NV
IL_9150101,1,BCC,BCC,0.02517290157265961,0.005479454179294407,0.7275588512420654,0.0023291985417017713,0.06647296401206404,0.17160114052239805,0.0011068428575526923,0.00027866908931173384,2,BKL
IL_9150280,7,VASC,VASC,0.0007421274785883725,0.002660740734427236,0.00024619927808089415,0.003937662433600053,0.020479815953876823,0.05251329380553216,2.0056794710399117e-05,0.9194000065326691,7,VASC
IL_9150805,0,AK,AKIEC,0.3847836623026524,0.0010516637830733089,0.4902968965470791,9.96787548501743e-07,0.08150742122234078,0.04221649712417275,0.00014174346631534718,1.0930664871011686e-06,2,BKL
IL_9152183,1,BCC,BCC,0.0008133813819313218,0.10366754233837128,0.5350363329052925,0.0007444184855462943,0.17083444950549165,0.18255286917701596,0.006279721314058406,7.127986772284545e-05,2,BKL
IL_9156080,1,BCC,BCC,0.18410153588774847,0.533549752086401,0.019018219609279186,0.042193951085209846,0.03538390944595449,0.02950179943582043,0.1560188140720129,0.0002320591643183434,1,BCC
IL_9157359,6,SCC,SCCKA,0.004903717606794089,0.5731392502784729,0.15168191120028496,0.23307074303738773,0.005696634121704847,0.026547755114734173,0.00385415498749353,0.001105873172491556,1,BCC
IL_9157797,5,NV,NV,0.05595517344772816,0.35701929251808906,0.19027097895741463,0.0011838861100841314,0.004119737073779106,0.38695739954710007,0.004052306627272628,0.0004411699701449834,5,NV
IL_9158276,1,BCC,BCC,0.407677561044693,0.42090754210948944,0.06876754015684128,0.0040190866275224835,0.009810007628402673,0.04785332968458533,0.036065567284822464,0.00489935849327594,1,BCC
IL_9158531,5,NV,NV,1.1332115946061094e-05,7.894297351640489e-05,0.0002909552422352135,0.0018530904062572517,0.05979611910879612,0.9377831816673279,1.1710216313076671e-05,0.00017470760576543398,5,NV
IL_9162610,6,SCC,SCCKA,0.319675383518188,0.10783368524789694,0.5309489779174328,0.0005811454175272956,0.0009301794489147142,0.03141866438090801,0.008142827748088166,0.0004691172566708701,2,BKL
IL_9166161,5,NV,NV,0.0001261797187908087,0.01738402683986351,0.014665949158370495,0.0002948546352854464,0.023539982779766433,0.9329703748226166,0.004290434917493258,0.006728243901306996,5,NV
IL_9166527,1,BCC,BCC,0.04227941855788231,0.6598960012197495,0.06342603199300356,0.0012033332721159695,0.20095808971382212,0.022313446272164583,0.0012685512847383507,0.008655141394228849,1,BCC
IL_9167025,1,BCC,BCC,0.09929925325559452,0.7223014533519745,0.11886875238269567,0.0008142602036969038,0.013174664898542687,0.010951591655611992,0.03411590098403394,0.00047411285049747676,1,BCC
IL_9167075,1,BCC,BCC,0.002154421283648844,0.020745139569044113,0.4845633478835225,0.00010836091314558871,0.0007848271361581283,0.0013435737309919205,0.4902938523737248,6.3914465044945246e-06,6,SCC
IL_9167718,1,BCC,BCC,0.0008875021630956326,0.4946139403327834,0.4758582567446865,0.00010683312575565651,0.002319975319551304,0.025210336782038212,0.0009401306015206501,6.305042552412488e-05,1,BCC
IL_9168364,6,SCC,SCCKA,0.0001791351787687745,0.000546328432392329,0.07329611650493462,0.004268300428520888,0.049440912018326344,0.0014318334142444655,0.8708334565162659,3.839805799543683e-06,6,SCC
IL_9171073,1,BCC,BCC,0.004622912259947043,0.4990621474571526,0.14541433267959292,0.0008230565581470728,0.2853996200719848,0.06213480795850046,0.0022033650311641395,0.000339811932349221,1,BCC
IL_9173239,1,BCC,BCC,0.00037611377683788305,0.1366797536611557,0.06978328188415617,0.03090366106334841,0.012935458333231509,0.7418460845947266,0.006957738471101038,0.0005179104991839267,5,NV
IL_9173333,1,BCC,BCC,0.001328501442912966,0.28241365402936935,0.447886124253273,0.0017950491164810956,0.019269311800599098,0.18983371928334236,0.057157029514200985,0.00031662717810831964,2,BKL
IL_9173728,1,BCC,BCC,0.00523537618573755,0.4129955656826496,0.40500542521476746,0.029900037741754204,0.09089644439518452,0.01251856074668467,0.02651025028899312,0.016938321758061647,1,BCC
IL_9179021,1,BCC,BCC,0.00015225682227537618,0.1138995983139921,0.8550346791744232,0.00035050922679147334,0.00048710674309404567,0.021276846760883927,0.008795640118478332,3.422442631517697e-06,2,BKL
IL_9179227,1,BCC,BCC,0.1856756377965212,0.09150814916938543,0.14309684187173843,0.03546491061570123,0.019639691920019686,0.2893731292151642,0.2345542386174202,0.0006873261900182115,5,NV
IL_9180123,5,NV,NV,3.053586715395795e-05,7.416019244033123e-05,0.141465078224428,0.00025814956325120875,0.010888363234698772,0.847219705581665,1.0380322237324435e-05,5.371335646486841e-05,5,NV
IL_9180201,1,BCC,BCC,0.00015449627323960158,0.0452465402049711,0.42929024110571845,7.579888979947214e-05,0.00413224372687182,0.016783912693426828,0.5041530998423696,0.0001637324452303801,6,SCC
IL_9180227,6,SCC,SCCKA,0.004738490388263017,0.4120912551879883,0.042167834006249905,0.008458595664706081,0.009083795361220837,0.002676003845408559,0.5205755233764648,0.00020850244982284494,6,SCC
IL_9184351,5,NV,NV,7.214596791982331e-06,0.00090069455463615,0.1748662252102804,0.00011746801328627043,0.009386188117787242,0.8144503831863403,6.299388182640087e-05,0.00020882984517811565,5,NV
IL_9186164,5,NV,NV,3.1533200783862014e-07,7.576834013889311e-05,0.0029089387185194937,4.413422097115927e-06,0.01313467335421592,0.9838640093803406,1.915214911996088e-06,9.983811313674096e-06,5,NV
IL_9190120,1,BCC,BCC,0.0030837839731248096,0.5753164067864418,0.09270367100543808,0.001167497113783611,0.0004184285644441843,0.3269977276795544,0.00012245563993928954,0.00018998611903953133,1,BCC
IL_9191697,4,MEL,MEL,0.11638891592156142,0.011771517572924495,0.7873868346214294,0.0016021695046219975,0.03332247801881749,0.017559257335960865,0.0011107753671240062,0.030857966994517483,2,BKL
IL_9192355,0,AK,AKIEC,0.007609878545501658,0.062351623988206484,0.8433854281902313,8.46029945504867e-05,0.037457308248718846,0.04739904600864975,0.0009028289350681007,0.0008092815332555459,2,BKL
IL_9193873,1,BCC,BCC,0.0004561910777738376,0.4469866119325161,0.4838137701153755,0.0006293987322578687,0.053171878134889994,0.004179780196864158,0.008965857853581838,0.0017964446717613214,2,BKL
IL_9194841,1,BCC,BCC,0.0466623849933967,0.026640748255886137,0.023243283765623346,0.5094915349036455,0.059281263245793525,0.3232152725686319,0.005415319465100765,0.006050195966963656,3,DF
IL_9195034,1,BCC,BCC,0.00020236919954186305,0.3436419852077961,0.382194890815299,0.02615931537002325,0.009094610926695168,0.1670123366639018,0.07163796800887212,5.6475835663150065e-05,2,BKL
IL_9195436,1,BCC,BCC,0.008845751406624913,0.453550323843956,0.0005805604450870305,1.3895067695557373e-05,0.0007599085802212358,0.00028939581170561723,0.5357843488454819,0.0001758174112183042,6,SCC
IL_9199460,5,NV,NV,9.199489672084837e-05,0.00015632430481105075,0.00019952665388700552,8.577114428476307e-06,0.004061781684868038,0.9953385591506958,8.768827233218701e-05,5.55501360395283e-05,5,NV
IL_9202251,0,AK,AKIEC,0.06070587411522865,0.006422617796488339,0.3842517591547221,0.0007572637223347556,0.11631052568554878,0.021277067891787738,0.4100348111242056,0.00024013215079321526,6,SCC
IL_9202762,1,BCC,BCC,0.01902436651289463,0.16220598109066486,0.37368101719766855,0.0022083535441197455,0.00480356632033363,0.10180690066772513,0.33513559913262725,0.0011342071084072813,2,BKL
IL_9205436,7,VASC,VASC,0.001618814596440643,0.007807089015841484,0.18385977915022522,0.03152219392359257,0.007756201550364494,0.28401161765214056,0.00130240258295089,0.48212190088815987,7,VASC
IL_9207228,1,BCC,BCC,0.0005751545213570353,0.2917592450976372,0.5391801595687866,0.00017273317826038692,0.009097658301470801,0.15868270432110876,0.0005046872392995283,2.7574782507144846e-05,2,BKL
IL_9208680,1,BCC,BCC,0.0003577894458430819,0.9237905740737915,0.013810128904879093,0.01873425059602596,0.0013367202409426682,0.010981551982695237,0.030801624554442242,0.00018738971215270794,1,BCC
IL_9209825,6,SCC,SCCKA,0.0037723325949627906,0.30131991527741775,0.014207576401531696,0.06998862107229797,0.0012453939853003249,0.0021806300719617866,0.6067011952400208,0.0005843628525497024,6,SCC
IL_9209914,5,NV,NV,0.00015447501209564507,0.0015826528833713382,0.006833925224782433,0.0006889924297865946,0.001099154120311141,0.989311933517456,4.1966884055000264e-05,0.00028690184262814,5,NV
IL_9210134,2,BKL,BKL,0.08625662978738546,0.20330584433395416,0.47489921748638153,0.0033797932555899024,0.07059855575789697,0.14863215759396553,0.011757194879464805,0.001170636125607416,2,BKL
IL_9211790,1,BCC,BCC,0.005326080281520262,0.47934361547231674,0.06734175211749971,0.014088667929172516,0.30255318607669324,0.1210342044942081,0.010076629230752587,0.00023591057833982632,1,BCC
IL_9213417,1,BCC,BCC,0.004292424739105627,0.12998189398786053,0.024304693954036338,9.867572236998967e-05,0.0004296400657040067,0.0017532888095956878,0.839130312204361,9.061651326192077e-06,6,SCC
IL_9216457,1,BCC,BCC,0.009566373559209751,0.51771380007267,0.10616712272167206,0.0009879251608708728,0.0006246672564884648,0.321382449939847,0.04336290458377334,0.00019477103558074305,1,BCC
IL_9217480,0,AK,AKIEC,0.00032005667162593454,0.009588368935510516,0.4098586183972657,0.0001181851330329664,0.003614409390138462,0.08031898903391266,0.4954599315569794,0.000721432659815946,6,SCC
IL_9221055,1,BCC,BCC,0.2869217338738963,0.5030395733192563,0.20904510497348383,4.4901028317667624e-07,0.00030290445670289046,0.0005086398887215182,0.0001815599298424786,1.044368413971597e-07,1,BCC
IL_9221409,1,BCC,BCC,0.00018757373618427664,0.1208969695999258,0.8319720029830933,3.5881738767784555e-05,0.023087781388312578,0.02309170225635171,0.0005478916800711886,0.00018020340576185845,2,BKL
IL_9224528,1,BCC,BCC,0.06565481331199408,0.5258226282894611,0.3627639336627908,0.00020605648887794814,0.0011173415159646538,0.0008967972316895612,0.04339815455023199,0.00014027713405084796,1,BCC
IL_9229110,4,MEL,MEL,0.0001529908458905993,0.0005593695077550365,0.0035721119202207774,0.004414849332533777,0.012392495758831501,0.9599549770355225,1.1364807960489998e-05,0.01894183602416888,5,NV
IL_9230375,1,BCC,BCC,9.962029707821785e-06,0.4997201947844587,0.3211363175214501,0.0030737673397993603,0.021741799089795677,0.15354351047426462,0.00014001390263729263,0.0006344598077703267,1,BCC
IL_9231229,4,MEL,MEL,0.08477868093177676,0.45738255977630615,0.08171346399467438,0.00035385154842515476,0.19073052890598774,0.07078126723354217,0.11397323524579406,0.00028645592101383954,1,BCC
IL_9232367,1,BCC,BCC,0.27539657249872107,0.5232531279325485,0.14294917866936885,0.004497163463383913,0.006616617887630127,0.02523005288094282,0.021342197782360017,0.0007151072059059516,1,BCC
IL_9233957,1,BCC,BCC,0.009323780426889527,0.46752092585666105,0.4983164427103475,1.0415532756269386e-05,0.001684005546849221,0.002072720650176052,0.020804864124784217,0.0002667574661927574,2,BKL
IL_9235680,1,BCC,BCC,0.2786467527039349,0.649282306432724,0.025448032654821873,0.000340711951139383,0.01110673975199461,0.00946955499239266,0.025368123489897698,0.00033780860394472256,1,BCC
IL_9241811,1,BCC,BCC,0.00012289122787478846,0.458527325266914,0.3947840954642743,0.0005777213982582907,0.0020410727593116462,0.14349982514977455,0.0001753671604092233,0.00027175819013791624,1,BCC
IL_9245016,1,BCC,BCC,0.00043996324529871345,0.039458152488805354,0.7509025037288666,0.0018783103557780123,0.00256539633119246,0.20443329215049744,0.0002810307660183753,4.128767432121094e-05,2,BKL
IL_9247349,1,BCC,BCC,0.4882811172933543,0.028898366959765553,0.007467386836651713,9.62888134381501e-06,0.0005339323888620129,0.0025961896899389103,0.47220708064560313,6.303155494435941e-06,0,AK
IL_9249618,5,NV,NV,2.0546820067579574e-07,1.0272634155761295e-05,3.183470744261285e-05,3.0063668106095065e-06,0.0002483802918504807,0.9996909499168396,2.090532888132657e-06,1.3326421864690019e-05,5,NV
IL_9250210,5,NV,NV,1.9716305814654334e-05,0.0016265444646705873,0.0004653635623981245,0.000631338101811707,0.050912223756313324,0.9409495294094086,5.2936531574232504e-05,0.005342345917597413,5,NV
IL_9250980,3,DF,DF,0.03250880213454366,0.3175727855414152,0.004348875547293574,0.1566600986989215,0.007524712709710002,0.28548829769715667,0.1952646467834711,0.0006317894585663453,1,BCC
IL_9251474,5,NV,NV,0.0002569814203070564,0.0005277097225189209,0.011079380521550775,0.00026016559604613576,0.008690173679497093,0.9784164428710938,0.0006517668000469712,0.00011733031533367466,5,NV
IL_9255472,1,BCC,BCC,0.0011751286881462875,0.885579913854599,0.006448159416322596,0.00793796066500363,0.0012175403853689204,0.09740405448246747,6.432134796341415e-05,0.0001729424619867359,1,BCC
IL_9258319,1,BCC,BCC,0.1188674630427613,0.603413499891758,0.01602772971818922,0.0007791078575678512,0.02754268156377293,0.22040381508122664,0.0012441600129022845,0.011721553874053825,1,BCC
IL_9262506,1,BCC,BCC,0.019525528099620715,0.36643853783607483,0.03828841458016541,0.0069792361464351416,0.0028813070384785533,0.35887239524163306,0.20696132630109787,5.320784657669719e-05,1,BCC
IL_9264602,6,SCC,SCCKA,0.004692636783850901,0.004527548389418712,0.1379887287512247,0.050950458719682956,0.003641438041256606,0.05480012120369793,0.7431349605321884,0.00026411009952409525,6,SCC
IL_9265331,2,BKL,BKL,0.0002165922360291006,0.498504453620626,0.15658515959512442,0.0009273637388105271,0.10162988906813553,0.24196376516192686,0.0001365088319289498,3.621942880727147e-05,1,BCC
IL_9266140,2,BKL,BKL,0.04084300622344017,0.026859229430556297,0.3980425187619403,0.0016759584195824573,0.477576307952404,0.025343753397464752,0.02772439457476139,0.00193479610607028,4,MEL
IL_9269726,1,BCC,BCC,0.9878394305706024,5.4357063618226675e-05,0.00013371987097343663,4.712616146207438e-06,0.007119711912309867,0.0021495772650723666,0.002671963490683993,2.6513653807569426e-05,0,AK
IL_9270970,5,NV,NV,2.4893944328141515e-06,4.587948382095419e-06,0.007131103207939304,1.0046187298939913e-05,0.26568747486453503,0.7269335091114044,5.337977029284957e-06,0.00022547108528669924,5,NV
IL_9271885,1,BCC,BCC,0.010070728938444518,0.2394123300909996,0.2786444462835789,0.0008811843072180636,0.0006380043341778219,0.3325980305671692,0.13686943166248966,0.0008858201254042797,5,NV
IL_9275908,1,BCC,BCC,0.04250830679666251,0.35977398650720716,0.012700141640380025,0.026452887803316116,0.01489182689692825,0.5257948338985443,0.016190168680623174,0.0016877967864274979,5,NV
IL_9275941,5,NV,NV,3.353557573859689e-07,4.6835581368753765e-07,0.00022459240261696323,3.043917445211264e-06,0.033664402792055625,0.9660971760749817,5.38983066178389e-07,9.402019699678021e-06,5,NV
IL_9276974,1,BCC,BCC,0.007030570530332625,0.5358307063579559,0.4306401398498565,0.00015257074483088218,0.005236542188868043,0.01630295644281432,0.0047801987966522574,2.6354005058237817e-05,1,BCC
IL_9278038,1,BCC,BCC,0.021021857857704163,0.7489502429962158,0.15470945462584496,0.0381734415423125,0.004787082900293171,0.022194216027855873,0.00883588776923716,0.0013277816178742796,1,BCC
IL_9288651,2,BKL,BKL,0.2992602474987507,0.2278999239206314,0.003947596562284161,0.0003202510706614703,0.0030858227983117104,0.0011070512555306777,0.4643600434064865,1.9072371742367977e-05,6,SCC
IL_9289406,5,NV,NV,4.799368930191728e-07,0.00024006213985572344,0.0022035030073652706,5.162165839855959e-05,0.039579171723744366,0.9577604532241821,1.2125282524699799e-06,0.00016349562770301418,5,NV
IL_9292701,6,SCC,SCCKA,0.32385507093567867,0.021173977198486682,0.10177736995001396,9.06364758179734e-05,0.003884089217535802,0.03691193540407767,0.5122792776674032,2.761136825979449e-05,6,SCC
IL_9294619,0,AK,AKIEC,0.4998948519394162,1.1903764089993274e-06,0.4902918083116674,6.0946329085709294e-06,0.00011453796832938679,0.009688052155581772,2.9479537602128403e-06,5.221024466095514e-07,0,AK
IL_9297501,6,SCC,SCCKA,0.020754620723892003,0.26250191673170775,0.21584685891866684,7.018639735179022e-05,0.4209376946091652,0.006630734074860811,0.07170442212373018,0.001553609996335581,4,MEL
IL_9300408,0,AK,AKIEC,0.00037791516389518165,8.331239519066003e-05,0.9249152839183807,0.0016463838996685354,0.0003806489403359592,0.004276483552530408,0.0683080070430151,1.195630324701824e-05,2,BKL
IL_9300549,4,MEL,MEL,3.025011636736963e-06,0.00023537925400063386,0.0010385628411313519,3.4193186365882866e-05,0.4322185069322586,0.566437654197216,4.4444783497965545e-06,2.8261707484489307e-05,5,NV
IL_9300732,2,BKL,BKL,0.5010419739410281,0.00286083887112909,0.00028946332167834044,8.179723636203562e-06,3.2882438972592354e-05,0.0003431893346714787,0.49541378804133274,9.662908155405603e-06,0,AK
IL_9303237,2,BKL,BKL,0.0014081013505347073,0.21449732221662998,0.4447117894887924,0.0056841628793335985,0.005773183249402791,0.14478654926642776,0.180926863104105,0.0022120090325188357,2,BKL
IL_9307518,4,MEL,MEL,4.067213194502983e-05,0.6189302504062653,0.1396554782986641,0.0006717101564390759,0.09659877978265285,0.142768744379282,0.00020337336900411174,0.0011309865092243854,1,BCC
IL_9308328,5,NV,NV,4.3669514582234115e-07,1.0103613817591395e-05,0.4873894327756716,3.792166090477167e-06,0.02270843487349339,0.48985855281352997,1.6985323384233197e-05,1.2261059453066991e-05,5,NV
IL_9310196,1,BCC,BCC,0.0055683228420093656,0.7936035394668579,0.14977923990227282,0.001223163773829583,0.005610456224530935,0.008776790898991749,0.03514104336500168,0.00029751748661510646,1,BCC
IL_9312646,6,SCC,SCCKA,0.00171483593294397,0.005935832858085632,0.4711054377257824,0.002725468890275806,0.011637303105089813,0.06760181713616475,0.4390549460949842,0.00022434796846937388,2,BKL
IL_9313120,1,BCC,BCC,0.001035357272485271,0.5849201679229736,0.3049962967634201,0.0012703743996098638,0.00970081239938736,0.06496933428570628,0.032095665112137794,0.0010120022925548255,1,BCC
IL_9313247,1,BCC,BCC,9.989100544771645e-05,0.5043874466791749,0.14110962132053828,0.0022457244352648924,0.00819361226876203,0.34330971188506965,0.0006065773303794014,4.740539049612777e-05,1,BCC
IL_9321885,4,MEL,MEL,3.491295149160578e-05,7.581033841574936e-06,0.9158597588539124,7.985680667843553e-07,0.08054125825304936,0.0035545050632208586,8.189602169750287e-07,3.7222419102533877e-07,2,BKL
IL_9322216,6,SCC,SCCKA,0.000509592265586889,0.06950887211132795,0.0057801681105047464,0.012729367559558113,0.03608859418818611,0.002680173027329147,0.871703714132309,0.0009995443819263983,6,SCC
IL_9323193,6,SCC,SCCKA,0.00012403019491102896,0.000780788215706707,0.10767701029544696,4.837647338717943e-05,0.00012990825052838773,4.76729928777786e-05,0.8911917209625244,4.3669247773436837e-07,6,SCC
IL_9324505,5,NV,NV,0.00041884767733790795,0.008380414568819106,0.063165312007186,0.18839394032784407,0.025771930937480647,0.617976076900959,0.09578326421947736,0.00011022594941323405,5,NV
IL_9324964,1,BCC,BCC,0.20688337041065097,0.5235897228121758,0.23139788262778893,4.1853223819998675e-05,0.0054343015235645,0.031710992465377785,0.00021478484268300235,0.0007270528682283839,1,BCC
IL_9325305,1,BCC,BCC,0.03773592818470206,0.0336539673153311,0.8564563989639282,0.015462387513252907,0.002834879152942449,0.012684991350397468,0.013334007089724764,0.027837404479214456,2,BKL
IL_9328701,1,BCC,BCC,0.019881438929587603,0.048870254307985306,0.4796030968427658,0.007882103556767106,0.005587544292211533,0.42928504943847656,0.0018897383124567568,0.007000735262408853,2,BKL
IL_9331050,2,BKL,BKL,0.009393535816343501,0.04978468827903271,0.4317307313904166,0.0015262504166457802,0.00035951350946561433,0.4931955428328365,0.01396466054393386,4.5069607949699275e-05,5,NV
IL_9331537,1,BCC,BCC,0.00016362466203645454,0.49915779201546684,0.4809751429129392,0.00022679803078062832,0.0022964565723668784,0.017095805902499706,7.354779654633603e-05,1.0813954077093513e-05,1,BCC
IL_9333874,1,BCC,BCC,0.5540204532444477,0.012404325767420232,0.3727968806051649,4.468795972201178e-05,0.001753143988935335,0.05890351010748418,5.7504665846863645e-05,1.9493613308441127e-05,0,AK
IL_9336389,5,NV,NV,0.08547934016678482,0.2045048624277115,0.1700473502278328,0.07672766363248229,0.0006444726896006614,0.4504329413175583,0.001435567537555471,0.010727831162512302,5,NV
IL_9341365,6,SCC,SCCKA,0.006495887340861373,0.30236796103417873,0.14495335891842842,0.013192770071327686,0.00664631137624383,0.16552084835711867,0.35585469732177444,0.004968185996403918,6,SCC
IL_9344336,3,DF,DF,0.05570560920750722,0.5456689856946468,0.015763119125040248,0.23048032610677183,0.0017250696546398103,0.08454522729152814,0.053321477957069874,0.012790201491952757,1,BCC
IL_9347875,1,BCC,BCC,0.11543323937803507,0.5243574976921082,0.2554113486330607,8.5388686557053e-05,0.0010342225677959505,0.1019058259553276,0.001631524646654725,0.0001409535135792339,1,BCC
IL_9348044,2,BKL,BKL,0.012236037509978814,0.01778010674752295,0.45718824956566095,4.1762576074688695e-05,0.4509326331317425,0.06171707162866369,9.253771531803068e-05,1.1650678914065793e-05,2,BKL
IL_9349173,5,NV,NV,3.1531689046460087e-06,0.00023379829917757888,0.001812401591678281,2.719575104492833e-05,0.011675372603349388,0.9860423505306244,8.500870990246767e-06,0.000197265122551471,5,NV
IL_9349651,1,BCC,BCC,0.03245534002780914,0.3885321570560336,0.5371392592787743,0.0038149711908772588,0.010044239985290915,0.021633672062307596,0.0038231099024415016,0.0025572300073690712,2,BKL
IL_9352958,6,SCC,SCCKA,0.6738726198673248,0.006005459814332426,0.021598049672320485,1.103881061226275e-05,0.062470873817801476,0.18850412871688604,0.04751569591462612,2.2093943698564544e-05,0,AK
IL_9353162,3,DF,DF,0.11532900913152844,0.6697923988103867,0.03491057094652206,0.016333171166479588,0.004630264593288302,0.019302010536193848,0.13951059943065047,0.00019191226601833478,1,BCC
IL_9353548,1,BCC,BCC,0.00025154273316729814,0.4936011484824121,0.49544146144762635,0.00014527297753375024,0.0004093673487659544,0.009266503620892763,0.0008393270836677402,4.540378722595051e-05,2,BKL
IL_9356761,1,BCC,BCC,0.03858466434394359,0.4815699826576747,0.3228248244849965,0.0011322915916025522,0.01788131590001285,0.1351978573948145,0.002754474524408579,5.4572570661548525e-05,1,BCC
IL_9358381,5,NV,NV,0.008343594274047739,0.003240859603266699,0.26021094690077007,0.005877280835996146,0.013586562126874924,0.7037820667028427,0.004751224049485359,0.000207451872640263,5,NV
IL_9363651,1,BCC,BCC,0.008375411969609559,0.14656974072568119,0.543292161077261,0.00032924756328611693,0.0022630810635746457,0.00840090005658567,0.290505553201001,0.0002639360009197844,2,BKL
IL_9363657,1,BCC,BCC,0.612816333770752,0.009523436011022568,0.26462057791650295,0.0030509950588850643,0.000767855963204056,0.0015770190220791847,0.10755710355442716,8.664440719030608e-05,0,AK
IL_9364150,1,BCC,BCC,0.08648536088730907,0.024201367516070604,0.46646736562252045,7.470456580449536e-05,0.3218622276763199,0.1000159711111337,0.00088362340011372,9.378295658279967e-06,2,BKL
IL_9364222,1,BCC,BCC,0.001975469096009874,0.5116259306669235,0.1373566405454767,0.006009611882546784,0.0033549832959174353,0.3384128113175393,0.0009899930977610438,0.00027452592234777917,1,BCC
IL_9366811,1,BCC,BCC,0.24069770683490788,0.3808294087648392,0.04471898218616843,0.00026096293913724367,0.05336526426981436,0.014242144534364343,0.2655596996191889,0.00032585359150516524,1,BCC
IL_9367343,1,BCC,BCC,0.0028582982486113906,0.4834767207503319,0.29430702328681946,0.0002022439506390583,0.013895389856770635,0.184014480561018,0.020860976306721568,0.0003849226577585796,1,BCC
IL_9367787,1,BCC,BCC,0.02989648497066355,0.46757931346655823,0.00743332109414041,8.94036129466258e-05,6.541781772284594e-06,0.4946535722410772,0.00033904772772075376,2.3401593125527143e-06,5,NV
IL_9367800,5,NV,NV,0.0007703016242430749,0.004640548067982309,0.011151031590998173,0.0001270889522828611,0.4742148988880217,0.5047205053269863,0.0043259799854240555,4.9581269195186906e-05,5,NV
IL_9368143,5,NV,NV,3.107296015514294e-05,0.0002725766681379582,0.012698293960056617,0.0005248918877214237,0.00869536167010665,0.9773117303848267,0.0001682725642240257,0.00029784415164613165,5,NV
IL_9368782,5,NV,NV,2.2598178475163877e-05,0.0007120668278730591,0.055747642647475004,0.00010715544522099663,0.03866685600951314,0.9013652205467224,4.189877290627919e-05,0.003336607711389661,5,NV
IL_9372364,2,BKL,BKL,0.00014394448953680694,0.010236026006168686,0.9644054770469666,0.006198999984917464,0.00043292732152622193,0.004672237206250429,0.01389864188604406,1.1737838121916866e-05,2,BKL
IL_9374643,1,BCC,BCC,0.35186231425905135,0.5835318565368652,0.012974933517398313,5.61108333130278e-08,0.00010074656256620074,0.05141767906025052,0.00011180516253261885,5.410528087779198e-07,1,BCC
IL_9375634,4,MEL,MEL,0.00016522166004051542,2.9402757917296185e-07,0.4897619652656431,4.87477208821474e-07,0.5075138937681913,0.0024975018932309467,6.012703966007393e-05,4.910585928996625e-07,4,MEL
IL_9375676,4,MEL,MEL,0.03952634568850044,0.005004852086130995,0.7151149213314056,6.530506459512253e-05,0.19225165247917175,0.04795033344998956,5.3589527851727325e-05,3.301586554016467e-05,2,BKL
IL_9378068,1,BCC,BCC,0.02768551604822278,0.4633266180753708,0.2679109424352646,0.022167691262438893,0.001386341406032443,0.008318844134919345,0.20171720534563065,0.0074868475494440645,1,BCC
IL_9379211,1,BCC,BCC,0.0011582437218748964,0.38207511938526295,0.003323918193927966,0.008436454097136448,0.14715411746874452,0.3642651904374361,0.0933168720221147,0.0002701122284634039,1,BCC
IL_9379939,6,SCC,SCCKA,0.013855053468432743,0.0017137359245680273,0.17841383430641145,0.004545177966065239,0.08398532505088951,0.052988147206633585,0.655828595161438,0.008670163265378505,6,SCC
IL_9380593,5,NV,NV,1.0757587709520067e-07,1.4916831787559204e-06,1.0887603423270775e-05,2.4169128209905466e-06,0.00697477743960917,0.9930066466331482,4.78960416216978e-07,3.191668611179921e-06,5,NV
IL_9383072,1,BCC,BCC,0.1720969802699983,0.017114328686147928,0.08444839343428612,0.00010126701090484858,0.08344417190710374,0.3569988866584026,0.2824659892357886,0.0033299747932460377,5,NV
IL_9385086,5,NV,NV,4.807455206901068e-05,0.0002880691993425444,0.002530132856918499,0.00015163612738433585,0.021801251103170216,0.9625056684017181,2.3835361389501486e-05,0.012651348239160143,5,NV
IL_9385765,6,SCC,SCCKA,0.0006917074279044755,0.006793532297706406,0.2459444974051621,0.00010384822552111928,0.00015931288719173153,0.0008353270650296452,0.7454671561717987,4.635882177805861e-06,6,SCC
IL_9387962,0,AK,AKIEC,0.01215805159881711,0.0027365823043510318,0.4816120839677751,0.0025534816086292267,0.0027671227580867708,0.007546930341050029,0.4905097040173132,0.00011608604836510494,6,SCC
IL_9390250,1,BCC,BCC,0.08150840726739261,0.2153219748288393,0.20430244412273169,0.0004401510232128203,0.17580495064612478,0.3033357057720423,0.014376631421328057,0.004909727237645711,5,NV
IL_9391328,1,BCC,BCC,0.10433831624686718,0.31489257514476776,0.24169472977519035,0.0029712884861510247,0.006551423110067844,0.2847473658621311,0.04162246873602271,0.0031818573479540646,1,BCC
IL_9395136,1,BCC,BCC,0.0012060613371431828,0.9025294780731201,0.02572588262410136,0.0071984241949394345,0.0019269041513325647,0.05563458614051342,0.005326820511982078,0.0004518679161265027,1,BCC
IL_9395505,1,BCC,BCC,0.01795964513439685,0.7840740382671356,0.17212301306426525,0.0001966208546946291,0.0009257365018129349,0.013006557390326634,0.011618696851655841,9.571807822794653e-05,1,BCC
IL_9395839,5,NV,NV,2.4731308656100737e-05,6.88911835595718e-05,0.0280876410761266,0.00038189629958651494,0.0033763220999389887,0.9678872525691986,0.0001452021642762702,2.8012481834593927e-05,5,NV
IL_9399990,0,AK,AKIEC,0.013536915244912961,0.00025275492498622043,0.5009289756417274,0.0004918684098811354,0.03737170808017254,0.44410334032727405,0.0022265812222030945,0.001087852948330692,2,BKL
IL_9400268,5,NV,NV,0.00013995707195135765,0.9797337353229523,0.006686237757094204,4.986927251593443e-06,0.008133124996675178,0.0050826569786295295,0.0001522481325082481,6.711473906761967e-05,1,BCC
IL_9400728,1,BCC,BCC,0.01274220971390605,0.050696875900030136,0.3129094522446394,0.013046030363284444,0.006351243704557419,0.11076488415710628,0.491971991956234,0.0015172675848589279,6,SCC
IL_9401383,1,BCC,BCC,0.0037643317773472518,0.6286930292844772,0.21556109562516212,0.0009341207187389955,0.02202675968874246,0.007161369547247887,0.12181345745921135,4.5841970859328285e-05,1,BCC
IL_9402270,0,AK,AKIEC,0.9278208613395691,0.005492774584126892,0.0332059656502679,0.0001289018883312565,0.021623584965709597,0.011105334178864723,0.0005679627938661724,5.458154220150391e-05,0,AK
IL_9402967,6,SCC,SCCKA,0.0034578953636810184,0.025998521014116704,0.0006642036023549736,0.003421717705350602,0.000800525645900052,0.00013595517884823494,0.9655201733112335,9.911259581940612e-07,6,SCC
IL_9403422,1,BCC,BCC,0.1578348476884912,0.704157367348671,0.08358960604527965,0.00016578714075876633,0.04251154950179625,0.004029076430015266,0.0021070302464067936,0.005604688679568426,1,BCC
IL_9404638,1,BCC,BCC,0.0015729605220258236,0.967886358499527,0.002491517865564674,0.0006157403986435384,0.01347555685788393,0.0009951760002877563,0.012766547351930058,0.00019608636102930177,1,BCC
IL_9408309,6,SCC,SCCKA,0.00024326560378540307,0.05117429146775976,0.25919055967824534,0.046773626236245036,0.08115068450570107,0.06242565222783014,0.4984420222463086,0.0005998960041324608,6,SCC
IL_9409547,4,MEL,MEL,4.27749959897028e-06,8.474924925394589e-06,0.0004093219104106538,4.349667119640799e-05,0.3408174589276314,0.6586564183235168,1.0577837088021624e-05,5.0001161071122624e-05,5,NV
IL_9411177,5,NV,NV,3.2868839753064094e-05,0.2652058148296419,0.0019980229626526125,7.901144090283196e-05,0.44780241092666984,0.28466714173555374,0.00016288061306113377,5.1885169341403525e-05,4,MEL
IL_9413629,3,DF,DF,1.1339366778884141e-05,0.00033572586289665196,6.460872464231215e-05,0.4999215252864815,0.22705625212165614,0.27256432370995753,2.995245267811697e-05,1.628677955523017e-05,3,DF
IL_9413829,1,BCC,BCC,0.01912763217637803,0.8617638349533081,0.10213425951224053,9.665499482380824e-05,0.005482871196576866,0.008856735439621843,0.0024704683464733534,6.75885867771342e-05,1,BCC
IL_9417077,5,NV,NV,0.004241302994586249,0.0025776460006454727,0.01660055574029684,0.0749007045497585,0.5736294314265251,0.2980048891622573,0.0002908243285162371,0.02975460290144838,4,MEL
IL_9420011,1,BCC,BCC,0.0017429977651772788,0.6431917101144791,0.3478472564038384,0.0004205342787599875,0.0008560550877518835,0.0018580534615466604,0.00407528571668081,8.086655839179002e-06,1,BCC
IL_9420839,1,BCC,BCC,0.003415858038351871,0.48497404158115387,0.4089086353778839,0.0008685421707923524,0.002670810790732503,0.09515189286321402,0.003614163608290255,0.00039609509622096084,1,BCC
IL_9421860,1,BCC,BCC,0.4805320070590824,0.3496649260632694,0.07304793735966086,0.00017376289438431058,0.02385829981722054,0.03064912650734186,0.04006613164665396,0.002007766729832383,0,AK
IL_9421903,4,MEL,MEL,0.00023207111007650383,5.3721899348602165e-05,0.06320251885335892,0.0007059213821776211,0.5628723874688148,0.3695225827395916,0.0014159527272568084,0.0019948705448769033,4,MEL
IL_9422892,5,NV,NV,7.148630402298295e-06,0.002123227378532988,0.14415447390638292,0.00014169527637619694,0.10982541181147099,0.7436602115631104,3.1357396842679464e-05,5.650762886943994e-05,5,NV
IL_9423427,1,BCC,BCC,0.0011263826108915964,0.6963927149772644,0.25206564646214247,0.0005529128819716789,0.018455825604178244,0.029575046995887533,0.00019137957860948518,0.0016401929201492749,1,BCC
IL_9425710,2,BKL,BKL,3.170045523859244e-07,2.471505882173375e-07,0.9993317127227783,1.3549075106311648e-07,6.357942402246408e-05,0.0006035483966115862,4.361328898028205e-07,3.80669993305105e-08,2,BKL
IL_9426275,1,BCC,BCC,0.0006087386791477911,0.7506222426891327,0.08168501598993316,0.013577849371358752,0.008364201989024878,0.006457650335505605,0.1373911090195179,0.001293104038495585,1,BCC
IL_9428549,0,AK,AKIEC,0.0004602439266818692,0.04146579738880973,0.023486698977649212,0.00011432104292907752,0.012203153455629945,0.9210826754570007,0.0011435981687100139,4.350157860244508e-05,5,NV
IL_9430924,1,BCC,BCC,0.46555374521994963,0.11934597743675113,0.13736901339143515,0.020355107997602317,0.030135067594528664,0.1038669440895319,0.12332810965381213,4.6066537379374495e-05,0,AK
IL_9433768,1,BCC,BCC,0.36972281197085977,0.4724080264568329,0.08611138921696693,0.0032270485535264015,0.0031145694374572486,0.005124187562614679,0.060120086185634136,0.0001718740677461028,1,BCC
IL_9437710,0,AK,AKIEC,0.0020118695683777332,0.03605226054787636,0.9290083646774292,0.00021610768567370542,0.0007829531505194609,0.01384773594327271,0.018051541526801884,2.917170149885351e-05,2,BKL
IL_9439030,1,BCC,BCC,0.0002752038781181909,0.7021217346191406,0.02793804208522488,5.06207120452018e-05,0.0026203185552731156,0.2669014185667038,2.1280556666170014e-05,7.141205423977226e-05,1,BCC
IL_9439154,4,MEL,MEL,0.0005712900529033504,0.010566853394266218,0.008757409173995256,0.01979400822892785,0.2998463660478592,0.6540493667125702,0.0006178919866215438,0.00579683284740895,5,NV
IL_9439470,2,BKL,BKL,0.000668939232127741,0.012430282022535266,0.6278334408998489,0.07389218907155737,0.06973134994041175,0.21265697199851274,0.0025612007884774357,0.00022559429805824038,2,BKL
IL_9439533,1,BCC,BCC,0.022546886196323612,0.6136257648468018,0.11453155778872315,0.06241477914056759,0.03209631406934932,0.005503839951416012,0.14895574265392497,0.00032510097383919856,1,BCC
IL_9439639,4,MEL,MEL,3.527486433085869e-05,2.3124668473428756e-06,0.46769553050398827,1.313361462962348e-05,0.5009960439056158,0.03124398924410343,4.51384130428778e-06,9.118941761698807e-06,4,MEL
IL_9440413,2,BKL,BKL,0.00010509563298910507,2.2032937749827397e-05,0.4644593186676502,0.00026936381436826196,0.2601603427901864,0.2744382210075855,0.00010895607010752428,0.00043671115167853714,2,BKL
IL_9441829,1,BCC,BCC,0.2619067615014501,0.04236675379797816,0.2485625557601452,8.318246545968577e-05,0.0008633893739897758,0.0020629637874662876,0.44413946010172367,1.4870780660203309e-05,6,SCC
IL_9446823,6,SCC,SCCKA,0.028674906468950212,0.048713998636230826,0.008315093698911369,0.014861386851407588,0.20374526666273596,0.0130171641940251,0.6826111823320389,6.0992819044258795e-05,6,SCC
IL_9447279,0,AK,AKIEC,0.00040300944237969816,0.4872822214383632,0.5077416338026524,9.484917384838809e-07,0.0019503719522617757,0.00019580298612709157,0.0024244479095614224,1.5294650381747488e-06,2,BKL
IL_9448011,1,BCC,BCC,0.020011962158605456,0.09895138815045357,0.8031364381313324,4.675163199863164e-05,0.0004835939107579179,0.03182483557611704,0.04540135633578757,0.00014369783093570732,2,BKL
IL_9448117,1,BCC,BCC,0.038406985921028536,0.2741169407963753,0.3786621692706831,9.754117172633414e-05,0.04005500890343683,0.07106145428952004,0.19747570874460507,0.00012422897407304845,2,BKL
IL_9449213,1,BCC,BCC,0.006542392075061798,0.0388206890784204,0.4859784831496654,0.00019508521654643118,0.0009697868663351983,0.0007559221812698524,0.4666846842155792,5.297578809404513e-05,2,BKL
IL_9453153,4,MEL,MEL,0.02363290253196304,0.0020080364575179033,0.8827372491359711,0.00015143600452613426,0.08112035490785274,0.00730281109099451,0.002976243154619418,7.094348621419604e-05,2,BKL
IL_9453273,1,BCC,BCC,0.24563606083393097,0.08903164695948362,0.07659551640972495,0.00010102272062795237,0.006847382988780737,0.1876806250656955,0.3903300752863288,0.0037776598328491673,6,SCC
IL_9453516,3,DF,DF,1.54602404424109e-05,0.0010281375568892415,8.511132561928036e-05,0.5175860393792391,0.00209375709437154,0.47913920891278394,4.221137885773718e-05,1.0053332960779926e-05,3,DF
IL_9456591,2,BKL,BKL,1.1395799575097953e-06,0.9985823631286621,0.0002528154509491287,2.2922279754311603e-06,0.000330444352584891,0.0008288623066619039,1.6495502279667562e-06,4.360238392564497e-07,1,BCC
IL_9462627,1,BCC,BCC,0.09404163117505959,0.5006130505353212,0.11812432709120912,0.011981858801846101,0.14417537041117612,0.048229051171801984,0.07875902595696971,0.004075647959325579,1,BCC
IL_9463449,5,NV,NV,1.70485868693504e-05,0.0004679634816966427,0.0013905008672736585,3.415090395719744e-05,0.10889444802887738,0.8891344964504242,1.0010610822064336e-05,5.135977335157804e-05,5,NV
IL_9466832,5,NV,NV,0.0013402820798091852,0.0014152661533444189,0.015119768504519016,0.02361909080627811,0.1611703298985958,0.7577202320098877,0.0031801131553947926,0.036434946688132186,5,NV
IL_9471621,5,NV,NV,4.516062108450569e-05,4.900614726466301e-06,0.42287487781140953,0.00011543574328243267,0.03457631525816396,0.5422002300620079,1.2227254501340212e-05,0.00017079349663617904,5,NV
IL_9471694,1,BCC,BCC,0.03895956943779311,0.14661722350865602,0.5968152955174446,0.0021595393191091716,0.008826392237097025,0.025310955941677094,0.17988188393064775,0.001429168856702745,2,BKL
IL_9473685,2,BKL,BKL,1.1010104458364367e-05,1.9961974556892415e-05,0.5007049394771457,2.97142610179435e-05,0.49599379306891933,0.0032203597365878522,1.8382356302026892e-05,1.810105587196631e-06,2,BKL
IL_9477888,6,SCC,SCCKA,0.1591531056619715,0.045402458662465506,0.013338373508304358,0.1487487144768238,0.0017939506797119975,0.007215552963316441,0.6237015128135681,0.0006463806957981433,6,SCC
IL_9481592,5,NV,NV,0.00200877647876041,0.0017234274710062891,0.013153995620086789,0.00035453961390885524,0.42724126437678933,0.553206130862236,0.002121813294252206,0.00019001602231583092,5,NV
IL_9482395,4,MEL,MEL,0.002873870571079351,1.1312950618957984e-05,0.504236382432282,6.05387319296824e-06,0.49145234236493707,0.0013811374665237963,3.623851580414339e-05,2.7179258381693217e-06,2,BKL
IL_9483731,1,BCC,BCC,0.0009462972011533566,0.00106384651735425,0.4590085218733293,0.008054246776737273,0.0033278143382631242,0.027842064220749307,0.49967013773857616,8.707701709909088e-05,6,SCC
IL_9485180,1,BCC,BCC,0.012032680038828403,0.27767866756767035,0.24507472664117813,0.0003486729729047511,0.005999205633997917,0.4576484803110361,0.0011072798806708306,0.0001102890346373897,5,NV
IL_9486743,6,SCC,SCCKA,0.39949329153751023,0.0001846692175604403,0.0008329255506396294,0.00018609200924402103,0.0014930815086700022,0.0002325286768609658,0.5975574031472206,2.0021915588586126e-05,6,SCC
IL_9487035,1,BCC,BCC,0.12106256192782894,0.1792670115828514,0.5460007935762405,0.09226331560057588,0.014556001813616604,0.010221441276371479,0.03654573252424598,8.313311991514638e-05,2,BKL
IL_9489077,5,NV,NV,9.50776137642606e-06,0.00013328623128927575,0.21249931678175926,1.809642435546266e-05,0.01280563062755391,0.7745075523853302,2.351983766857302e-06,2.4215557203888238e-05,5,NV
IL_9489343,4,MEL,MEL,6.908489638135507e-07,9.755545670486754e-05,0.009122700546868145,1.3685092459247983e-06,0.9859893918037415,0.004781973810167983,1.8340863334742608e-06,4.5154905592426076e-06,4,MEL
IL_9497630,1,BCC,BCC,0.0006908725626999512,0.4152388274669647,0.08197245933115482,0.011547092028195038,0.03159125428646803,0.17177093401551247,0.2764707594178617,0.010717870201915503,1,BCC
IL_9500991,4,MEL,MEL,0.03323644318152219,0.23672551597701386,0.0031434493630513316,0.0007469188876711996,0.49993717065081,0.006288976175710559,0.0025985134731172366,0.21732299076393247,4,MEL
IL_9504116,1,BCC,BCC,0.30722665014036465,0.00048767574480734766,0.27964409068226814,3.597022259782534e-05,0.20414504868676886,0.2083456851541996,8.470664033666253e-05,3.01751829283603e-05,0,AK
IL_9505312,4,MEL,MEL,2.096771822834853e-05,9.416490229341434e-06,0.9521772563457489,8.50048763822997e-06,0.035117121413350105,0.012648904812522233,6.751823356410114e-06,1.110672853599226e-05,2,BKL
IL_9508962,1,BCC,BCC,0.01162453182041645,0.728364497423172,0.018703976449614856,2.755946661636699e-05,0.0007924783785711043,0.23678755259606987,0.0036787122662644833,2.067765217361739e-05,1,BCC
IL_9509148,1,BCC,BCC,0.00975776056657196,0.7815607786178589,0.005032120845953614,0.05030558521898598,0.008501842214172939,0.05066615794203244,0.09379770101440954,0.00037801860451480707,1,BCC
IL_9509659,0,AK,AKIEC,0.1252980837598443,0.01923661050386727,0.3291238363017328,0.0008077802776824683,0.029668498555111,0.001210041346894286,0.49462706269696355,2.8101398584112758e-05,6,SCC
IL_9512629,1,BCC,BCC,0.001772534247720614,0.11560463620116934,0.17803444433957338,0.011170596815645695,0.01793455753067974,0.3227955112233758,0.35257182308123447,0.00011588096458581276,6,SCC
IL_9513774,1,BCC,BCC,0.29898234084248543,0.6601134687662125,0.014673356432467699,0.00010684001426852774,0.0009306663414463401,0.018477701116353273,0.006493568536825478,0.00022204781998880208,1,BCC
IL_9513930,0,AK,AKIEC,0.0004407584056025371,0.1719270907342434,0.49449578672647476,0.0021972092799842358,0.028030534274876118,0.15587501972913742,0.14501933939754963,0.002014255544054322,2,BKL
IL_9516573,4,MEL,MEL,2.8360118903947296e-05,0.0018656911564676193,0.09440922271460295,4.303326659282902e-05,0.43096606829203665,0.4726342484354973,9.423050187251647e-06,4.393387416712358e-05,5,NV
IL_9520593,1,BCC,BCC,0.00030344753395183943,0.49892376469097144,0.3940831089494168,0.0007329996369662695,0.005404311281381524,0.10006737255025655,0.00045597819553222507,2.894051738167036e-05,1,BCC
IL_9523157,1,BCC,BCC,0.051337999291718006,0.21224521286785603,0.5291782096028328,0.0022047007805667818,0.006232641520909965,0.1809118241071701,0.008252493717009202,0.009636936094466364,2,BKL
IL_9524479,1,BCC,BCC,0.025341744534671307,0.10358121470198967,0.4663747325539589,0.010688272697734646,0.10093213059008121,0.003765942412428558,0.2775361974272528,0.01177975304563006,2,BKL
IL_9524761,0,AK,AKIEC,0.03494541679719987,0.00025517830908938777,0.026171772391535342,0.00021002479070375557,0.357862744045633,0.08124720850901213,0.49913903744891286,0.0001686383860146634,6,SCC
IL_9529350,6,SCC,SCCKA,0.5736500471830368,0.003783193154959008,0.2911226951982826,0.0003159512461934355,0.00013665002552443184,0.004000769373760704,0.12695209495723248,3.861397806304012e-05,0,AK
IL_9529551,2,BKL,BKL,0.0001381565489282366,2.8474309146986343e-05,0.3560394197702408,0.0006142331985756755,0.3530780110741034,0.28998903185129166,2.359215022806893e-05,8.907207848096732e-05,2,BKL
IL_9531531,6,SCC,SCCKA,0.0014287554076872766,8.255405737145338e-05,0.8034146428108215,0.0004973392497049645,0.0028598153294296935,0.010616412851959467,0.18106519989669323,3.527153603499755e-05,2,BKL
IL_9534602,4,MEL,MEL,1.8333175034968008e-05,0.0001607257654541172,0.4252915792167187,1.5401136806758586e-05,0.4201592375175096,0.15430676378309727,1.9209662241337355e-05,2.876153871511633e-05,2,BKL
IL_9537366,1,BCC,BCC,0.007588504406157881,0.45841261727400706,0.010299282614141703,0.00016043829964473844,0.01699576090595656,0.5060485377907753,5.157175382919377e-05,0.0004432360046848771,5,NV
IL_9540543,1,BCC,BCC,0.0006185274996823864,0.4564310943019336,0.08638076251372695,0.0001053338287420047,9.384925215272233e-05,0.4523451551795006,0.004010579715327367,1.4765417745365994e-05,1,BCC
IL_9540986,5,NV,NV,0.0007043155928840861,0.008791354484856129,0.00038507895442307927,0.4728119261562824,0.003863206715323031,0.039498516358435154,0.04444776825403096,0.4294977528734307,3,DF
IL_9541079,1,BCC,BCC,0.13896246952936053,0.48092322796583176,0.3151043951511383,0.0010834786153282039,0.030692794476635754,0.025030724704265594,0.0023477376671507955,0.0058552081463858485,1,BCC
IL_9542018,1,BCC,BCC,0.0025179870426654816,0.006183167017297819,0.8517284095287323,0.0027562373434193432,0.06335556926205754,0.07140693441033363,0.0013048788823653013,0.0007469076954293996,2,BKL
IL_9549484,1,BCC,BCC,0.0019683051796164364,0.4301466791948769,0.3955080285668373,0.006301702524069697,0.014469717745669186,0.147188781760633,0.0033954817336052656,0.0010212875240540598,1,BCC
IL_9550703,2,BKL,BKL,0.006221205985639244,0.0011674905836116523,0.28974440693855286,0.00011306917065212474,0.01269161282107234,0.685539036989212,0.004117059812415391,0.0004061016261402983,5,NV
IL_9552156,1,BCC,BCC,0.02700571730088086,0.0014288646634668112,0.4549193100538105,0.0001224979969265405,0.0012726060122076888,0.021728711668401957,0.49340705445501953,0.00011529729545856071,6,SCC
IL_9554628,5,NV,NV,4.7536305373796495e-05,3.5446281287931924e-06,0.5006519481539726,5.693876755685778e-05,0.019124915619613603,0.48005102248862386,5.377297111408552e-05,1.0277818347503853e-05,2,BKL
IL_9554653,1,BCC,BCC,0.1472697036806494,0.2747343070805073,0.564559206366539,0.00016909741145809676,0.005338829954780522,0.005216299323365092,0.00246965039650604,0.00024288905842695385,2,BKL
IL_9556887,2,BKL,BKL,3.3779757359297946e-05,0.03820379760873038,0.002036028483416885,1.0257600933982758e-05,0.022314868605462834,0.0020941189432051033,0.9353038966655731,3.273853820928707e-06,6,SCC
IL_9563085,2,BKL,BKL,0.003262157606513938,0.01896124193444848,0.5354040563106537,0.011479670383778284,0.003728715004399419,0.016587072983384132,0.40861483717890223,0.001962248730706051,2,BKL
IL_9563257,3,DF,DF,0.01591944072060869,3.759747414733283e-05,0.39316970975050936,0.49968159275033486,7.542655475845095e-05,0.0910519858043699,4.8188346227107104e-05,1.609623188869591e-05,3,DF
IL_9563868,2,BKL,BKL,0.4017714122310281,0.36982125835493207,0.10708407731726766,6.78393535054056e-05,0.04035413796373177,0.05324337194906548,0.02763268570197397,2.5183408070006408e-05,0,AK
IL_9565203,2,BKL,BKL,0.013447270262986422,0.4582980815321207,0.4165189117193222,0.0003396227048142464,0.014416503669053782,0.07238602545112371,0.0010430693218950182,0.023550512281872216,1,BCC
IL_9565231,4,MEL,MEL,0.00028828872746089473,0.0007037080886220792,0.1272962298244238,0.0003063643407585914,0.0714232549071312,0.7989127337932587,0.00048370663080277154,0.0005857428695890121,5,NV
IL_9565456,1,BCC,BCC,0.0002005834539886564,0.009575335454428568,0.5096013154834509,0.0067728809190157335,0.006083248765207827,0.08794006705284119,0.3798192976391874,7.330874495892203e-06,2,BKL
IL_9569942,0,AK,AKIEC,1.5987370289849423e-05,0.41974093268254364,0.017799744269041184,0.00017737704820319777,0.000572818254113372,0.05814649858029952,0.503543232800439,3.420688082955703e-06,6,SCC
IL_9570046,1,BCC,BCC,0.007041415767162107,0.0035131111508235335,0.7540529370307922,0.0005827703898830805,0.003057665679079946,0.22926574293524027,0.0022011657565599307,0.00028522061609237426,2,BKL
IL_9572527,4,MEL,MEL,4.1800931256830154e-05,0.00012776656785717933,3.405079814911005e-05,0.00030421929113799706,0.3189342489349656,0.6802916824817657,1.2367529507173458e-05,0.0002538174157962203,5,NV
IL_9575395,1,BCC,BCC,0.0007648344326298684,0.4430253116188396,0.5087088029831648,0.0009530436000204645,0.0016596029827269376,0.007726315758191049,0.03704269789159298,0.00011946594531764276,2,BKL
IL_9579580,4,MEL,MEL,0.00129621905307431,6.213369852048345e-05,0.32442159950733185,0.0021432280555018224,0.17421954870224,0.4960862994194031,0.0016929131434153533,7.801699575793464e-05,5,NV
IL_9583565,5,NV,NV,0.00014063740589875806,0.0009477518642597715,0.004749469953821972,9.288041056265683e-05,0.22432882338762283,0.7691908478736877,0.0001789966323713088,0.0003705900771251436,5,NV
IL_9584761,1,BCC,BCC,0.04499339871108532,0.5290878750383854,0.23863043249002658,0.0019226771005378396,0.1097673563635908,0.005180457374081016,0.07013666951388586,0.00028112169218275085,1,BCC
IL_9587475,5,NV,NV,4.929996997304897e-07,1.6358662193738382e-06,0.4176015383404774,9.341489658254432e-06,0.003407503943890333,0.578968733549118,1.8913211192739254e-06,8.821820301818661e-06,5,NV
IL_9588248,1,BCC,BCC,0.012425411492586136,0.002642579027451575,0.847863495349884,0.0017291994590777904,0.021105489176989067,0.11336439778096974,0.0005899209500057623,0.0002795256605168106,2,BKL
IL_9588769,6,SCC,SCCKA,0.0006151300913188607,0.14350794167876302,0.0763528588868212,0.0009050961125467438,0.10155840159859508,0.040703457620111294,0.6362491548061371,0.00010794332524710626,6,SCC
IL_9588958,4,MEL,MEL,0.00013957731461999856,6.488211670330202e-05,0.02353629826393444,2.6450907171238214e-05,0.005913867149502039,0.970195084810257,9.636710990434949e-05,2.7454286907868664e-05,5,NV
IL_9589211,2,BKL,BKL,5.950495022943869e-06,0.005625195698499397,0.622023418545723,1.4357627645900095e-05,0.00010884371687325256,0.37222026637391536,1.1008559557268427e-06,9.249592929361228e-07,2,BKL
IL_9590648,1,BCC,BCC,0.17327369039412588,0.1122901065973565,0.28409415506757796,0.013390125386649743,0.013077096315100789,0.008278097957372665,0.39532587863504887,0.00027088671595265623,6,SCC
IL_9592842,1,BCC,BCC,0.013188885757699609,0.46611393243074417,0.21039935015141964,0.026463547935396292,0.004289330642677669,0.27631423622369766,0.003113339200695009,0.00011742271499315393,1,BCC
IL_9592947,0,AK,AKIEC,0.5086166933178902,0.32807580471671827,0.10600087625425658,0.001085244436467292,0.02431863875244744,0.010131230796105228,0.02135552861727774,0.00041603151123581483,0,AK
IL_9593601,2,BKL,BKL,0.014297175483079627,0.0012334190541878343,0.10641036555171013,0.00029590295525849797,0.32912224531173706,0.5481975674629211,0.0002754061861196533,0.00016792293172329664,5,NV
IL_9596120,5,NV,NV,1.6330979917711375e-05,0.0007033749485003682,0.006746675369413424,0.000335046869395228,0.1375616267323494,0.8523392975330353,0.00013257633180785433,0.002165110589089636,5,NV
IL_9597986,2,BKL,BKL,0.00016711858188500628,0.00012815533341381524,0.9868868887424469,3.2757567169028334e-05,0.004283307236619294,0.008374857832677662,0.0001048195808834862,2.2069810597713513e-05,2,BKL
IL_9600244,1,BCC,BCC,0.03544166311621666,0.3900272623359342,0.13538858294487,0.00011873975290654926,0.0022419186279876158,0.0022233586641959846,0.43439569941256195,0.00016274922353431975,6,SCC
IL_9600474,1,BCC,BCC,0.05304349099606043,0.21687909177853726,0.39413168653845787,0.0012103256913178484,0.0030137076828395948,0.33145497739315033,0.00023918271290312987,2.7509810706760618e-05,2,BKL
IL_9603617,0,AK,AKIEC,0.05001118825748563,0.089583620429039,0.5488879382610321,0.0006269257137319073,0.010227234335616231,0.2285049930214882,0.07213856520684203,1.954792605829425e-05,2,BKL
IL_9604741,1,BCC,BCC,0.5028855106793344,0.00015431362044182606,0.4009335447335616,9.286532682750703e-05,0.07591564784524962,0.01949918441812315,0.0003548582171788439,0.00016408149591029542,0,AK
IL_9607410,1,BCC,BCC,0.1363590455148369,0.6610383093357086,0.13986427756026387,3.632622065197211e-05,0.004189351049717516,0.05564481171313673,0.0028089173974876758,5.8997279211325804e-05,1,BCC
IL_9608205,6,SCC,SCCKA,0.004048290541732058,0.000388918221460699,0.032438273017760366,0.04265949810906022,0.028412654358362488,0.38514012704172274,0.5066805840469897,0.0002316399071013997,6,SCC
IL_9608485,5,NV,NV,2.225116247700498e-06,4.44493014128966e-06,0.42187953973188996,1.8950806861539604e-05,0.027102561201900244,0.5509693585336208,6.16758029536868e-06,1.6742234720368288e-05,5,NV
IL_9611245,1,BCC,BCC,0.001326276411418803,0.5198381505906582,0.33594900218304247,0.0023450194275937974,0.00174444126241724,0.13742324011400342,0.0012004098534816876,0.00017342219143756665,1,BCC
IL_9611587,1,BCC,BCC,0.3289228715002537,0.5629643052816391,0.015206018462777138,5.495036589309166e-05,0.00032784524228191003,0.08475108514539897,0.00774493900280504,2.8010323944727133e-05,1,BCC
IL_9614802,6,SCC,SCCKA,0.20476393692661077,0.0033376325736753643,0.04670092277228832,0.000944165833061561,0.21083446976263076,0.004102265549590811,0.5291265249252319,0.0001900479237519903,6,SCC
IL_9614989,2,BKL,BKL,0.01831386989215389,0.0001751419113134034,0.7730543315410614,0.018591320753330365,0.0464916005730629,0.007852823895518668,0.13535365462303162,0.00016726663898225524,2,BKL
IL_9617690,1,BCC,BCC,0.003589726868085563,0.18603210896253586,0.7807941138744354,0.00021163161000004038,0.0003985858929809183,0.020396340638399124,0.008398038735322189,0.00017950457777260453,2,BKL
IL_9622215,2,BKL,BKL,0.03313972277101129,0.4233535914681852,0.46123544906731695,0.07262418282334693,0.00020807682449230924,0.0023182693403214216,0.007111273182090372,9.416369039172423e-06,2,BKL
IL_9623656,1,BCC,BCC,0.010141388725969591,0.37567045842297375,0.11688278708606958,0.005561023389418551,0.2246327869797824,0.15206514904275537,0.11476155580021441,0.0002848276280928985,1,BCC
IL_9624462,3,DF,DF,6.748061601086208e-06,0.0005691368886644455,0.006166746123094757,0.5455374009907246,0.0023701058188123625,0.44528649505895146,9.121144270984871e-06,5.426596840152342e-05,3,DF
IL_9629068,1,BCC,BCC,0.04616191191598773,0.5716865062713623,0.3053036932833493,0.0001557294963276945,0.033228019703528844,0.041829257272183895,0.001121073408285156,0.00051386275117693,1,BCC
IL_9630385,4,MEL,MEL,0.0013390477422774438,0.00017415923891483942,0.006339342457067687,0.00028740542090588406,0.7016728520393372,0.28955351933836937,0.000272838288280397,0.0003608584363519185,4,MEL
IL_9632645,0,AK,AKIEC,0.13482471855240874,0.011049618486140389,0.7221338748931885,0.00041586450242903084,0.0004216627712594345,0.006005712668411434,0.12505962699651718,8.892395271686837e-05,2,BKL
IL_9632950,1,BCC,BCC,0.0006150586414150894,0.9535606801509857,0.004833250539377332,0.0009254320757463574,0.0019903257489204407,0.03569965437054634,0.001264072401681915,0.0011114946246379986,1,BCC
IL_9636083,1,BCC,BCC,0.0004394848547235597,0.8981467187404633,0.000920202728593722,1.8583858718557167e-06,5.3102567107998766e-05,0.00442260253475979,0.09600253164535388,1.3528626368497498e-05,1,BCC
IL_9639749,1,BCC,BCC,0.0017550169141031802,0.9371190071105957,0.002341976841307769,0.0007662630869162967,0.026623257566825487,0.01988817969277079,0.011347079533152282,0.00015924750186968595,1,BCC
IL_9644820,0,AK,AKIEC,0.0006607081668335013,0.02727368669002317,0.618003636598587,9.984649568650639e-05,0.289605337602552,0.05701327882707119,0.006735513336025178,0.0006080750426917803,2,BKL
IL_9646137,1,BCC,BCC,0.0010416340110168676,0.409809289034456,0.4898130977526307,0.015121938908123411,0.01747333919047378,0.02673345198854804,0.039092909252758545,0.0009143092922840879,2,BKL
IL_9649678,1,BCC,BCC,0.3404740991536528,0.2423582747578621,0.021855978411622345,0.0014751985181646887,9.887526903185062e-05,0.009618253767257556,0.3841150321532041,4.272351247891493e-06,6,SCC
IL_9650319,0,AK,AKIEC,0.04185298110678559,0.12161090481095016,0.18530767783522606,0.004463968110940186,0.09547262545675039,0.5193256735801697,0.0047314238618128,0.027234751265496016,5,NV
IL_9654222,1,BCC,BCC,0.0003119564962617005,0.5058090230450034,0.20407752823120973,0.0004100606670789375,0.0025638279630584293,0.286594393895939,0.00019804369429721191,3.513780421116053e-05,1,BCC
IL_9656479,6,SCC,SCCKA,0.799339234828949,0.008326101800776087,0.017185315198730677,5.7435654063908714e-05,0.15249952138401568,0.009026934625580907,0.013385725904299761,0.00017973063677345635,0,AK
IL_9659421,1,BCC,BCC,0.0019515081985446159,0.2828732281923294,0.3183784447683138,3.1358468277176144e-05,0.002833613660186529,0.001321901269875525,0.3924200925976038,0.0001898736045404803,6,SCC
IL_9659963,1,BCC,BCC,0.07919264458450925,0.024549737107008696,0.5723434239625931,0.0018113993519364158,0.030198240629033535,0.24598906189203262,0.0454795490950346,0.0004359686633961246,2,BKL
IL_9661787,5,NV,NV,6.041092127873071e-06,4.5009829079845076e-05,0.02085633605656767,4.051965532880786e-06,0.0043642151285894215,0.9747113585472107,9.279882981161336e-06,3.7365513207987533e-06,5,NV
IL_9665730,4,MEL,MEL,8.819565482554026e-05,0.0005685871283276356,0.028998781461268663,0.00010969880531774834,0.5440019369125366,0.4253666400909424,5.398696339398157e-05,0.0008121468490571715,4,MEL
IL_9667713,6,SCC,SCCKA,0.0002798029968289484,0.2871970735141076,0.5941312611103058,0.005218647391302511,0.0149990497611725,0.024590586428530514,0.07358258162275888,9.969682537303015e-07,2,BKL
IL_9667838,5,NV,NV,0.00028677609316218877,0.01926908041241404,0.06875939201563597,0.001626456607482396,0.007895041606388986,0.9005085527896881,0.0008033009080463671,0.000851434851938393,5,NV
IL_9678089,1,BCC,BCC,2.1437415568925644e-05,0.9963266551494598,0.000602321639235015,0.00027445866339803615,0.00027254059932602104,0.0016806579806143418,0.000816477936496085,5.498467942288698e-06,1,BCC
IL_9679718,3,DF,DF,0.11287844004800718,0.3431145125068724,0.022293540383543586,0.0004733218811452389,0.0005440706518129446,0.015341338490543421,0.5052315718494356,0.000123113817153353,6,SCC
IL_9680907,4,MEL,MEL,0.022322115856468372,0.09206696983164875,0.004396900665597059,0.03134120421600528,0.25140827894210815,0.5892470479011536,0.008657287724872731,0.0005601645962087787,5,NV
IL_9681402,1,BCC,BCC,0.0007475813908968121,0.36416973723316914,0.4752348795591388,0.00309105368796736,0.004173757159151137,0.02147268643602729,0.1310519222606672,5.833168961544288e-05,2,BKL
IL_9682787,1,BCC,BCC,0.0028916155570186675,0.48265687591265305,0.4928734971326776,0.007040854005026631,0.0018099454755429178,0.006236489803995937,0.006269526277719706,0.00022113077557150973,2,BKL
IL_9685051,5,NV,NV,3.0252811029640725e-06,3.360462110180151e-05,0.0003850296616292326,3.1928942235026625e-05,0.037690140306949615,0.9613094329833984,2.3696459408029114e-05,0.0005231714521869435,5,NV
IL_9685244,2,BKL,BKL,0.21411024779081345,7.4557922289386624e-06,0.6383693814277649,0.0002215866561527946,0.002168323311707354,0.002713861525990069,0.14240703731775284,2.1477620464338543e-06,2,BKL
IL_9689348,1,BCC,BCC,0.08072881668340415,0.13103358272928745,0.5493742525577545,0.005216801597271115,0.025287928874604404,0.08455037791281939,0.10966189485043287,0.014146290224744007,2,BKL
IL_9689352,4,MEL,MEL,4.647518778710946e-06,0.00016989227978569943,0.029646363521351304,0.0008331576677278463,0.5141531378030777,0.45447684032842517,6.450797718571266e-05,0.0006514756955766643,4,MEL
IL_9689394,1,BCC,BCC,0.00027050772041548043,0.41080741630867124,0.02241226751357317,0.00135713693452999,0.09762583300471306,0.46017972379922867,0.0015787664451636374,0.005768384551629424,5,NV
IL_9691364,1,BCC,BCC,3.776257926801918e-05,0.45195713159046136,0.0049080324824899435,0.0018685686954995617,0.043457196035888046,0.4528278733778279,0.04492281390412245,2.057830761259538e-05,5,NV
IL_9692603,1,BCC,BCC,0.004111491631192621,0.31951822288988296,0.29679373279213905,0.0027241968815587825,0.009305303072324023,0.36729148775339127,3.517302604905126e-05,0.000220384456042666,5,NV
IL_9693754,5,NV,NV,0.0571572512972125,0.12408391352801118,0.33462250977754593,0.0030859775870339945,0.007332844892516732,0.43514470756053925,0.02161467958421781,0.016958152763436374,5,NV
IL_9701000,5,NV,NV,2.790861657331334e-06,0.00017931724005393335,0.039596196671482176,2.363747807976324e-05,0.0124008827842772,0.9477453231811523,1.1431226994318422e-05,4.039580926473718e-05,5,NV
IL_9701930,1,BCC,BCC,0.0010355104168411344,0.009678824339061975,0.6083666384220123,0.0023601421125931665,0.329589007422328,0.04612323082983494,0.002598854131065309,0.0002478273891028948,2,BKL
IL_9702903,1,BCC,BCC,0.00021680623467545956,0.06147183012944879,0.6054002642631531,0.0027270481961636506,0.01618267403682694,0.05061643570661545,0.26335199244931573,3.29790073010372e-05,2,BKL
IL_9707582,1,BCC,BCC,0.4239449879532913,0.05478489263623487,0.40364692686125636,5.4760894272476435e-05,0.003697693662616075,0.11364839877933264,0.0002153585455744178,6.9990596784919035e-06,0,AK
IL_9708256,6,SCC,SCCKA,0.00567839975701645,0.0037666160060325637,0.40525281376903877,0.02748543956931826,0.00782828045498718,0.0027287964473998727,0.5472078397870064,5.178495558055829e-05,6,SCC
IL_9713334,3,DF,DF,0.03802823694422841,0.5189730599522591,0.04504534974694252,0.2842879444360733,0.01763789841788821,0.06640907004475594,0.028431894490495324,0.0011865063570439816,1,BCC
IL_9713844,0,AK,AKIEC,0.778983473777771,0.03562216367572546,0.065719248726964,0.002192440297221765,0.01872298144735396,0.015010375063866377,0.07969050668179989,0.004058784048538655,0,AK
IL_9714463,1,BCC,BCC,0.00033381610410287976,0.006019338019541465,0.41009970381855965,0.4381751996741059,0.12654216028749943,0.0148694789968431,0.002687771402634098,0.0012725646374747157,3,DF
IL_9716310,4,MEL,MEL,8.98259528980816e-07,9.96447666068434e-05,0.0025780201092580057,2.189252474416037e-05,0.8344284892082214,0.16286485632008407,1.6800664042193603e-06,4.504458464893446e-06,4,MEL
IL_9717585,1,BCC,BCC,0.014486427884548903,0.1691665914549958,0.26811279356479645,0.0024402188428211957,0.04932246287353337,0.011631344983470626,0.4845758229494095,0.00026432598679093644,6,SCC
IL_9719774,1,BCC,BCC,0.010156060598092154,0.8654908537864685,0.036535021383315325,0.0005713094578823075,0.029743676772341132,0.0369356328737922,0.012991649098694324,0.00757581130892504,1,BCC
IL_9720180,4,MEL,MEL,3.0448463490984068e-05,9.218801437782531e-07,0.16193893365561962,1.7681866268048907e-05,0.43362565338611603,0.4043394774198532,8.11336646933114e-06,3.874300691109056e-05,4,MEL
IL_9720231,1,BCC,BCC,0.03003146918490529,0.021783569594845176,0.27558059990406036,0.029385522939264774,0.00011305009502393659,0.6360233724117279,0.00662316451780498,0.0004592961286107311,5,NV
IL_9720505,1,BCC,BCC,0.0685969926416874,0.1727402433170937,0.635579913854599,0.000510340485902816,0.023169905551185366,0.0745848398655653,0.024397138186031953,0.00042061661179104703,2,BKL
IL_9722913,6,SCC,SCCKA,0.38686038460582495,0.00025614800961193396,0.1599818542599678,0.0028014563704346074,0.0012294412590563297,0.0006079716258682311,0.44823144003748894,3.136646569146251e-05,6,SCC
IL_9724863,6,SCC,SCCKA,0.6515654623508453,0.008393316995352507,0.021124097984284163,8.088898539426737e-05,0.06452026218175888,0.09755444819893455,0.1559702284866944,0.0007913377994555049,0,AK
IL_9725975,2,BKL,BKL,0.08830321941059083,0.0062386670033447444,0.4297277149744332,0.00010279030902893282,0.33630368078593165,0.07637336384505033,0.06270827660046052,0.00024221651756306528,2,BKL
IL_9727677,5,NV,NV,0.025855871121166274,0.02878906502519385,0.006469073472544551,5.908158300371724e-06,4.120532832985191e-05,0.9349513351917267,0.0038218928157220944,6.566447029854316e-05,5,NV
IL_9730160,1,BCC,BCC,0.08675960534674232,0.3322777487337589,0.1981990560889244,0.0011322278237457795,0.0029691474919673055,0.19675220549106598,0.18151902360841632,0.00039097853569458607,1,BCC
IL_9731170,1,BCC,BCC,0.0003186692265444435,0.23543066026104498,0.4982850482665526,0.0005195318067308108,0.00031604577088728547,0.0013544859866669867,0.2637605975032784,1.4927225038263714e-05,2,BKL
IL_9731516,1,BCC,BCC,0.4970849855671986,0.4998570001534972,0.0022138563995781624,3.642981170060011e-07,0.000609524839092046,0.00011025020057786605,0.0001230641300935531,9.596041650183906e-07,1,BCC
IL_9732518,1,BCC,BCC,0.027898310028831474,0.899964451789856,0.030898796627297997,1.8123752283827343e-05,0.001387942596920766,0.0001996013397729257,0.03960142843425274,3.1398220016853884e-05,1,BCC
IL_9734690,2,BKL,BKL,0.02143287332728505,0.5901588425040245,0.006670274291536771,0.003618807157181436,0.08743213466368616,0.2630995480976708,0.026532464748015627,0.0010550032675382681,1,BCC
IL_9734938,1,BCC,BCC,0.001472127580200322,0.9379258751869202,0.009415900567546487,0.005423053109552711,0.005850075714988634,0.0223552193492651,0.01734362030401826,0.0002141609729733318,1,BCC
IL_9737079,1,BCC,BCC,0.084364028647542,0.2712768144556321,0.15238815918564796,0.00025734081282280385,0.40593785321107134,0.07671188749372959,0.009018224198371172,4.57601563539356e-05,4,MEL
IL_9737107,5,NV,NV,0.00857311476374889,0.15256630443036556,0.2664780179038644,0.009119229442148935,0.019339162157848477,0.4986587017774582,0.03906096475930099,0.006204563784194761,5,NV
IL_9738941,1,BCC,BCC,0.27561523206532,0.38642939925193787,0.09603900229558349,0.009975784458220005,0.001220712307258509,0.22122887521982193,0.007573774113552645,0.0019171952735632658,1,BCC
IL_9746297,6,SCC,SCCKA,0.12753741815686226,0.08586542494595051,0.17741528525948524,0.006364772038068622,0.20268083782866597,0.16361883282661438,0.1374605840537697,0.09905679913936183,4,MEL
IL_9746868,1,BCC,BCC,0.0007382840922218747,0.5105173978954554,0.3964603045023978,6.344255325529957e-07,0.00011380140585970366,0.09207733441144228,2.364102783758426e-05,6.859461670671863e-05,1,BCC
IL_9746902,4,MEL,MEL,0.0013928458138252608,0.00013596883218269795,0.6513871252536774,0.000581471758778207,0.24853519350290298,0.09549811854958534,0.00022432429250329733,0.002244940781565674,2,BKL
IL_9749729,1,BCC,BCC,0.00037395012805063743,0.9761039912700653,0.0019582032109610736,4.0055682802631054e-05,0.0003935804998036474,0.019763462361879647,0.0013436272274702787,2.3088307898433413e-05,1,BCC
IL_9752629,1,BCC,BCC,0.010779894822917413,0.9623989164829254,0.014652545214630663,0.00037941936085417183,0.00043339388093954767,0.009212082484737039,0.0019455246729194187,0.0001981809073754448,1,BCC
IL_9753632,1,BCC,BCC,0.04463411495089531,0.3380684182047844,0.5217650681734085,0.0014002085226820782,0.010968516231514513,0.026150792837142944,0.0560091536026448,0.0010037476749857888,2,BKL
IL_9754542,1,BCC,BCC,0.0004910272837150842,0.0014281155890785158,0.3758706420776434,0.07294460065895692,0.007875908399000764,0.539575606584549,0.0006566609808942303,0.001157445542048663,5,NV
IL_9755215,1,BCC,BCC,0.30223724991083145,0.23266017343848944,0.12988727260380983,0.0002766185507425689,0.01017502925469671,0.32341430289670825,0.0012963316803507041,5.308936124492902e-05,5,NV
IL_9755525,2,BKL,BKL,0.001833320377045311,0.012488606520491885,0.6803523153066635,0.0001465232708142139,0.007888788590207696,0.2966463305056095,0.0006083618000047863,3.5748910704569425e-05,2,BKL
IL_9756229,1,BCC,BCC,0.011185928174199944,0.6379518955945969,0.04539195873076096,0.00010171008932857717,0.0002788984335779787,0.3039072924593711,0.0009435229567884562,0.00023880144753007926,1,BCC
IL_9758278,1,BCC,BCC,5.686921440428705e-06,0.629528135061264,0.0002857885992852971,9.107100197525142e-06,0.040937575708085205,0.3291711574420333,4.7616834308428224e-05,1.4923787446718961e-05,1,BCC
IL_9763780,2,BKL,BKL,0.0058705997944343835,0.00010797168624776532,0.7198714911937714,0.00024111349193844944,0.008605494047515094,0.19932868611067533,0.06533432575452025,0.00064033941271191,2,BKL
IL_9767273,1,BCC,BCC,0.08048431910719955,0.5022117234766483,0.05901048112718854,0.03314821617823327,0.20859998361993348,0.08199535238964017,0.031020514201372862,0.003529439791691402,1,BCC
IL_9769761,5,NV,NV,1.1090065299868002e-05,0.010269155274727382,0.22048007092962507,0.00014855234257993288,0.0012146537483204156,0.5845246613025665,2.589762277693808e-05,0.18332597633980185,5,NV
IL_9769772,1,BCC,BCC,0.014397768303751945,0.09193203411996365,0.6843196153640747,0.004670028109103441,0.14424864389002323,0.010693462449125946,0.04217469145078212,0.00756375165656209,2,BKL
IL_9770688,1,BCC,BCC,0.48802805226296186,0.357983716763556,0.0039235943695530295,7.855923740862636e-06,0.00011345169696141966,0.0017242884205188602,0.148212984771817,6.070938411539828e-06,0,AK
IL_9773637,1,BCC,BCC,0.0005586102952293004,0.8967056572437286,0.006758415431249887,0.00020681574824266136,0.0037132484139874578,0.02343152511457447,0.06844665650396564,0.00017908930749399588,1,BCC
IL_9775648,5,NV,NV,3.174121474103231e-06,6.964080739635392e-06,0.0012638301122933626,4.5800336465617875e-06,0.0028442473558243364,0.9958361387252808,3.904991672243341e-06,3.710615692398278e-05,5,NV
IL_9776504,1,BCC,BCC,0.040625228255521506,0.4242530334740877,0.3635725493077189,0.000833147467346862,0.003240084039134672,0.16549327969551086,0.0017419614887330681,0.00024071456027741078,1,BCC
IL_9777235,1,BCC,BCC,0.43864902714267373,0.5217261742800474,0.02088354609441012,0.001050174274496385,0.0022293681977316737,0.009849093054072,0.005448314128443599,0.0001643015075387666,1,BCC
IL_9778045,6,SCC,SCCKA,0.0022959668858675286,0.013344930928724352,0.014189944369718432,0.00230136736604436,0.052082303911447525,0.42042378056794405,0.4937639421550557,0.0015978437459978068,6,SCC
IL_9780716,1,BCC,BCC,0.06667255982756615,0.15099026262760162,0.022257623146288097,0.03664879029565782,0.0007678209658479318,0.5581730157136917,0.11331410333514214,0.05117577112832805,5,NV
IL_9782859,1,BCC,BCC,0.030243378481827676,0.4822867028415203,0.4272712953388691,0.001201911029056646,0.0017803866066969931,0.04744600597769022,0.009649331215769053,0.00012097255921617034,1,BCC
IL_9783662,1,BCC,BCC,0.04053963162004948,0.5651298761367798,0.12627950683236122,0.005878702737390995,0.005642172938678414,0.08856393583118916,0.16675642132759094,0.0012097183280275203,1,BCC
IL_9783995,7,VASC,VASC,1.9424659580477566e-08,9.445955878817358e-06,4.364585552973921e-07,8.67210056654244e-07,3.182996366035695e-05,3.67972519299542e-05,9.322294307161083e-09,0.9999205470085144,7,VASC
IL_9784446,1,BCC,BCC,0.4744282090687193,0.022659471800579922,0.08218027274051565,0.0011614047120094284,0.10815244765581156,0.3106002148706466,0.00030715051218521694,0.0005107700922764025,0,AK
IL_9785739,5,NV,NV,0.0005361222993087722,0.00018230097794003086,0.054088791584945284,0.0001908906124299392,0.035494670271873474,0.9089649617671967,0.00021750662835984258,0.00032471847589476965,5,NV
IL_9789875,1,BCC,BCC,0.08631734421942383,0.11240604147315025,0.05549935600720346,0.0022049616527510807,0.23033701474196278,0.24195816460996866,0.26965688561904244,0.0016202336773858406,6,SCC
IL_9790789,6,SCC,SCCKA,0.05010563088580966,0.7787881791591644,0.058668119705544086,0.009046592727827374,0.06202558855875395,0.023534872001619078,0.014883579278830439,0.002947428993252288,1,BCC
IL_9793806,1,BCC,BCC,0.006019147578626871,0.6989239752292633,0.077401407295838,0.0009822607207752299,0.000849165200634161,0.07006857544183731,0.14568525277445588,7.015925393716316e-05,1,BCC
IL_9797209,1,BCC,BCC,8.936228914535604e-05,0.4945825971662998,0.03490318276453763,0.0004765126432175748,0.0041101169772446156,0.00304426287766546,0.4624697184190154,0.00032424297057787044,1,BCC
IL_9801115,6,SCC,SCCKA,0.4444163687621767,0.0001334945018243161,0.0036607845104299486,0.00019107502225779172,0.5050671449862421,0.0002635042546899058,0.04611074295826256,0.00015687461529978464,4,MEL
IL_9801468,1,BCC,BCC,0.03911194670945406,0.4527331180870533,0.47418747283518314,0.00019658681412693113,0.0004164273923379369,0.029524339362978935,0.0034908780362457037,0.00033929171331692487,2,BKL
IL_9801518,1,BCC,BCC,0.0033036970999091864,0.4818814662285149,0.4385693942895159,0.005823433282785118,0.03712560422718525,0.016911669925320894,0.014403043256606907,0.0019816679996438324,1,BCC
IL_9803330,4,MEL,MEL,0.0002204852135037072,5.450836175668883e-05,0.6244165450334549,0.0002646465945872478,0.018432745710015297,0.35657912120223045,1.976500095679512e-05,1.2183589092273905e-05,2,BKL
IL_9809357,1,BCC,BCC,0.35257851611822844,0.14724724309053272,0.4554326311335899,0.0026530315826676087,0.03597380104474723,0.002664163359440863,0.0031317099928855896,0.0003188774498994462,2,BKL
IL_9809595,2,BKL,BKL,0.033919804031029344,0.3060233248397708,0.4957362115383148,0.009453691774979234,0.03513999469578266,0.05609512981027365,0.058369988575577736,0.005261862766928971,2,BKL
IL_9811180,1,BCC,BCC,0.2535781067563221,0.21631844714283943,0.0655252868309617,0.0008439866451226408,0.01273505249992013,0.36371137760579586,0.04531085235066712,0.04197689238935709,5,NV
IL_9813142,1,BCC,BCC,0.01440020021982491,0.46280407533049583,0.0201104047591798,0.0010788952640723437,0.017108006519265473,0.4257593755610287,0.05835333792492747,0.0003856567054754123,1,BCC
IL_9814557,2,BKL,BKL,0.33473357930779457,0.00034723744420261937,0.6193646788597107,0.0005830397894897033,0.033991762436926365,0.001970056735444814,0.008793972432613373,0.0002156611098484973,2,BKL
IL_9818681,0,AK,AKIEC,0.0009953907720046118,0.12847150850575417,0.07541746878996491,0.0026625750075410792,0.24841351515078713,0.013630606721335425,0.5301235765218735,0.0002853944805565334,6,SCC
IL_9822160,1,BCC,BCC,0.0007742248417343944,0.2821061313152313,0.2142708208411932,9.577298260410316e-05,0.0007750460645183921,0.08634010376408696,0.41553958936128765,9.83447753242217e-05,6,SCC
IL_9823804,1,BCC,BCC,0.02526541776023805,0.06576934456825256,0.0751001926837489,4.5999648136785254e-05,0.015323782339692116,0.3283475883945357,0.48988752789227874,0.0002601639207568951,6,SCC
IL_9826846,5,NV,NV,0.0002730001106101554,0.009959308115867316,0.008341098320670426,0.0043495851787156425,0.019787953235208988,0.9461696743965149,0.0003744500663742656,0.010744951108790701,5,NV
IL_9831268,1,BCC,BCC,0.0018280212534591556,0.69532710313797,0.19038313394412398,0.0013067277322988957,0.0021248639095574617,0.10111961449729279,0.007720235640590545,0.00019032899115245527,1,BCC
IL_9833477,1,BCC,BCC,0.06084990449016914,0.5031137750484049,0.016017040121369064,9.053167792494321e-05,6.778935662055119e-05,0.012834458568249829,0.4069089494803393,0.00011753454883112191,1,BCC
IL_9835654,1,BCC,BCC,0.00021484162107299198,0.49961091885052156,0.49910290483421704,1.176072061070954e-06,6.432185728044715e-05,0.0009836725075729191,2.1203042592787824e-05,9.501628213115509e-07,1,BCC
IL_9835714,1,BCC,BCC,0.0031171346781775355,0.4795290222391486,0.43957236409187317,0.00011146959002417134,0.0008426136391790351,0.07655785735551035,0.00016926421085372567,0.00010027593702943705,1,BCC
IL_9838418,1,BCC,BCC,0.0012412118499014468,0.7170135080814362,0.17510720249265432,0.0030010873888386413,0.002710241766180843,0.06225456576794386,0.03595966272587248,0.0027125423366669565,1,BCC
IL_9840660,3,DF,DF,3.5494871326591237e-06,3.642437150119804e-05,0.06520171836018562,0.9042032361030579,0.020442477834876627,0.007976459775818512,0.002132755602360703,3.372751393726503e-06,3,DF
IL_9840825,6,SCC,SCCKA,0.5868713781237602,0.007500431966036558,0.01841751579195261,0.002479100116588029,0.014993976568803191,0.00756880734115839,0.36198048599362664,0.0001882762182958686,0,AK
IL_9843383,5,NV,NV,6.175339080982667e-06,6.43509451947466e-05,8.788200648268685e-05,4.028548937640153e-05,0.03695806860923767,0.9626949727535248,3.0826595775579335e-05,0.00011744087169063278,5,NV
IL_9846683,1,BCC,BCC,0.013810832489980385,0.501943675801158,0.3422217508777976,0.00045299867633730173,0.00023167555809777696,0.1411878140643239,0.00011491354598547332,3.640662816906115e-05,1,BCC
IL_9855945,1,BCC,BCC,8.870135150118585e-05,0.16543685554279364,0.5105223869904876,6.199453084931861e-05,6.231970473891124e-05,0.32380227648536675,1.9946816564697656e-05,5.5183388241175635e-06,2,BKL
IL_9862724,5,NV,NV,1.4741080462954415e-06,0.00011063900912944291,0.007602543628308922,1.1115468169009546e-05,0.13269173225853592,0.859567403793335,1.9617460225163086e-06,1.3127144939062418e-05,5,NV
IL_9863241,1,BCC,BCC,0.0022600792290177196,0.8873521983623505,0.01863844139734283,0.0002745615056483075,0.001456570578739047,0.0033091334626078606,0.0847388227157353,0.0019701206038007513,1,BCC
IL_9871188,1,BCC,BCC,0.004602176020853221,0.9905458688735962,0.0017682778707239777,4.9218051572097465e-06,3.0215777769626584e-05,0.0030356375500559807,9.349166248284746e-06,3.562910080745496e-06,1,BCC
IL_9871748,1,BCC,BCC,0.013205210218984575,0.022789905309764436,0.8753768503665924,2.4056706081410084e-05,0.0005513019605132286,0.0769983753489214,0.011006764807916625,4.750652311713566e-05,2,BKL
IL_9875986,1,BCC,BCC,0.05906188569497317,0.31771611608564854,0.0038141145632835105,1.5111134416656569e-05,0.0017226465279236436,0.12672810605727136,0.49093226878392215,9.763039088284131e-06,6,SCC
IL_9876124,1,BCC,BCC,0.0068529180134646595,0.08330258168280125,0.19507148768752813,0.003875633549341728,0.04541482146305498,0.19228006433695555,0.4570761155337095,0.016126442467793822,6,SCC
IL_9877242,5,NV,NV,9.366899718088462e-07,3.2821778859215556e-06,0.0008421845500379277,9.40729773901694e-06,0.017152216052636504,0.9819821715354919,1.1021689374501875e-06,8.645252592032193e-06,5,NV
IL_9878565,4,MEL,MEL,0.008818826172500849,0.013458251225529239,0.3066732147708535,0.02606275724247098,0.4485911503434181,0.06907989969477057,0.12727370113134384,4.222835923428647e-05,4,MEL
IL_9880197,5,NV,NV,0.0028752196535606345,0.43541661696508527,0.03479824308305979,0.020838291849941015,0.0013165478012524545,0.5032939538359642,0.0001310262032347964,0.001330120700004045,5,NV
IL_9880889,5,NV,NV,8.196832698104117e-05,0.00013816236241837032,0.0018891204672399908,0.00043215964251430705,0.02623209683224559,0.9693268239498138,8.781307769822888e-05,0.0018118648149538785,5,NV
IL_9882271,1,BCC,BCC,0.0011260073515586555,0.4612933425232768,0.24288185685873032,0.0011046943250221375,0.06495528016239405,0.18478360027074814,0.04349326994270086,0.0003619670114858309,1,BCC
IL_9882527,1,BCC,BCC,0.006081702886149287,0.3136185179464519,0.4705740660429001,0.0032951474422588944,0.004320956883020699,0.19235264882445335,0.009389384737005457,0.0003675709231174551,2,BKL
IL_9886374,1,BCC,BCC,0.13206930627347901,0.4284330173395574,0.0854293555021286,0.005772515643911902,0.04876276012510061,0.26981968246400356,0.027523650787770748,0.0021896553298574872,1,BCC
IL_9890052,6,SCC,SCCKA,0.560257613658905,0.297974570421502,0.012463695835322142,0.0002826072814059444,0.01712372704059817,0.015766327851451933,0.09490291029214859,0.001228532535606064,0,AK
IL_9890068,4,MEL,MEL,6.484489321678666e-05,3.5538548672775505e-06,0.4888470885925926,2.245461382699432e-05,0.4288417330299126,0.08209879510104656,8.021419671422336e-05,4.1337686496945025e-05,2,BKL
IL_9891746,4,MEL,MEL,4.016469560497171e-06,0.00015467629621834789,0.0796169849618309,0.00010843186674236449,0.524799631908536,0.3947762253228575,2.714895913413784e-05,0.0005128937215204132,4,MEL
IL_9891948,1,BCC,BCC,0.11622890185390133,0.21994543926848564,0.5189273934811354,0.018091050129896757,0.007405572570860386,0.004253963066730648,0.050987944599910406,0.0641597098465354,2,BKL
IL_9895389,1,BCC,BCC,0.0018231113790534437,0.7251141220331192,0.00373645153013058,0.0001408355892635882,0.005250990390777588,0.0003230608854210004,0.2634107950143516,0.00020060543465660885,1,BCC
IL_9897440,5,NV,NV,8.56461903424588e-05,0.007648670427442994,0.03260792884975672,0.0009065876083695912,0.02182430401444435,0.9351445734500885,0.0007511307981076243,0.0010311706237189355,5,NV
IL_9897493,4,MEL,MEL,5.798156649916564e-05,2.6247318601235747e-05,0.4723174162209034,3.3040984362742165e-05,0.4796401895582676,0.04784462135285139,4.0856707641978574e-05,3.9626079797017155e-05,4,MEL
IL_9897745,1,BCC,BCC,0.006029781419783831,0.9537610411643982,0.0005586511106230319,2.1710558684162606e-06,0.0002314489993295865,2.984573370667931e-05,0.039386472664773464,5.848720405765562e-07,1,BCC
IL_9899181,1,BCC,BCC,0.0003725121846400725,0.8290108144283295,0.08969897188393361,0.0030786206496209445,0.03981878852891896,0.02682186224387806,0.011130615974479952,6.782327585597159e-05,1,BCC
IL_9900993,7,VASC,VASC,0.008329317861353047,0.3655296564102173,0.23656129464507103,0.031639006338082254,0.03497129771858454,0.08481552451848984,0.09506997128482908,0.14308392256498337,1,BCC
IL_9901727,1,BCC,BCC,0.04264942475128919,0.38218342140316963,0.08075016702059656,9.451931646253797e-06,0.0005818234421894886,0.011686179303069366,0.4820929723791778,4.6548954287573e-05,6,SCC
IL_9904066,1,BCC,BCC,0.00012649319432966877,0.20963720232248306,0.21584982238709927,0.0026278313889633864,0.0021879858104512095,0.14434455048467498,0.42520049400627613,2.5565058081156167e-05,6,SCC
IL_9906157,1,BCC,BCC,0.004331564356107265,0.6442549228668213,0.022583364218007773,0.04527391405068215,0.177634198656051,0.10315832169726491,0.0022813738187323906,0.0004823137357234941,1,BCC
IL_9912061,0,AK,AKIEC,0.11587364040315151,0.0012700345323537476,0.6994654983282089,0.0020867297425866127,0.028167488984763622,0.019254577811807394,0.13283650379162282,0.0010454538860358298,2,BKL
IL_9914605,1,BCC,BCC,0.0010479809352546,0.3065887396369362,0.1871848963201046,6.139857077869237e-06,0.001544984542306338,0.5035370774567127,2.9761920359305805e-05,6.039633444743231e-05,5,NV
IL_9916872,1,BCC,BCC,0.11105246513216116,0.05030419863760471,0.6880866587162018,0.0037926235183931567,0.06883801519870758,0.05130116734653711,0.024637967506350833,0.0019868493764079176,2,BKL
IL_9917047,1,BCC,BCC,0.014933871338143945,0.760645717382431,0.042446100851520896,0.019185825009117252,0.08590077818371356,0.05220911273499951,0.012176038231700659,0.012502486089942977,1,BCC
IL_9917624,1,BCC,BCC,0.0002747421822277829,0.2942716309335083,0.6782683879137039,8.456479281448992e-05,0.00025878269525492215,0.025606864131987095,0.0010945881658699363,0.00014046432534087216,2,BKL
IL_9917899,1,BCC,BCC,0.0034802480404323433,0.6253601759672165,0.3001471245152061,6.515229436487857e-05,0.025873233535094187,0.043654201303070295,0.001174330827780068,0.0002455171270412393,1,BCC
IL_9921206,2,BKL,BKL,0.008362498807400698,0.020416151732206345,0.3836081385379657,0.001386583815474296,0.005357758331228979,0.06760267332720105,0.5130605734884739,0.00020563066133405528,6,SCC
IL_9923635,1,BCC,BCC,2.456809215800604e-05,0.500817934400402,0.005885450234927703,0.0003409570819314922,0.003850621612400573,0.018515213028877042,1.4044601471141505e-05,0.47055116235787864,1,BCC
IL_9924772,2,BKL,BKL,0.00023857008636696264,4.450494816410355e-05,0.9946995675563812,2.0178132999149057e-05,0.0008189196823877865,0.003899973089573905,0.00024756207858445123,3.076812018321107e-05,2,BKL
IL_9925364,1,BCC,BCC,0.004665758780902252,0.46838548430241644,0.49504211405292153,0.00020090656289539766,0.001983995314731146,0.016564534977078438,0.011801789860328427,0.0013553392527683172,2,BKL
IL_9926530,5,NV,NV,0.0001441212410249193,0.0003759067021746887,0.008505658712238073,0.0006790631903186295,0.19312075851485133,0.7927065789699554,0.000750465520866328,0.0037174676494942105,5,NV
IL_9936896,5,NV,NV,1.1534255577316799e-06,4.890442096439074e-05,0.0050216964446008205,4.392068558445317e-05,0.000398891294025816,0.9944648742675781,2.6473372827240382e-06,1.7965446204470936e-05,5,NV
IL_9940572,2,BKL,BKL,0.4723430313169956,0.0009911387824104168,0.07887312164530158,0.0007591023022541776,0.0014931305195204914,0.0014385929971467704,0.4436562838964164,0.0004454939225979615,0,AK
IL_9941625,5,NV,NV,0.00022962019380656784,0.00014949495152905,0.09198714327067137,0.0007125476586224977,0.04797502979636192,0.8578018844127655,0.0002576400825091696,0.0008866020598361501,5,NV
IL_9941677,1,BCC,BCC,0.012408494090777822,0.012928980868309736,0.47688809037208557,0.005954877953627147,0.3549415022134781,0.13061184156686068,0.0061182735953480005,0.00014791453577345237,2,BKL
IL_9942096,4,MEL,MEL,0.00017551182298802814,6.400856409527478e-05,0.9297100603580475,0.00024808492617012234,0.06408144347369671,0.005500020459294319,0.00020518710243777605,1.5671317100895976e-05,2,BKL
IL_9943319,5,NV,NV,3.83416572447004e-06,9.747055487174805e-06,0.009885565659715212,4.43508323826336e-05,0.040864462964236736,0.9491366744041443,1.756846164369108e-05,3.785597800742835e-05,5,NV
IL_9943627,1,BCC,BCC,0.43628605284175137,0.4174830336123705,0.023356622346909717,0.0007664449494768633,0.09327780455350876,0.024589884444139898,0.0040271210600622,0.00021303860359012106,0,AK
IL_9944302,5,NV,NV,1.3554324382880623e-06,3.6316764635557774e-06,0.0034427426962793106,3.8963917177170515e-05,0.18592165698646568,0.8105676472187042,2.4449413729144e-06,2.1574569586846337e-05,5,NV
IL_9944816,1,BCC,BCC,0.016256185743259266,0.509627427905798,0.020294823276344687,0.0011736289798136568,0.03025136160067632,0.41893655667081475,0.0012726759305223823,0.0021873066980333533,1,BCC
IL_9947908,1,BCC,BCC,0.04135183850303292,0.49710652232170105,0.2525917887687683,0.010343578236643225,0.006294312363024801,0.029352379497140646,0.16267376020550728,0.00028580057551153004,1,BCC
IL_9949464,2,BKL,BKL,0.4369976273737848,7.824704044878672e-05,0.47380629926919937,3.404737071832642e-06,0.07719282973994268,0.011865009379107505,5.3578565712086856e-05,2.9636293561452476e-06,2,BKL
IL_9950953,2,BKL,BKL,0.0275168942680466,0.0002106321062456118,0.6192803680896759,0.0024499478186044144,0.0021780344359285664,0.008000710746273398,0.3403143100440502,4.909971157474047e-05,2,BKL
IL_9951114,5,NV,NV,3.169454623019874e-05,0.00870037699003845,0.005658785588821047,0.00045039472675512116,0.09759451542049646,0.8843990862369537,0.0008210394394154719,0.0023441484484578723,5,NV
IL_9958247,4,MEL,MEL,7.304864993784577e-06,1.682729771346203e-05,0.03217109384422656,1.686413088464178e-05,0.8300596177577972,0.1374782184138894,1.5016012184787542e-05,0.0002351019975321833,4,MEL
IL_9961015,5,NV,NV,5.1319968148888506e-05,0.009831193651464787,0.006153055229333404,0.0013006729591324984,0.018641747999936342,0.9639042913913727,7.863544591613092e-05,3.914702972451778e-05,5,NV
IL_9962218,1,BCC,BCC,0.028955386846973852,0.6178252398967743,0.09186319727450609,0.017506753634734196,0.0076775175402872264,0.1564304493367672,0.0018986544746439904,0.07784277095925063,1,BCC
IL_9963930,1,BCC,BCC,0.36692099734500516,0.5287943631410599,0.005235371383605525,0.010252195384055085,0.03397892122666235,0.00684799992814078,0.04762266937177628,0.0003475564725476943,1,BCC
IL_9965908,1,BCC,BCC,0.16077528248206363,0.04452863405458629,0.6718257963657379,0.0005683321796823293,0.0012900158326374367,0.08481112215667963,0.03618216426548315,1.869218272076978e-05,2,BKL
IL_9968206,2,BKL,BKL,0.00016748146299505606,0.00024005720479181036,0.4927770779468119,2.090887710437528e-05,0.42691347980871797,0.0790201723575592,0.0007569844274257775,0.0001039146154653281,2,BKL
IL_9972566,1,BCC,BCC,0.023861541319092794,0.5068391244858503,0.1932401349531574,0.0012784831089902582,0.031287641078961315,0.23094109789076356,9.174800470646005e-05,0.012460235517047558,1,BCC
IL_9974051,1,BCC,BCC,0.006850029199995333,0.42080358415842056,0.016023763921111822,0.19293261428538244,0.08779465812949638,0.21681389212608337,0.04801066260552034,0.010770800858153962,1,BCC
IL_9977217,1,BCC,BCC,0.0026476294628992036,0.4947696168674156,0.36560790695875767,0.0034765235541271977,0.040512520712582045,0.08688758680364117,0.005764746747445315,0.00033346565327008193,1,BCC
IL_9978605,1,BCC,BCC,0.22865027864463627,0.011414446868002415,0.6173591464757919,0.0008852375322021544,0.03917160312994383,0.016650652512907982,0.0856160968542099,0.00025254384308937006,2,BKL
IL_9980113,0,AK,AKIEC,0.007379707676591352,0.00021810333601024467,0.9347432255744934,0.0008383413825896469,0.0034371935319086333,0.04477223309368128,0.008324495125634712,0.00028666120076081825,2,BKL
IL_9980498,2,BKL,BKL,0.002344609296415001,0.4872718785481993,0.47233186289668083,0.0029912057507317513,0.004330533265601844,0.02476837410358712,0.005934426910243928,2.712536479521077e-05,1,BCC
IL_9980694,1,BCC,BCC,0.4457123284228146,0.5081638898700476,0.012375112637528218,1.870271211146246e-05,0.020856855968304444,0.00904093044664478,0.003311933091026731,0.0005202343238579488,1,BCC
IL_9982376,6,SCC,SCCKA,0.0014704546756547643,0.009911639528581873,0.46386389435201636,0.0006281713518632159,0.0089324970740563,0.012919866741704311,0.5017962793353945,0.00047719016629521605,6,SCC
IL_9982426,6,SCC,SCCKA,0.02963339164853096,0.0596474734666117,0.036479319534294063,0.002000721481635992,0.04572098051994544,0.009767722630414255,0.8161467015743256,0.0006036739599522001,6,SCC
IL_9983052,0,AK,AKIEC,0.01124648511394355,0.0312960581520656,0.3512574612395838,0.0001525866276139709,0.005432140027551213,0.05554749276916482,0.5448102578520775,0.000257490243588121,6,SCC
IL_9983114,2,BKL,BKL,0.03292234102264047,0.06018086208496243,0.48548005521297455,0.007197329716291279,0.004742152581457049,0.269125759601593,0.13952326588332653,0.0008282790113298688,2,BKL
IL_9984501,1,BCC,BCC,0.028215070113219554,0.501153213204816,0.17557700046745595,0.006070438075212792,0.11978528538315913,0.16349045935930917,0.005265776970190927,0.0004427969764719819,1,BCC
IL_9984758,1,BCC,BCC,0.017449267803385737,0.9097247123718262,0.01343834470026195,0.005870111868716776,0.009837403835263103,0.024222460109740496,0.017809459241107106,0.0016482716891914606,1,BCC
IL_9987263,5,NV,NV,0.0020521133046713658,0.00014765974378860847,0.06368863745592535,0.0005764133966295049,0.08469507470726967,0.8467758595943451,0.0004958008248650003,0.0015684845275245607,5,NV
IL_9991092,1,BCC,BCC,0.35290156537666917,0.32627978548407555,0.02864131610840559,0.01213558902963996,0.15484200417995453,0.11498281732201576,0.009703705087304115,0.0005131727084517479,0,AK
IL_9991953,4,MEL,MEL,0.0017400141805410385,0.03800781175959855,0.27503278851509094,0.08570842164590431,0.3476932533085346,0.0573873738758266,0.194390419870615,3.988596654380672e-05,4,MEL
IL_9992890,1,BCC,BCC,0.048998183457115374,0.45606478303670883,0.2418844923377037,0.0008100605761001134,0.016432173717475962,0.22835201118141413,0.002813668266753666,0.004644636950615677,1,BCC
IL_9993432,4,MEL,MEL,1.1533968233834457e-06,1.6677553162480763e-05,0.00038940988440572255,0.00015122553895707824,0.7308844923973083,0.2685467777773738,7.136021196174624e-07,9.572442536409653e-06,4,MEL
IL_9994739,6,SCC,SCCKA,0.012898535118438303,0.0008354861929547042,0.07498637959361076,0.00045640360258403234,0.12577159091597423,0.021092651644721627,0.7639236152172089,3.5269603813503636e-05,6,SCC
IL_9995614,4,MEL,MEL,0.02945010713847296,0.011237031314522028,0.004318843130022287,0.00231643322877062,0.4173508790554479,0.5292885825037956,0.005635188361338805,0.0004030047701917283,5,NV
IL_9998211,5,NV,NV,0.004830824662349187,0.0003995143088104669,0.044499013587483205,0.00637702364474535,0.19441944360733032,0.7472516596317291,0.000990580505458638,0.0012319274246692657,5,NV
